<?xml version="1.0" encoding="UTF-8"?>
<gpx creator="StravaGPX" version="1.1" xmlns="http://www.topografix.com/GPX/1/1" xmlns:xsi="http://www.w3.org/2001/XMLSchema-instance" xsi:schemaLocation="http://www.topografix.com/GPX/1/1 http://www.topografix.com/GPX/1/1/gpx.xsd">
 <metadata>
  <name>IRONMAN California - ZOOT Bike Course</name>
  <author>
   <name>IRONMAN North America Admin</name>
   <link href="https://www.strava.com/athletes/152522621"/>
  </author>
  <copyright author="OpenStreetMap contributors">
   <year>2020</year>
   <license>https://www.openstreetmap.org/copyright</license>
  </copyright>
  <link href="https://www.strava.com/routes/3317377502787465478"/>
 </metadata>
 <trk>
  <name>IRONMAN California - ZOOT Bike Course</name>
  <link href="https://www.strava.com/routes/3317377502787465478"/>
  <type>cycling</type>
  <trkseg>
   <trkpt lat="38.57987" lon="-121.51162000000001">
    <ele>10.98</ele>
   </trkpt>
   <trkpt lat="38.57983" lon="-121.51179">
    <ele>11.11</ele>
   </trkpt>
   <trkpt lat="38.57965" lon="-121.51179">
    <ele>11.11</ele>
   </trkpt>
   <trkpt lat="38.57949" lon="-121.51183">
    <ele>11.15</ele>
   </trkpt>
   <trkpt lat="38.578867501719245" lon="-121.51220000963646">
    <ele>11.35</ele>
   </trkpt>
   <trkpt lat="38.578245002273654" lon="-121.51257001285953">
    <ele>11.1</ele>
   </trkpt>
   <trkpt lat="38.577622501663285" lon="-121.51294000966945">
    <ele>11.200000000000001</ele>
   </trkpt>
   <trkpt lat="38.577000000000005" lon="-121.51331">
    <ele>11.02</ele>
   </trkpt>
   <trkpt lat="38.57672" lon="-121.51348000000002">
    <ele>11.1</ele>
   </trkpt>
   <trkpt lat="38.576330000000006" lon="-121.5138">
    <ele>10.77</ele>
   </trkpt>
   <trkpt lat="38.57581000151802" lon="-121.51439500429336">
    <ele>10.71</ele>
   </trkpt>
   <trkpt lat="38.57529" lon="-121.51499000000001">
    <ele>10.540000000000001</ele>
   </trkpt>
   <trkpt lat="38.574660002422945" lon="-121.5157350064603">
    <ele>10.16</ele>
   </trkpt>
   <trkpt lat="38.57403" lon="-121.51648000000002">
    <ele>9.680000000000001</ele>
   </trkpt>
   <trkpt lat="38.57454000235996" lon="-121.51721999479076">
    <ele>8.71</ele>
   </trkpt>
   <trkpt lat="38.575050000000005" lon="-121.51796000000002">
    <ele>8.360000000000001</ele>
   </trkpt>
   <trkpt lat="38.57431500111465" lon="-121.51851000575603">
    <ele>7.180000000000001</ele>
   </trkpt>
   <trkpt lat="38.57358" lon="-121.51906000000001">
    <ele>8.200000000000001</ele>
   </trkpt>
   <trkpt lat="38.57287" lon="-121.51953">
    <ele>7.59</ele>
   </trkpt>
   <trkpt lat="38.57217" lon="-121.51996000000001">
    <ele>7.5600000000000005</ele>
   </trkpt>
   <trkpt lat="38.57172500037804" lon="-121.52029000210715">
    <ele>7.82</ele>
   </trkpt>
   <trkpt lat="38.57128" lon="-121.52062000000001">
    <ele>8.68</ele>
   </trkpt>
   <trkpt lat="38.57135" lon="-121.52055000000001">
    <ele>7.7</ele>
   </trkpt>
   <trkpt lat="38.57063000588231" lon="-121.52123002046042">
    <ele>11.070000000000002</ele>
   </trkpt>
   <trkpt lat="38.56991000783046" lon="-121.52191002729202">
    <ele>12.06</ele>
   </trkpt>
   <trkpt lat="38.56919000584461" lon="-121.52259002049531">
    <ele>11.840000000000002</ele>
   </trkpt>
   <trkpt lat="38.568470000000005" lon="-121.52327000000001">
    <ele>12.010000000000002</ele>
   </trkpt>
   <trkpt lat="38.567890000000006" lon="-121.52371000000001">
    <ele>11.98</ele>
   </trkpt>
   <trkpt lat="38.56768" lon="-121.52379">
    <ele>12.06</ele>
   </trkpt>
   <trkpt lat="38.567440000000005" lon="-121.52388">
    <ele>12.06</ele>
   </trkpt>
   <trkpt lat="38.56725" lon="-121.52392">
    <ele>12.08</ele>
   </trkpt>
   <trkpt lat="38.566700000000004" lon="-121.52396000000002">
    <ele>12.110000000000001</ele>
   </trkpt>
   <trkpt lat="38.56644" lon="-121.52388">
    <ele>12.110000000000001</ele>
   </trkpt>
   <trkpt lat="38.56627" lon="-121.52384">
    <ele>12.110000000000001</ele>
   </trkpt>
   <trkpt lat="38.565900000000006" lon="-121.52371000000001">
    <ele>12.450000000000001</ele>
   </trkpt>
   <trkpt lat="38.565780000000004" lon="-121.52363000000001">
    <ele>12.450000000000001</ele>
   </trkpt>
   <trkpt lat="38.56557" lon="-121.52352">
    <ele>12.540000000000001</ele>
   </trkpt>
   <trkpt lat="38.565400000000004" lon="-121.52345000000001">
    <ele>12.66</ele>
   </trkpt>
   <trkpt lat="38.56505000000001" lon="-121.52342000000002">
    <ele>12.910000000000002</ele>
   </trkpt>
   <trkpt lat="38.56423666666479" lon="-121.52339999954718">
    <ele>13.580000000000002</ele>
   </trkpt>
   <trkpt lat="38.56342333332617" lon="-121.52337999954706">
    <ele>13.83</ele>
   </trkpt>
   <trkpt lat="38.56261000000001" lon="-121.52336000000001">
    <ele>13.290000000000001</ele>
   </trkpt>
   <trkpt lat="38.56248" lon="-121.52338">
    <ele>13.160000000000002</ele>
   </trkpt>
   <trkpt lat="38.56223000000001" lon="-121.52337000000001">
    <ele>13.09</ele>
   </trkpt>
   <trkpt lat="38.562000000000005" lon="-121.52340000000001">
    <ele>13.110000000000001</ele>
   </trkpt>
   <trkpt lat="38.561115000089416" lon="-121.52340000000001">
    <ele>13.36</ele>
   </trkpt>
   <trkpt lat="38.560230000000004" lon="-121.52340000000001">
    <ele>13.030000000000001</ele>
   </trkpt>
   <trkpt lat="38.560010000000005" lon="-121.52338">
    <ele>12.89</ele>
   </trkpt>
   <trkpt lat="38.55951499990308" lon="-121.52338500003542">
    <ele>12.120000000000001</ele>
   </trkpt>
   <trkpt lat="38.559020000000004" lon="-121.52339">
    <ele>11.540000000000001</ele>
   </trkpt>
   <trkpt lat="38.55888" lon="-121.52338">
    <ele>10.77</ele>
   </trkpt>
   <trkpt lat="38.5585" lon="-121.5233">
    <ele>10.16</ele>
   </trkpt>
   <trkpt lat="38.55836" lon="-121.52336000000001">
    <ele>9.79</ele>
   </trkpt>
   <trkpt lat="38.5583" lon="-121.52347">
    <ele>9.330000000000002</ele>
   </trkpt>
   <trkpt lat="38.558260000000004" lon="-121.52352">
    <ele>9.330000000000002</ele>
   </trkpt>
   <trkpt lat="38.558150000000005" lon="-121.52352">
    <ele>9.02</ele>
   </trkpt>
   <trkpt lat="38.55807" lon="-121.52343">
    <ele>9.02</ele>
   </trkpt>
   <trkpt lat="38.557570000000005" lon="-121.52325">
    <ele>7.42</ele>
   </trkpt>
   <trkpt lat="38.55713" lon="-121.52303">
    <ele>6.42</ele>
   </trkpt>
   <trkpt lat="38.55656666774711" lon="-121.52266999434356">
    <ele>5.66</ele>
   </trkpt>
   <trkpt lat="38.55600333439172" lon="-121.52230999432955">
    <ele>5.2</ele>
   </trkpt>
   <trkpt lat="38.555440000000004" lon="-121.52195">
    <ele>4.880000000000001</ele>
   </trkpt>
   <trkpt lat="38.55519" lon="-121.52181000000002">
    <ele>4.87</ele>
   </trkpt>
   <trkpt lat="38.55498" lon="-121.52173">
    <ele>4.95</ele>
   </trkpt>
   <trkpt lat="38.55481" lon="-121.52176000000001">
    <ele>5.050000000000001</ele>
   </trkpt>
   <trkpt lat="38.554790000000004" lon="-121.52182">
    <ele>5.050000000000001</ele>
   </trkpt>
   <trkpt lat="38.554730000000006" lon="-121.52187">
    <ele>5.090000000000001</ele>
   </trkpt>
   <trkpt lat="38.554680000000005" lon="-121.52191">
    <ele>5.090000000000001</ele>
   </trkpt>
   <trkpt lat="38.55462" lon="-121.52191">
    <ele>5.090000000000001</ele>
   </trkpt>
   <trkpt lat="38.55453" lon="-121.52183000000001">
    <ele>5.090000000000001</ele>
   </trkpt>
   <trkpt lat="38.55451" lon="-121.52179000000001">
    <ele>5.090000000000001</ele>
   </trkpt>
   <trkpt lat="38.55429" lon="-121.52165000000001">
    <ele>4.94</ele>
   </trkpt>
   <trkpt lat="38.5538100002167" lon="-121.5214199984604">
    <ele>5.1000000000000005</ele>
   </trkpt>
   <trkpt lat="38.55333" lon="-121.52119">
    <ele>5.29</ele>
   </trkpt>
   <trkpt lat="38.55295" lon="-121.52092">
    <ele>5.1000000000000005</ele>
   </trkpt>
   <trkpt lat="38.552800000000005" lon="-121.52079">
    <ele>5.1000000000000005</ele>
   </trkpt>
   <trkpt lat="38.552290000000006" lon="-121.52022000000001">
    <ele>5.16</ele>
   </trkpt>
   <trkpt lat="38.551930000000006" lon="-121.51966000000002">
    <ele>5.2</ele>
   </trkpt>
   <trkpt lat="38.55169" lon="-121.51936">
    <ele>5.07</ele>
   </trkpt>
   <trkpt lat="38.55156" lon="-121.51926000000002">
    <ele>5.0200000000000005</ele>
   </trkpt>
   <trkpt lat="38.551500000000004" lon="-121.51912000000002">
    <ele>5.0200000000000005</ele>
   </trkpt>
   <trkpt lat="38.550740000000005" lon="-121.51872000000002">
    <ele>5.34</ele>
   </trkpt>
   <trkpt lat="38.550430000000006" lon="-121.51851">
    <ele>5.37</ele>
   </trkpt>
   <trkpt lat="38.54962000191795" lon="-121.51802998916061">
    <ele>5.410000000000001</ele>
   </trkpt>
   <trkpt lat="38.548810001875985" lon="-121.51754998913594">
    <ele>5.15</ele>
   </trkpt>
   <trkpt lat="38.548" lon="-121.51707">
    <ele>5.11</ele>
   </trkpt>
   <trkpt lat="38.54755" lon="-121.51686000000001">
    <ele>5.16</ele>
   </trkpt>
   <trkpt lat="38.547230000000006" lon="-121.51677000000001">
    <ele>5.13</ele>
   </trkpt>
   <trkpt lat="38.546960000000006" lon="-121.51675000000002">
    <ele>5.180000000000001</ele>
   </trkpt>
   <trkpt lat="38.54652" lon="-121.51675000000002">
    <ele>5.1000000000000005</ele>
   </trkpt>
   <trkpt lat="38.546260000000004" lon="-121.51677000000001">
    <ele>5.07</ele>
   </trkpt>
   <trkpt lat="38.54574" lon="-121.51694">
    <ele>5.21</ele>
   </trkpt>
   <trkpt lat="38.54552" lon="-121.51703">
    <ele>5.25</ele>
   </trkpt>
   <trkpt lat="38.544920000000005" lon="-121.51737000000001">
    <ele>5.140000000000001</ele>
   </trkpt>
   <trkpt lat="38.544360000000005" lon="-121.51772000000001">
    <ele>5.19</ele>
   </trkpt>
   <trkpt lat="38.54437" lon="-121.51771000000001">
    <ele>5.19</ele>
   </trkpt>
   <trkpt lat="38.54404" lon="-121.51801">
    <ele>5.29</ele>
   </trkpt>
   <trkpt lat="38.54341" lon="-121.51882">
    <ele>5.17</ele>
   </trkpt>
   <trkpt lat="38.542880000000004" lon="-121.51927">
    <ele>5.59</ele>
   </trkpt>
   <trkpt lat="38.542480000000005" lon="-121.51950000000001">
    <ele>5.85</ele>
   </trkpt>
   <trkpt lat="38.54192500030684" lon="-121.51979000226439">
    <ele>5.840000000000001</ele>
   </trkpt>
   <trkpt lat="38.54137" lon="-121.52008000000001">
    <ele>5.620000000000001</ele>
   </trkpt>
   <trkpt lat="38.540760000529374" lon="-121.52043000296356">
    <ele>5.95</ele>
   </trkpt>
   <trkpt lat="38.540150000000004" lon="-121.52078000000002">
    <ele>6.260000000000001</ele>
   </trkpt>
   <trkpt lat="38.539570000000005" lon="-121.52115">
    <ele>6.49</ele>
   </trkpt>
   <trkpt lat="38.539010000000005" lon="-121.5216">
    <ele>6.300000000000001</ele>
   </trkpt>
   <trkpt lat="38.53875" lon="-121.52190000000002">
    <ele>6.300000000000001</ele>
   </trkpt>
   <trkpt lat="38.538450000000005" lon="-121.52227">
    <ele>6.430000000000001</ele>
   </trkpt>
   <trkpt lat="38.53801" lon="-121.5229">
    <ele>6.540000000000001</ele>
   </trkpt>
   <trkpt lat="38.53761" lon="-121.52371000000001">
    <ele>6.470000000000001</ele>
   </trkpt>
   <trkpt lat="38.537330000000004" lon="-121.5245">
    <ele>6.23</ele>
   </trkpt>
   <trkpt lat="38.53707" lon="-121.52557000000002">
    <ele>6.37</ele>
   </trkpt>
   <trkpt lat="38.53693000228902" lon="-121.52629500113304">
    <ele>6.48</ele>
   </trkpt>
   <trkpt lat="38.53679" lon="-121.52702000000001">
    <ele>6.37</ele>
   </trkpt>
   <trkpt lat="38.53663" lon="-121.5276">
    <ele>6.2</ele>
   </trkpt>
   <trkpt lat="38.53638" lon="-121.52822">
    <ele>5.890000000000001</ele>
   </trkpt>
   <trkpt lat="38.53585" lon="-121.52902000000002">
    <ele>5.840000000000001</ele>
   </trkpt>
   <trkpt lat="38.53521500963719" lon="-121.5296933630532">
    <ele>6.12</ele>
   </trkpt>
   <trkpt lat="38.53458001541794" lon="-121.53036671421933">
    <ele>6.010000000000001</ele>
   </trkpt>
   <trkpt lat="38.533945017342425" lon="-121.5310400534988">
    <ele>5.94</ele>
   </trkpt>
   <trkpt lat="38.533310015410784" lon="-121.53171338089203">
    <ele>5.710000000000001</ele>
   </trkpt>
   <trkpt lat="38.532675009623205" lon="-121.53238669639944">
    <ele>5.450000000000001</ele>
   </trkpt>
   <trkpt lat="38.53204" lon="-121.53306">
    <ele>5.64</ele>
   </trkpt>
   <trkpt lat="38.5317" lon="-121.53329000000001">
    <ele>5.9</ele>
   </trkpt>
   <trkpt lat="38.53100750163707" lon="-121.53365001040301">
    <ele>5.94</ele>
   </trkpt>
   <trkpt lat="38.53031500217185" lon="-121.53401001387613">
    <ele>5.68</ele>
   </trkpt>
   <trkpt lat="38.529622501604365" lon="-121.53437001041968">
    <ele>5.59</ele>
   </trkpt>
   <trkpt lat="38.52893" lon="-121.53473000000001">
    <ele>5.670000000000001</ele>
   </trkpt>
   <trkpt lat="38.528256667873286" lon="-121.53509667349431">
    <ele>5.140000000000001</ele>
   </trkpt>
   <trkpt lat="38.5275833346031" lon="-121.53546334012648">
    <ele>5.11</ele>
   </trkpt>
   <trkpt lat="38.52691" lon="-121.53583">
    <ele>4.930000000000001</ele>
   </trkpt>
   <trkpt lat="38.52673" lon="-121.53596">
    <ele>4.91</ele>
   </trkpt>
   <trkpt lat="38.52646" lon="-121.53623">
    <ele>4.840000000000001</ele>
   </trkpt>
   <trkpt lat="38.52617" lon="-121.53655">
    <ele>4.880000000000001</ele>
   </trkpt>
   <trkpt lat="38.52591" lon="-121.53691">
    <ele>5.07</ele>
   </trkpt>
   <trkpt lat="38.525780000000005" lon="-121.53714000000001">
    <ele>5.33</ele>
   </trkpt>
   <trkpt lat="38.525560000000006" lon="-121.53767">
    <ele>5.49</ele>
   </trkpt>
   <trkpt lat="38.52537" lon="-121.53843">
    <ele>5.73</ele>
   </trkpt>
   <trkpt lat="38.52532" lon="-121.53889000000001">
    <ele>5.800000000000001</ele>
   </trkpt>
   <trkpt lat="38.525310000000005" lon="-121.53928">
    <ele>5.800000000000001</ele>
   </trkpt>
   <trkpt lat="38.525330000000004" lon="-121.53960000000001">
    <ele>5.69</ele>
   </trkpt>
   <trkpt lat="38.52537" lon="-121.53995">
    <ele>5.69</ele>
   </trkpt>
   <trkpt lat="38.525470000000006" lon="-121.54053">
    <ele>5.38</ele>
   </trkpt>
   <trkpt lat="38.52552" lon="-121.54104000000001">
    <ele>5.3100000000000005</ele>
   </trkpt>
   <trkpt lat="38.525510000000004" lon="-121.54152">
    <ele>5.17</ele>
   </trkpt>
   <trkpt lat="38.525450000000006" lon="-121.54202000000001">
    <ele>4.99</ele>
   </trkpt>
   <trkpt lat="38.525330000000004" lon="-121.54251000000001">
    <ele>4.95</ele>
   </trkpt>
   <trkpt lat="38.52519" lon="-121.54291">
    <ele>4.83</ele>
   </trkpt>
   <trkpt lat="38.525090000000006" lon="-121.54314000000001">
    <ele>4.83</ele>
   </trkpt>
   <trkpt lat="38.524770000000004" lon="-121.54371">
    <ele>5.04</ele>
   </trkpt>
   <trkpt lat="38.52449" lon="-121.54429">
    <ele>5.280000000000001</ele>
   </trkpt>
   <trkpt lat="38.524260000000005" lon="-121.54483">
    <ele>5.4</ele>
   </trkpt>
   <trkpt lat="38.523900000000005" lon="-121.54586">
    <ele>5.37</ele>
   </trkpt>
   <trkpt lat="38.523700000000005" lon="-121.54631">
    <ele>5.25</ele>
   </trkpt>
   <trkpt lat="38.52355" lon="-121.54658">
    <ele>5.0600000000000005</ele>
   </trkpt>
   <trkpt lat="38.52329" lon="-121.54702">
    <ele>4.99</ele>
   </trkpt>
   <trkpt lat="38.52295000079099" lon="-121.54747000221863">
    <ele>4.79</ele>
   </trkpt>
   <trkpt lat="38.52261" lon="-121.54792">
    <ele>4.580000000000001</ele>
   </trkpt>
   <trkpt lat="38.522400000000005" lon="-121.54828">
    <ele>4.66</ele>
   </trkpt>
   <trkpt lat="38.522180000000006" lon="-121.54873">
    <ele>4.94</ele>
   </trkpt>
   <trkpt lat="38.5218433523832" lon="-121.54967668881831">
    <ele>5.4</ele>
   </trkpt>
   <trkpt lat="38.52150669714458" lon="-121.55062336878062">
    <ele>4.95</ele>
   </trkpt>
   <trkpt lat="38.52117003428432" lon="-121.55157003988691">
    <ele>4.9799999999999995</ele>
   </trkpt>
   <trkpt lat="38.52083336380257" lon="-121.55251670213714">
    <ele>5.08</ele>
   </trkpt>
   <trkpt lat="38.520496685699506" lon="-121.55346335553136">
    <ele>4.74</ele>
   </trkpt>
   <trkpt lat="38.520160000000004" lon="-121.55441">
    <ele>4.16</ele>
   </trkpt>
   <trkpt lat="38.520070000000004" lon="-121.55476000000002">
    <ele>4.12</ele>
   </trkpt>
   <trkpt lat="38.51999" lon="-121.55527000000001">
    <ele>4.29</ele>
   </trkpt>
   <trkpt lat="38.51997" lon="-121.55598">
    <ele>5.16</ele>
   </trkpt>
   <trkpt lat="38.51957" lon="-121.55599000000001">
    <ele>4.7</ele>
   </trkpt>
   <trkpt lat="38.519450000000006" lon="-121.55598">
    <ele>4.68</ele>
   </trkpt>
   <trkpt lat="38.51923" lon="-121.55589">
    <ele>4.73</ele>
   </trkpt>
   <trkpt lat="38.51912" lon="-121.55581000000001">
    <ele>5.050000000000001</ele>
   </trkpt>
   <trkpt lat="38.51896" lon="-121.55566">
    <ele>5.050000000000001</ele>
   </trkpt>
   <trkpt lat="38.518496669292844" lon="-121.55510999298333">
    <ele>5.37</ele>
   </trkpt>
   <trkpt lat="38.51803333601313" lon="-121.55455999304706">
    <ele>5.540000000000001</ele>
   </trkpt>
   <trkpt lat="38.517570000000006" lon="-121.55401">
    <ele>5.620000000000001</ele>
   </trkpt>
   <trkpt lat="38.5172" lon="-121.55357000000001">
    <ele>5.55</ele>
   </trkpt>
   <trkpt lat="38.51704" lon="-121.55343">
    <ele>5.51</ele>
   </trkpt>
   <trkpt lat="38.51679" lon="-121.55329">
    <ele>5.51</ele>
   </trkpt>
   <trkpt lat="38.51644" lon="-121.5532">
    <ele>5.32</ele>
   </trkpt>
   <trkpt lat="38.51623" lon="-121.55325">
    <ele>5.17</ele>
   </trkpt>
   <trkpt lat="38.51612" lon="-121.55329">
    <ele>5.17</ele>
   </trkpt>
   <trkpt lat="38.51555000084525" lon="-121.55359333810333">
    <ele>5.12</ele>
   </trkpt>
   <trkpt lat="38.514980000908025" lon="-121.55389667140318">
    <ele>5.180000000000001</ele>
   </trkpt>
   <trkpt lat="38.514410000000005" lon="-121.55420000000001">
    <ele>5.430000000000001</ele>
   </trkpt>
   <trkpt lat="38.51386" lon="-121.55451000000001">
    <ele>5.430000000000001</ele>
   </trkpt>
   <trkpt lat="38.513220000000004" lon="-121.55496000000001">
    <ele>5.540000000000001</ele>
   </trkpt>
   <trkpt lat="38.5129" lon="-121.55517">
    <ele>5.6000000000000005</ele>
   </trkpt>
   <trkpt lat="38.51254" lon="-121.55535">
    <ele>5.66</ele>
   </trkpt>
   <trkpt lat="38.512130000000006" lon="-121.55549">
    <ele>5.82</ele>
   </trkpt>
   <trkpt lat="38.51168500028548" lon="-121.55569500121781">
    <ele>5.930000000000001</ele>
   </trkpt>
   <trkpt lat="38.51124" lon="-121.55590000000001">
    <ele>6.04</ele>
   </trkpt>
   <trkpt lat="38.51052000198261" lon="-121.55629251176474">
    <ele>6.04</ele>
   </trkpt>
   <trkpt lat="38.50980000265512" lon="-121.55668501567975">
    <ele>5.710000000000001</ele>
   </trkpt>
   <trkpt lat="38.5090800020176" lon="-121.55707751174532">
    <ele>5.69</ele>
   </trkpt>
   <trkpt lat="38.50836" lon="-121.55747000000001">
    <ele>5.73</ele>
   </trkpt>
   <trkpt lat="38.507910000221585" lon="-121.55773000166279">
    <ele>5.7700000000000005</ele>
   </trkpt>
   <trkpt lat="38.50746" lon="-121.55799">
    <ele>5.840000000000001</ele>
   </trkpt>
   <trkpt lat="38.506682502557354" lon="-121.55843751449254">
    <ele>5.920000000000001</ele>
   </trkpt>
   <trkpt lat="38.50590500341178" lon="-121.55888501932189">
    <ele>5.9</ele>
   </trkpt>
   <trkpt lat="38.50512750256334" lon="-121.55933251448859">
    <ele>5.9</ele>
   </trkpt>
   <trkpt lat="38.50435" lon="-121.55978">
    <ele>5.9</ele>
   </trkpt>
   <trkpt lat="38.50403" lon="-121.56005">
    <ele>5.7</ele>
   </trkpt>
   <trkpt lat="38.503930000000004" lon="-121.5601">
    <ele>5.880000000000001</ele>
   </trkpt>
   <trkpt lat="38.503820000000005" lon="-121.5601">
    <ele>6.08</ele>
   </trkpt>
   <trkpt lat="38.50361" lon="-121.56001">
    <ele>6.72</ele>
   </trkpt>
   <trkpt lat="38.503400000000006" lon="-121.56001">
    <ele>7.08</ele>
   </trkpt>
   <trkpt lat="38.502860000000005" lon="-121.56014">
    <ele>10.180000000000001</ele>
   </trkpt>
   <trkpt lat="38.502390000000005" lon="-121.56014">
    <ele>10.690000000000001</ele>
   </trkpt>
   <trkpt lat="38.50197" lon="-121.56025000000001">
    <ele>10.700000000000001</ele>
   </trkpt>
   <trkpt lat="38.501415000084904" lon="-121.5603300006081">
    <ele>10.59</ele>
   </trkpt>
   <trkpt lat="38.50086" lon="-121.56041">
    <ele>10.64</ele>
   </trkpt>
   <trkpt lat="38.5" lon="-121.56049000000002">
    <ele>10.910000000000002</ele>
   </trkpt>
   <trkpt lat="38.49950000005642" lon="-121.5604699998634">
    <ele>10.780000000000001</ele>
   </trkpt>
   <trkpt lat="38.499" lon="-121.56045">
    <ele>10.34</ele>
   </trkpt>
   <trkpt lat="38.49841" lon="-121.56041">
    <ele>10.16</ele>
   </trkpt>
   <trkpt lat="38.498020000000004" lon="-121.56033000000001">
    <ele>10.09</ele>
   </trkpt>
   <trkpt lat="38.49714" lon="-121.56011000000001">
    <ele>10.110000000000001</ele>
   </trkpt>
   <trkpt lat="38.496610000000004" lon="-121.55996">
    <ele>10.820000000000002</ele>
   </trkpt>
   <trkpt lat="38.49633" lon="-121.55983">
    <ele>10.97</ele>
   </trkpt>
   <trkpt lat="38.495910000364695" lon="-121.55960499876835">
    <ele>11.030000000000001</ele>
   </trkpt>
   <trkpt lat="38.495490000000004" lon="-121.55938">
    <ele>11.1</ele>
   </trkpt>
   <trkpt lat="38.49488" lon="-121.55893">
    <ele>10.900000000000002</ele>
   </trkpt>
   <trkpt lat="38.494460000000004" lon="-121.55854000000001">
    <ele>10.85</ele>
   </trkpt>
   <trkpt lat="38.49391" lon="-121.55808">
    <ele>10.55</ele>
   </trkpt>
   <trkpt lat="38.49335000000001" lon="-121.55764">
    <ele>10.520000000000001</ele>
   </trkpt>
   <trkpt lat="38.493080000000006" lon="-121.55745">
    <ele>10.520000000000001</ele>
   </trkpt>
   <trkpt lat="38.49248666772474" lon="-121.5570933274449">
    <ele>10.47</ele>
   </trkpt>
   <trkpt lat="38.491893334367845" lon="-121.55673666076417">
    <ele>10.32</ele>
   </trkpt>
   <trkpt lat="38.4913" lon="-121.55638">
    <ele>10.100000000000001</ele>
   </trkpt>
   <trkpt lat="38.49098" lon="-121.55608000000001">
    <ele>10.07</ele>
   </trkpt>
   <trkpt lat="38.490730000000006" lon="-121.55593">
    <ele>9.92</ele>
   </trkpt>
   <trkpt lat="38.49020500024204" lon="-121.5556649980407">
    <ele>10.16</ele>
   </trkpt>
   <trkpt lat="38.48968" lon="-121.5554">
    <ele>10.05</ele>
   </trkpt>
   <trkpt lat="38.489130000674685" lon="-121.55508999518752">
    <ele>9.9</ele>
   </trkpt>
   <trkpt lat="38.48858000053229" lon="-121.5547799951073">
    <ele>10.030000000000001</ele>
   </trkpt>
   <trkpt lat="38.48803" lon="-121.55447000000001">
    <ele>9.930000000000001</ele>
   </trkpt>
   <trkpt lat="38.48741666784636" lon="-121.5540899935019">
    <ele>10.14</ele>
   </trkpt>
   <trkpt lat="38.48680333446501" lon="-121.55370999347224">
    <ele>9.97</ele>
   </trkpt>
   <trkpt lat="38.48619" lon="-121.55333000000002">
    <ele>9.91</ele>
   </trkpt>
   <trkpt lat="38.48576500026671" lon="-121.55310999873417">
    <ele>9.98</ele>
   </trkpt>
   <trkpt lat="38.48534" lon="-121.55289">
    <ele>9.959999999999999</ele>
   </trkpt>
   <trkpt lat="38.48471000245726" lon="-121.55244998845316">
    <ele>9.63</ele>
   </trkpt>
   <trkpt lat="38.484080003268495" lon="-121.55200998459898">
    <ele>9.590000000000002</ele>
   </trkpt>
   <trkpt lat="38.48345000243376" lon="-121.55156998843711">
    <ele>9.49</ele>
   </trkpt>
   <trkpt lat="38.482820000000004" lon="-121.55113000000001">
    <ele>9.930000000000001</ele>
   </trkpt>
   <trkpt lat="38.48220500069579" lon="-121.55073499665055">
    <ele>9.840000000000002</ele>
   </trkpt>
   <trkpt lat="38.481590000000004" lon="-121.55034">
    <ele>10.05</ele>
   </trkpt>
   <trkpt lat="38.481370000000005" lon="-121.55016">
    <ele>9.97</ele>
   </trkpt>
   <trkpt lat="38.48098" lon="-121.54979000000002">
    <ele>10.07</ele>
   </trkpt>
   <trkpt lat="38.4808" lon="-121.54966">
    <ele>10.23</ele>
   </trkpt>
   <trkpt lat="38.48064" lon="-121.54958">
    <ele>10.23</ele>
   </trkpt>
   <trkpt lat="38.480180000000004" lon="-121.54948000000002">
    <ele>10.64</ele>
   </trkpt>
   <trkpt lat="38.480090000000004" lon="-121.54942000000001">
    <ele>10.64</ele>
   </trkpt>
   <trkpt lat="38.47994500269391" lon="-121.55021000136598">
    <ele>7.450000000000001</ele>
   </trkpt>
   <trkpt lat="38.479800000000004" lon="-121.55100000000002">
    <ele>6.57</ele>
   </trkpt>
   <trkpt lat="38.47974" lon="-121.55141">
    <ele>6.280000000000001</ele>
   </trkpt>
   <trkpt lat="38.47973" lon="-121.55163">
    <ele>6.2</ele>
   </trkpt>
   <trkpt lat="38.479780000000005" lon="-121.55208">
    <ele>6.44</ele>
   </trkpt>
   <trkpt lat="38.480000000000004" lon="-121.55276">
    <ele>7.17</ele>
   </trkpt>
   <trkpt lat="38.48001" lon="-121.55289">
    <ele>7.23</ele>
   </trkpt>
   <trkpt lat="38.479980000000005" lon="-121.55316">
    <ele>7.260000000000001</ele>
   </trkpt>
   <trkpt lat="38.47993" lon="-121.55326000000001">
    <ele>7.260000000000001</ele>
   </trkpt>
   <trkpt lat="38.47986" lon="-121.55338">
    <ele>7.36</ele>
   </trkpt>
   <trkpt lat="38.479760000000006" lon="-121.55347">
    <ele>7.37</ele>
   </trkpt>
   <trkpt lat="38.47948" lon="-121.55365">
    <ele>7.3100000000000005</ele>
   </trkpt>
   <trkpt lat="38.47932" lon="-121.55374">
    <ele>7.3100000000000005</ele>
   </trkpt>
   <trkpt lat="38.47912" lon="-121.55379">
    <ele>7.220000000000001</ele>
   </trkpt>
   <trkpt lat="38.478680000000004" lon="-121.55388">
    <ele>7.17</ele>
   </trkpt>
   <trkpt lat="38.478320000000004" lon="-121.55387">
    <ele>7.23</ele>
   </trkpt>
   <trkpt lat="38.47802" lon="-121.55393000000001">
    <ele>7.410000000000001</ele>
   </trkpt>
   <trkpt lat="38.47741000038738" lon="-121.5541200031904">
    <ele>7.580000000000001</ele>
   </trkpt>
   <trkpt lat="38.476800000467854" lon="-121.55431000316531">
    <ele>7.59</ele>
   </trkpt>
   <trkpt lat="38.47619" lon="-121.5545">
    <ele>8.09</ele>
   </trkpt>
   <trkpt lat="38.475950000000005" lon="-121.55458000000002">
    <ele>8.14</ele>
   </trkpt>
   <trkpt lat="38.47569" lon="-121.55472">
    <ele>8.100000000000001</ele>
   </trkpt>
   <trkpt lat="38.475480000000005" lon="-121.5549">
    <ele>8.190000000000001</ele>
   </trkpt>
   <trkpt lat="38.47524000000001" lon="-121.55526">
    <ele>8.180000000000001</ele>
   </trkpt>
   <trkpt lat="38.475170000000006" lon="-121.55541000000001">
    <ele>8.040000000000001</ele>
   </trkpt>
   <trkpt lat="38.47507" lon="-121.55581000000001">
    <ele>8.040000000000001</ele>
   </trkpt>
   <trkpt lat="38.47505" lon="-121.55629">
    <ele>8.17</ele>
   </trkpt>
   <trkpt lat="38.475060000000006" lon="-121.55657000000001">
    <ele>8.26</ele>
   </trkpt>
   <trkpt lat="38.47518000302162" lon="-121.55741499849883">
    <ele>8.270000000000001</ele>
   </trkpt>
   <trkpt lat="38.475300000000004" lon="-121.55826">
    <ele>8.38</ele>
   </trkpt>
   <trkpt lat="38.475280000000005" lon="-121.55866">
    <ele>8.049999999999999</ele>
   </trkpt>
   <trkpt lat="38.47513" lon="-121.55907">
    <ele>7.99</ele>
   </trkpt>
   <trkpt lat="38.47489" lon="-121.5596">
    <ele>7.72</ele>
   </trkpt>
   <trkpt lat="38.474700000000006" lon="-121.55992">
    <ele>7.69</ele>
   </trkpt>
   <trkpt lat="38.47430000000001" lon="-121.56027000000002">
    <ele>7.8100000000000005</ele>
   </trkpt>
   <trkpt lat="38.473890000000004" lon="-121.56085000000002">
    <ele>7.82</ele>
   </trkpt>
   <trkpt lat="38.473710000000004" lon="-121.56123000000001">
    <ele>7.98</ele>
   </trkpt>
   <trkpt lat="38.473440000000004" lon="-121.56149">
    <ele>7.98</ele>
   </trkpt>
   <trkpt lat="38.47294" lon="-121.56162">
    <ele>8.190000000000001</ele>
   </trkpt>
   <trkpt lat="38.472530000000006" lon="-121.56206000000002">
    <ele>8.56</ele>
   </trkpt>
   <trkpt lat="38.47232" lon="-121.56216">
    <ele>8.530000000000001</ele>
   </trkpt>
   <trkpt lat="38.47171" lon="-121.56251">
    <ele>8.58</ele>
   </trkpt>
   <trkpt lat="38.471250000000005" lon="-121.56266000000001">
    <ele>8.049999999999999</ele>
   </trkpt>
   <trkpt lat="38.47093" lon="-121.56265">
    <ele>8.020000000000001</ele>
   </trkpt>
   <trkpt lat="38.47055" lon="-121.5626">
    <ele>7.98</ele>
   </trkpt>
   <trkpt lat="38.47003" lon="-121.56235000000001">
    <ele>8.350000000000001</ele>
   </trkpt>
   <trkpt lat="38.46981" lon="-121.56229">
    <ele>8.34</ele>
   </trkpt>
   <trkpt lat="38.46958" lon="-121.56224000000002">
    <ele>8.17</ele>
   </trkpt>
   <trkpt lat="38.46933000000001" lon="-121.56225">
    <ele>8.200000000000001</ele>
   </trkpt>
   <trkpt lat="38.46918" lon="-121.56230000000001">
    <ele>8.200000000000001</ele>
   </trkpt>
   <trkpt lat="38.46904" lon="-121.56255000000002">
    <ele>8.0</ele>
   </trkpt>
   <trkpt lat="38.46867" lon="-121.56332">
    <ele>8.040000000000001</ele>
   </trkpt>
   <trkpt lat="38.46838500082998" lon="-121.56377000182698">
    <ele>8.040000000000001</ele>
   </trkpt>
   <trkpt lat="38.4681" lon="-121.56422">
    <ele>8.030000000000001</ele>
   </trkpt>
   <trkpt lat="38.46780500211082" lon="-121.56493000298097">
    <ele>8.41</ele>
   </trkpt>
   <trkpt lat="38.467510000000004" lon="-121.56564000000002">
    <ele>8.5</ele>
   </trkpt>
   <trkpt lat="38.4673" lon="-121.56641">
    <ele>8.15</ele>
   </trkpt>
   <trkpt lat="38.46697" lon="-121.56681">
    <ele>8.63</ele>
   </trkpt>
   <trkpt lat="38.46665" lon="-121.56695">
    <ele>8.38</ele>
   </trkpt>
   <trkpt lat="38.466100000000004" lon="-121.56699">
    <ele>7.8500000000000005</ele>
   </trkpt>
   <trkpt lat="38.46562" lon="-121.56704">
    <ele>7.65</ele>
   </trkpt>
   <trkpt lat="38.465320000000006" lon="-121.56718000000001">
    <ele>7.620000000000001</ele>
   </trkpt>
   <trkpt lat="38.465030000000006" lon="-121.5674">
    <ele>7.670000000000001</ele>
   </trkpt>
   <trkpt lat="38.46463" lon="-121.56784">
    <ele>7.840000000000002</ele>
   </trkpt>
   <trkpt lat="38.464360000000006" lon="-121.56808000000001">
    <ele>7.9300000000000015</ele>
   </trkpt>
   <trkpt lat="38.4641" lon="-121.56817000000001">
    <ele>8.030000000000001</ele>
   </trkpt>
   <trkpt lat="38.46378" lon="-121.56821000000001">
    <ele>7.92</ele>
   </trkpt>
   <trkpt lat="38.46345" lon="-121.5682">
    <ele>7.680000000000001</ele>
   </trkpt>
   <trkpt lat="38.46325" lon="-121.56826000000001">
    <ele>7.620000000000001</ele>
   </trkpt>
   <trkpt lat="38.46271" lon="-121.56879">
    <ele>7.78</ele>
   </trkpt>
   <trkpt lat="38.462500000000006" lon="-121.56893000000001">
    <ele>7.660000000000001</ele>
   </trkpt>
   <trkpt lat="38.46226" lon="-121.56902000000001">
    <ele>7.640000000000001</ele>
   </trkpt>
   <trkpt lat="38.46184000029292" lon="-121.56926000137">
    <ele>7.5600000000000005</ele>
   </trkpt>
   <trkpt lat="38.461420000000004" lon="-121.5695">
    <ele>7.53</ele>
   </trkpt>
   <trkpt lat="38.461310000000005" lon="-121.56960000000001">
    <ele>7.53</ele>
   </trkpt>
   <trkpt lat="38.46115" lon="-121.56987000000001">
    <ele>7.59</ele>
   </trkpt>
   <trkpt lat="38.46112" lon="-121.57012">
    <ele>7.640000000000001</ele>
   </trkpt>
   <trkpt lat="38.46101" lon="-121.57026">
    <ele>7.760000000000001</ele>
   </trkpt>
   <trkpt lat="38.46083" lon="-121.57043000000002">
    <ele>7.96</ele>
   </trkpt>
   <trkpt lat="38.46067" lon="-121.57052000000002">
    <ele>7.95</ele>
   </trkpt>
   <trkpt lat="38.4605" lon="-121.57057">
    <ele>7.840000000000002</ele>
   </trkpt>
   <trkpt lat="38.460240000000006" lon="-121.57044">
    <ele>7.86</ele>
   </trkpt>
   <trkpt lat="38.459740000000004" lon="-121.57008">
    <ele>7.670000000000001</ele>
   </trkpt>
   <trkpt lat="38.459250000000004" lon="-121.56987000000001">
    <ele>7.53</ele>
   </trkpt>
   <trkpt lat="38.45876500002065" lon="-121.56984499983282">
    <ele>7.87</ele>
   </trkpt>
   <trkpt lat="38.45828" lon="-121.56982">
    <ele>7.86</ele>
   </trkpt>
   <trkpt lat="38.458090000000006" lon="-121.56986">
    <ele>7.74</ele>
   </trkpt>
   <trkpt lat="38.45778" lon="-121.56999">
    <ele>7.5600000000000005</ele>
   </trkpt>
   <trkpt lat="38.45754" lon="-121.57012">
    <ele>7.580000000000001</ele>
   </trkpt>
   <trkpt lat="38.45675000000001" lon="-121.57044">
    <ele>7.630000000000001</ele>
   </trkpt>
   <trkpt lat="38.4564" lon="-121.57048">
    <ele>7.57</ele>
   </trkpt>
   <trkpt lat="38.45562" lon="-121.57074000000001">
    <ele>7.73</ele>
   </trkpt>
   <trkpt lat="38.45525000000001" lon="-121.57097000000002">
    <ele>7.710000000000001</ele>
   </trkpt>
   <trkpt lat="38.454710000000006" lon="-121.57098">
    <ele>7.73</ele>
   </trkpt>
   <trkpt lat="38.454060000000005" lon="-121.57117000000001">
    <ele>7.760000000000001</ele>
   </trkpt>
   <trkpt lat="38.45351" lon="-121.57146000000002">
    <ele>7.840000000000002</ele>
   </trkpt>
   <trkpt lat="38.45286" lon="-121.57211000000001">
    <ele>8.33</ele>
   </trkpt>
   <trkpt lat="38.45241000015768" lon="-121.57240000193738">
    <ele>8.21</ele>
   </trkpt>
   <trkpt lat="38.45196" lon="-121.57269000000001">
    <ele>8.33</ele>
   </trkpt>
   <trkpt lat="38.45120000146099" lon="-121.57329000637401">
    <ele>7.92</ele>
   </trkpt>
   <trkpt lat="38.45044" lon="-121.57389">
    <ele>7.55</ele>
   </trkpt>
   <trkpt lat="38.44984" lon="-121.57446000000002">
    <ele>7.790000000000001</ele>
   </trkpt>
   <trkpt lat="38.449630000000006" lon="-121.57469">
    <ele>7.83</ele>
   </trkpt>
   <trkpt lat="38.44921" lon="-121.57524000000001">
    <ele>8.010000000000002</ele>
   </trkpt>
   <trkpt lat="38.44888" lon="-121.57573000000001">
    <ele>8.200000000000001</ele>
   </trkpt>
   <trkpt lat="38.448280000000004" lon="-121.57653">
    <ele>8.010000000000002</ele>
   </trkpt>
   <trkpt lat="38.44803" lon="-121.57703000000001">
    <ele>5.790000000000001</ele>
   </trkpt>
   <trkpt lat="38.44785" lon="-121.57746000000002">
    <ele>5.32</ele>
   </trkpt>
   <trkpt lat="38.44773" lon="-121.57788000000001">
    <ele>5.15</ele>
   </trkpt>
   <trkpt lat="38.44754601727382" lon="-121.57888801026931">
    <ele>5.2700000000000005</ele>
   </trkpt>
   <trkpt lat="38.447362025911616" lon="-121.57989601539883">
    <ele>5.260000000000001</ele>
   </trkpt>
   <trkpt lat="38.44717802591345" lon="-121.58090401538834">
    <ele>5.42</ele>
   </trkpt>
   <trkpt lat="38.44699401727947" lon="-121.58191201023767">
    <ele>4.96</ele>
   </trkpt>
   <trkpt lat="38.446810000000006" lon="-121.58292000000002">
    <ele>4.25</ele>
   </trkpt>
   <trkpt lat="38.4468" lon="-121.58293">
    <ele>4.25</ele>
   </trkpt>
   <trkpt lat="38.4468" lon="-121.58294000000001">
    <ele>4.25</ele>
   </trkpt>
   <trkpt lat="38.44591499994575" lon="-121.58292999987674">
    <ele>3.6300000000000003</ele>
   </trkpt>
   <trkpt lat="38.44503" lon="-121.58292000000002">
    <ele>3.43</ele>
   </trkpt>
   <trkpt lat="38.44430750001556" lon="-121.58292250007504">
    <ele>2.9800000000000004</ele>
   </trkpt>
   <trkpt lat="38.443585000031064" lon="-121.5829250001">
    <ele>2.7700000000000005</ele>
   </trkpt>
   <trkpt lat="38.442862500046495" lon="-121.5829275000749">
    <ele>2.7</ele>
   </trkpt>
   <trkpt lat="38.44214" lon="-121.58293">
    <ele>2.58</ele>
   </trkpt>
   <trkpt lat="38.44147" lon="-121.58290000000001">
    <ele>2.36</ele>
   </trkpt>
   <trkpt lat="38.440614999878655" lon="-121.58291500017984">
    <ele>2.1100000000000003</ele>
   </trkpt>
   <trkpt lat="38.43976" lon="-121.58293">
    <ele>1.98</ele>
   </trkpt>
   <trkpt lat="38.438870000013644" lon="-121.5829279999014">
    <ele>1.93</ele>
   </trkpt>
   <trkpt lat="38.43798000002724" lon="-121.58292599985214">
    <ele>1.9100000000000001</ele>
   </trkpt>
   <trkpt lat="38.43709000004081" lon="-121.58292399985217">
    <ele>1.8300000000000003</ele>
   </trkpt>
   <trkpt lat="38.43620000005435" lon="-121.5829219999015">
    <ele>1.9100000000000001</ele>
   </trkpt>
   <trkpt lat="38.43531" lon="-121.58292000000002">
    <ele>1.8200000000000003</ele>
   </trkpt>
   <trkpt lat="38.43444875000309" lon="-121.58292125010439">
    <ele>1.87</ele>
   </trkpt>
   <trkpt lat="38.433587500006176" lon="-121.58292250017891">
    <ele>1.6300000000000001</ele>
   </trkpt>
   <trkpt lat="38.43272625000925" lon="-121.58292375022364">
    <ele>1.67</ele>
   </trkpt>
   <trkpt lat="38.4318650000123" lon="-121.58292500023855">
    <ele>1.77</ele>
   </trkpt>
   <trkpt lat="38.43100375001536" lon="-121.58292625022361">
    <ele>1.86</ele>
   </trkpt>
   <trkpt lat="38.430142500018384" lon="-121.58292750017887">
    <ele>1.87</ele>
   </trkpt>
   <trkpt lat="38.4292812500214" lon="-121.58292875010433">
    <ele>1.8</ele>
   </trkpt>
   <trkpt lat="38.42842" lon="-121.58293">
    <ele>1.78</ele>
   </trkpt>
   <trkpt lat="38.42754500000024" lon="-121.58292124925791">
    <ele>2.24</ele>
   </trkpt>
   <trkpt lat="38.42666999999982" lon="-121.58291249872785">
    <ele>2.24</ele>
   </trkpt>
   <trkpt lat="38.425794999998736" lon="-121.58290374840985">
    <ele>2.24</ele>
   </trkpt>
   <trkpt lat="38.42491999999703" lon="-121.58289499830383">
    <ele>2.25</ele>
   </trkpt>
   <trkpt lat="38.424044999994656" lon="-121.58288624840985">
    <ele>2.25</ele>
   </trkpt>
   <trkpt lat="38.423169999991636" lon="-121.58287749872785">
    <ele>2.25</ele>
   </trkpt>
   <trkpt lat="38.42229499998796" lon="-121.58286874925786">
    <ele>2.25</ele>
   </trkpt>
   <trkpt lat="38.421420000000005" lon="-121.58286000000001">
    <ele>2.25</ele>
   </trkpt>
   <trkpt lat="38.42054249999774" lon="-121.58286000000003">
    <ele>1.4800000000000002</ele>
   </trkpt>
   <trkpt lat="38.41966499999547" lon="-121.58286000000003">
    <ele>1.36</ele>
   </trkpt>
   <trkpt lat="38.4187874999932" lon="-121.58286000000003">
    <ele>1.26</ele>
   </trkpt>
   <trkpt lat="38.41790999999094" lon="-121.58286000000003">
    <ele>1.09</ele>
   </trkpt>
   <trkpt lat="38.41703249998868" lon="-121.58286000000003">
    <ele>1.2300000000000002</ele>
   </trkpt>
   <trkpt lat="38.4161549999864" lon="-121.58286000000003">
    <ele>1.3800000000000001</ele>
   </trkpt>
   <trkpt lat="38.415277499984136" lon="-121.58286000000003">
    <ele>1.51</ele>
   </trkpt>
   <trkpt lat="38.4144" lon="-121.58286000000001">
    <ele>1.62</ele>
   </trkpt>
   <trkpt lat="38.413502500002345" lon="-121.58284624880447">
    <ele>1.37</ele>
   </trkpt>
   <trkpt lat="38.41260500000307" lon="-121.5828324979505">
    <ele>1.4500000000000002</ele>
   </trkpt>
   <trkpt lat="38.41170750000219" lon="-121.58281874743815">
    <ele>1.6600000000000001</ele>
   </trkpt>
   <trkpt lat="38.41080999999971" lon="-121.58280499726739">
    <ele>1.4700000000000002</ele>
   </trkpt>
   <trkpt lat="38.409912499995606" lon="-121.58279124743815">
    <ele>1.68</ele>
   </trkpt>
   <trkpt lat="38.409014999989914" lon="-121.58277749795047">
    <ele>1.6600000000000001</ele>
   </trkpt>
   <trkpt lat="38.408117499982616" lon="-121.58276374880431">
    <ele>1.4500000000000002</ele>
   </trkpt>
   <trkpt lat="38.40722" lon="-121.58275">
    <ele>1.8</ele>
   </trkpt>
   <trkpt lat="38.40634636363994" lon="-121.58275454600395">
    <ele>0.7400000000000001</ele>
   </trkpt>
   <trkpt lat="38.4054727272797" lon="-121.58275909189801">
    <ele>0.7400000000000001</ele>
   </trkpt>
   <trkpt lat="38.40459909091929" lon="-121.58276363768216">
    <ele>0.7400000000000001</ele>
   </trkpt>
   <trkpt lat="38.4037254545587" lon="-121.58276818335644">
    <ele>0.7400000000000001</ele>
   </trkpt>
   <trkpt lat="38.40285181819794" lon="-121.58277272892082">
    <ele>0.7400000000000001</ele>
   </trkpt>
   <trkpt lat="38.401978181836995" lon="-121.58277727437532">
    <ele>3.0700000000000003</ele>
   </trkpt>
   <trkpt lat="38.40110454547588" lon="-121.58278181971994">
    <ele>3.0700000000000003</ele>
   </trkpt>
   <trkpt lat="38.40023090911459" lon="-121.58278636495469">
    <ele>3.0700000000000003</ele>
   </trkpt>
   <trkpt lat="38.39935727275311" lon="-121.5827909100796">
    <ele>3.0700000000000003</ele>
   </trkpt>
   <trkpt lat="38.398483636391475" lon="-121.58279545509465">
    <ele>3.0700000000000003</ele>
   </trkpt>
   <trkpt lat="38.39761" lon="-121.5828">
    <ele>3.0700000000000003</ele>
   </trkpt>
   <trkpt lat="38.39677666666084" lon="-121.58281833439021">
    <ele>3.0700000000000003</ele>
   </trkpt>
   <trkpt lat="38.395943333318826" lon="-121.58283666835773">
    <ele>3.0700000000000003</ele>
   </trkpt>
   <trkpt lat="38.39510999997397" lon="-121.58285500190262">
    <ele>3.0700000000000003</ele>
   </trkpt>
   <trkpt lat="38.39427666662625" lon="-121.5828733350249">
    <ele>1.59</ele>
   </trkpt>
   <trkpt lat="38.39344333327567" lon="-121.58289166772461">
    <ele>1.59</ele>
   </trkpt>
   <trkpt lat="38.392610000000005" lon="-121.58291000000001">
    <ele>1.59</ele>
   </trkpt>
   <trkpt lat="38.39180428571807" lon="-121.58292571533633">
    <ele>1.9100000000000001</ele>
   </trkpt>
   <trkpt lat="38.39099857143403" lon="-121.58294143032242">
    <ele>1.9500000000000002</ele>
   </trkpt>
   <trkpt lat="38.3901928571479" lon="-121.58295714495831">
    <ele>1.93</ele>
   </trkpt>
   <trkpt lat="38.38938714285967" lon="-121.58297285924404">
    <ele>1.9500000000000002</ele>
   </trkpt>
   <trkpt lat="38.38858142856933" lon="-121.58298857317962">
    <ele>2.0500000000000003</ele>
   </trkpt>
   <trkpt lat="38.387775714276906" lon="-121.58300428676505">
    <ele>1.93</ele>
   </trkpt>
   <trkpt lat="38.386970000000005" lon="-121.58302">
    <ele>1.8800000000000001</ele>
   </trkpt>
   <trkpt lat="38.386114615405255" lon="-121.58303923349828">
    <ele>0.48000000000000004</ele>
   </trkpt>
   <trkpt lat="38.38525923080736" lon="-121.58305846654164">
    <ele>0.48000000000000004</ele>
   </trkpt>
   <trkpt lat="38.384403846206325" lon="-121.58307769913006">
    <ele>0.48000000000000004</ele>
   </trkpt>
   <trkpt lat="38.38354846160215" lon="-121.58309693126361">
    <ele>0.48000000000000004</ele>
   </trkpt>
   <trkpt lat="38.382693076994826" lon="-121.58311616294228">
    <ele>0.48000000000000004</ele>
   </trkpt>
   <trkpt lat="38.38183769238437" lon="-121.58313539416613">
    <ele>0.48000000000000004</ele>
   </trkpt>
   <trkpt lat="38.380982307770765" lon="-121.58315462493516">
    <ele>4.13</ele>
   </trkpt>
   <trkpt lat="38.38012692315402" lon="-121.58317385524937">
    <ele>4.13</ele>
   </trkpt>
   <trkpt lat="38.37927153853414" lon="-121.58319308510885">
    <ele>4.13</ele>
   </trkpt>
   <trkpt lat="38.37841615391111" lon="-121.58321231451356">
    <ele>4.13</ele>
   </trkpt>
   <trkpt lat="38.377560769284955" lon="-121.58323154346353">
    <ele>4.13</ele>
   </trkpt>
   <trkpt lat="38.376705384655644" lon="-121.58325077195886">
    <ele>4.13</ele>
   </trkpt>
   <trkpt lat="38.37585" lon="-121.58327000000001">
    <ele>4.13</ele>
   </trkpt>
   <trkpt lat="38.37518" lon="-121.58328000000002">
    <ele>2.0100000000000002</ele>
   </trkpt>
   <trkpt lat="38.37453499990486" lon="-121.58332000036292">
    <ele>1.7000000000000002</ele>
   </trkpt>
   <trkpt lat="38.37389" lon="-121.58336000000001">
    <ele>1.5700000000000003</ele>
   </trkpt>
   <trkpt lat="38.37312833337388" lon="-121.58340666912311">
    <ele>3.6400000000000006</ele>
   </trkpt>
   <trkpt lat="38.37236666672924" lon="-121.58345333726369">
    <ele>3.6400000000000006</ele>
   </trkpt>
   <trkpt lat="38.37160500006611" lon="-121.58350000442185">
    <ele>3.8200000000000003</ele>
   </trkpt>
   <trkpt lat="38.37084333338448" lon="-121.5835466705976">
    <ele>3.8200000000000003</ele>
   </trkpt>
   <trkpt lat="38.370081666684364" lon="-121.58359333579101">
    <ele>3.8200000000000003</ele>
   </trkpt>
   <trkpt lat="38.36932" lon="-121.58364000000002">
    <ele>3.8200000000000003</ele>
   </trkpt>
   <trkpt lat="38.36847428578389" lon="-121.58369286084891">
    <ele>1.5700000000000003</ele>
   </trkpt>
   <trkpt lat="38.367628571544046" lon="-121.5837457204624">
    <ele>1.53</ele>
   </trkpt>
   <trkpt lat="38.36678285728046" lon="-121.58379857884051">
    <ele>1.62</ele>
   </trkpt>
   <trkpt lat="38.365937142993175" lon="-121.58385143598335">
    <ele>1.4400000000000002</ele>
   </trkpt>
   <trkpt lat="38.36509142868213" lon="-121.58390429189095">
    <ele>1.4400000000000002</ele>
   </trkpt>
   <trkpt lat="38.364245714347355" lon="-121.58395714656336">
    <ele>1.3200000000000003</ele>
   </trkpt>
   <trkpt lat="38.363400000000006" lon="-121.58401">
    <ele>1.31</ele>
   </trkpt>
   <trkpt lat="38.36251545466227" lon="-121.58406364291781">
    <ele>3.75</ele>
   </trkpt>
   <trkpt lat="38.36163090930008" lon="-121.58411728452462">
    <ele>3.75</ele>
   </trkpt>
   <trkpt lat="38.360746363913464" lon="-121.58417092482054">
    <ele>3.75</ele>
   </trkpt>
   <trkpt lat="38.3598618185024" lon="-121.58422456380559">
    <ele>3.75</ele>
   </trkpt>
   <trkpt lat="38.35897727306691" lon="-121.58427820147988">
    <ele>3.75</ele>
   </trkpt>
   <trkpt lat="38.35809272760699" lon="-121.5843318378435">
    <ele>2.91</ele>
   </trkpt>
   <trkpt lat="38.35720818212263" lon="-121.58438547289644">
    <ele>2.91</ele>
   </trkpt>
   <trkpt lat="38.356323636613844" lon="-121.58443910663888">
    <ele>2.91</ele>
   </trkpt>
   <trkpt lat="38.35543909108062" lon="-121.58449273907082">
    <ele>2.91</ele>
   </trkpt>
   <trkpt lat="38.354554545522966" lon="-121.58454637019237">
    <ele>2.91</ele>
   </trkpt>
   <trkpt lat="38.35367" lon="-121.58460000000001">
    <ele>2.91</ele>
   </trkpt>
   <trkpt lat="38.352910000156236" lon="-121.58464000041195">
    <ele>1.8</ele>
   </trkpt>
   <trkpt lat="38.35215" lon="-121.58468">
    <ele>1.68</ele>
   </trkpt>
   <trkpt lat="38.35131900001641" lon="-121.58469900196214">
    <ele>1.79</ele>
   </trkpt>
   <trkpt lat="38.350488000029735" lon="-121.58471800348819">
    <ele>1.99</ele>
   </trkpt>
   <trkpt lat="38.34965700004" lon="-121.58473700457813">
    <ele>1.9200000000000002</ele>
   </trkpt>
   <trkpt lat="38.34882600004719" lon="-121.58475600523204">
    <ele>1.9100000000000001</ele>
   </trkpt>
   <trkpt lat="38.34799500005133" lon="-121.58477500544988">
    <ele>1.9500000000000002</ele>
   </trkpt>
   <trkpt lat="38.3471640000524" lon="-121.58479400523171">
    <ele>2.0</ele>
   </trkpt>
   <trkpt lat="38.34633300005039" lon="-121.58481300457757">
    <ele>2.08</ele>
   </trkpt>
   <trkpt lat="38.34550200004532" lon="-121.58483200348746">
    <ele>1.9100000000000001</ele>
   </trkpt>
   <trkpt lat="38.344671000037195" lon="-121.58485100196141">
    <ele>1.9600000000000004</ele>
   </trkpt>
   <trkpt lat="38.34384" lon="-121.58487000000001">
    <ele>2.08</ele>
   </trkpt>
   <trkpt lat="38.34315" lon="-121.5849">
    <ele>2.0</ele>
   </trkpt>
   <trkpt lat="38.342850000000006" lon="-121.58499">
    <ele>2.04</ele>
   </trkpt>
   <trkpt lat="38.34275" lon="-121.58507000000002">
    <ele>2.0300000000000002</ele>
   </trkpt>
   <trkpt lat="38.34268" lon="-121.58521">
    <ele>1.9500000000000002</ele>
   </trkpt>
   <trkpt lat="38.342690000000005" lon="-121.58545000000001">
    <ele>1.54</ele>
   </trkpt>
   <trkpt lat="38.3428757385395" lon="-121.58642569927625">
    <ele>1.24</ele>
   </trkpt>
   <trkpt lat="38.34306146899458" lon="-121.587401403556">
    <ele>1.2200000000000002</ele>
   </trkpt>
   <trkpt lat="38.34324719136515" lon="-121.58837711283913">
    <ele>1.4600000000000002</ele>
   </trkpt>
   <trkpt lat="38.34343290565112" lon="-121.58935282712547">
    <ele>1.4700000000000002</ele>
   </trkpt>
   <trkpt lat="38.34361861185238" lon="-121.59032854641484">
    <ele>1.4600000000000002</ele>
   </trkpt>
   <trkpt lat="38.34380430996884" lon="-121.5913042707071">
    <ele>1.7200000000000002</ele>
   </trkpt>
   <trkpt lat="38.343990000000005" lon="-121.59228000000002">
    <ele>1.87</ele>
   </trkpt>
   <trkpt lat="38.34404" lon="-121.59261000000001">
    <ele>2.14</ele>
   </trkpt>
   <trkpt lat="38.34405" lon="-121.59284000000001">
    <ele>2.14</ele>
   </trkpt>
   <trkpt lat="38.34406882195715" lon="-121.59396299158472">
    <ele>2.21</ele>
   </trkpt>
   <trkpt lat="38.34408763320472" lon="-121.59508598375292">
    <ele>2.2600000000000002</ele>
   </trkpt>
   <trkpt lat="38.344106433742716" lon="-121.59620897650422">
    <ele>2.3800000000000003</ele>
   </trkpt>
   <trkpt lat="38.34412522357112" lon="-121.59733196983832">
    <ele>2.4899999999999998</ele>
   </trkpt>
   <trkpt lat="38.3441440026899" lon="-121.59845496375485">
    <ele>2.6300000000000003</ele>
   </trkpt>
   <trkpt lat="38.34416277109907" lon="-121.59957795825352">
    <ele>2.45</ele>
   </trkpt>
   <trkpt lat="38.344181528798615" lon="-121.60070095333397">
    <ele>2.3800000000000003</ele>
   </trkpt>
   <trkpt lat="38.344200275788516" lon="-121.6018239489959">
    <ele>2.31</ele>
   </trkpt>
   <trkpt lat="38.34421901206874" lon="-121.60294694523895">
    <ele>2.32</ele>
   </trkpt>
   <trkpt lat="38.3442377376393" lon="-121.6040699420628">
    <ele>2.16</ele>
   </trkpt>
   <trkpt lat="38.344256452500176" lon="-121.6051929394671">
    <ele>2.1300000000000003</ele>
   </trkpt>
   <trkpt lat="38.34427515665135" lon="-121.60631593745154">
    <ele>2.16</ele>
   </trkpt>
   <trkpt lat="38.34429385009282" lon="-121.60743893601581">
    <ele>2.23</ele>
   </trkpt>
   <trkpt lat="38.344312532824574" lon="-121.60856193515951">
    <ele>2.12</ele>
   </trkpt>
   <trkpt lat="38.3443312048466" lon="-121.6096849348824">
    <ele>2.0</ele>
   </trkpt>
   <trkpt lat="38.34434986615885" lon="-121.61080793518407">
    <ele>1.52</ele>
   </trkpt>
   <trkpt lat="38.34436851676136" lon="-121.6119309360642">
    <ele>1.41</ele>
   </trkpt>
   <trkpt lat="38.34438715665409" lon="-121.61305393752252">
    <ele>1.3900000000000001</ele>
   </trkpt>
   <trkpt lat="38.34440578583703" lon="-121.61417693955863">
    <ele>1.36</ele>
   </trkpt>
   <trkpt lat="38.344424404310175" lon="-121.61529994217223">
    <ele>1.51</ele>
   </trkpt>
   <trkpt lat="38.34444301207352" lon="-121.61642294536297">
    <ele>1.59</ele>
   </trkpt>
   <trkpt lat="38.34446160912703" lon="-121.61754594913056">
    <ele>1.6600000000000001</ele>
   </trkpt>
   <trkpt lat="38.34448019547071" lon="-121.61866895347458">
    <ele>1.6900000000000002</ele>
   </trkpt>
   <trkpt lat="38.34449877110454" lon="-121.61979195839483">
    <ele>1.79</ele>
   </trkpt>
   <trkpt lat="38.3445173360285" lon="-121.62091496389085">
    <ele>1.7400000000000002</ele>
   </trkpt>
   <trkpt lat="38.34453589024259" lon="-121.6220379699624">
    <ele>1.78</ele>
   </trkpt>
   <trkpt lat="38.34455443374679" lon="-121.6231609766091">
    <ele>1.8900000000000001</ele>
   </trkpt>
   <trkpt lat="38.344572966541094" lon="-121.62428398383067">
    <ele>1.8900000000000001</ele>
   </trkpt>
   <trkpt lat="38.34459148862549" lon="-121.6254069916267">
    <ele>1.9200000000000002</ele>
   </trkpt>
   <trkpt lat="38.34461" lon="-121.62653000000002">
    <ele>1.87</ele>
   </trkpt>
   <trkpt lat="38.34464000344009" lon="-121.62742999964956">
    <ele>1.8</ele>
   </trkpt>
   <trkpt lat="38.34467" lon="-121.62833">
    <ele>1.99</ele>
   </trkpt>
   <trkpt lat="38.344660000000005" lon="-121.62855">
    <ele>1.99</ele>
   </trkpt>
   <trkpt lat="38.34461" lon="-121.62886">
    <ele>2.0500000000000003</ele>
   </trkpt>
   <trkpt lat="38.344480000000004" lon="-121.62925000000001">
    <ele>2.22</ele>
   </trkpt>
   <trkpt lat="38.34431" lon="-121.62955000000001">
    <ele>2.0700000000000003</ele>
   </trkpt>
   <trkpt lat="38.343970000000006" lon="-121.62994">
    <ele>2.24</ele>
   </trkpt>
   <trkpt lat="38.343700000000005" lon="-121.63012">
    <ele>2.2700000000000005</ele>
   </trkpt>
   <trkpt lat="38.343520000000005" lon="-121.63018000000001">
    <ele>2.4000000000000004</ele>
   </trkpt>
   <trkpt lat="38.34353" lon="-121.63017">
    <ele>2.4000000000000004</ele>
   </trkpt>
   <trkpt lat="38.3432" lon="-121.63025">
    <ele>2.6</ele>
   </trkpt>
   <trkpt lat="38.342334000010865" lon="-121.63025800038247">
    <ele>2.68</ele>
   </trkpt>
   <trkpt lat="38.34146800002121" lon="-121.63026600057364">
    <ele>2.5900000000000003</ele>
   </trkpt>
   <trkpt lat="38.340602000030984" lon="-121.63027400057355">
    <ele>2.54</ele>
   </trkpt>
   <trkpt lat="38.33973600004022" lon="-121.6302820003822">
    <ele>2.54</ele>
   </trkpt>
   <trkpt lat="38.33887" lon="-121.63029000000002">
    <ele>2.43</ele>
   </trkpt>
   <trkpt lat="38.33814400000815" lon="-121.63030600064126">
    <ele>2.5900000000000003</ele>
   </trkpt>
   <trkpt lat="38.337418000014104" lon="-121.63032200096183">
    <ele>2.5900000000000003</ele>
   </trkpt>
   <trkpt lat="38.3366920000179" lon="-121.63033800096171">
    <ele>2.4600000000000004</ele>
   </trkpt>
   <trkpt lat="38.33596600001952" lon="-121.63035400064096">
    <ele>2.04</ele>
   </trkpt>
   <trkpt lat="38.335240000000006" lon="-121.63037000000001">
    <ele>2.16</ele>
   </trkpt>
   <trkpt lat="38.33440000000672" lon="-121.63038071590032">
    <ele>2.5300000000000002</ele>
   </trkpt>
   <trkpt lat="38.33356000001243" lon="-121.63039143155216">
    <ele>2.5300000000000002</ele>
   </trkpt>
   <trkpt lat="38.332720000017204" lon="-121.63040214695555">
    <ele>2.5300000000000002</ele>
   </trkpt>
   <trkpt lat="38.33188000002098" lon="-121.6304128621105">
    <ele>2.5300000000000002</ele>
   </trkpt>
   <trkpt lat="38.33104000002379" lon="-121.63042357701708">
    <ele>2.5300000000000002</ele>
   </trkpt>
   <trkpt lat="38.33020000002562" lon="-121.63043429167526">
    <ele>2.5300000000000002</ele>
   </trkpt>
   <trkpt lat="38.32936000002648" lon="-121.63044500608505">
    <ele>3.73</ele>
   </trkpt>
   <trkpt lat="38.32852000002636" lon="-121.63045572024647">
    <ele>3.73</ele>
   </trkpt>
   <trkpt lat="38.327680000025275" lon="-121.63046643415953">
    <ele>3.73</ele>
   </trkpt>
   <trkpt lat="38.3268400000232" lon="-121.63047714782424">
    <ele>3.73</ele>
   </trkpt>
   <trkpt lat="38.326000000020166" lon="-121.63048786124062">
    <ele>3.73</ele>
   </trkpt>
   <trkpt lat="38.325160000016155" lon="-121.6304985744087">
    <ele>3.73</ele>
   </trkpt>
   <trkpt lat="38.32432000001117" lon="-121.63050928732848">
    <ele>3.73</ele>
   </trkpt>
   <trkpt lat="38.32348" lon="-121.63052">
    <ele>3.73</ele>
   </trkpt>
   <trkpt lat="38.323440000000005" lon="-121.63052">
    <ele>1.6500000000000001</ele>
   </trkpt>
   <trkpt lat="38.322552727274854" lon="-121.63053272883053">
    <ele>1.6900000000000002</ele>
   </trkpt>
   <trkpt lat="38.32166545454832" lon="-121.63054545734941">
    <ele>1.62</ele>
   </trkpt>
   <trkpt lat="38.320778181820394" lon="-121.63055818555678">
    <ele>1.68</ele>
   </trkpt>
   <trkpt lat="38.31989090909111" lon="-121.63057091345253">
    <ele>1.87</ele>
   </trkpt>
   <trkpt lat="38.319003636360456" lon="-121.63058364103678">
    <ele>1.7400000000000002</ele>
   </trkpt>
   <trkpt lat="38.318116363628405" lon="-121.6305963683095">
    <ele>1.68</ele>
   </trkpt>
   <trkpt lat="38.317229090895005" lon="-121.63060909527069">
    <ele>1.6900000000000002</ele>
   </trkpt>
   <trkpt lat="38.31634181816021" lon="-121.6306218219204">
    <ele>1.62</ele>
   </trkpt>
   <trkpt lat="38.31545454542405" lon="-121.63063454825863">
    <ele>1.54</ele>
   </trkpt>
   <trkpt lat="38.31456727268651" lon="-121.63064727428541">
    <ele>1.4700000000000002</ele>
   </trkpt>
   <trkpt lat="38.313680000000005" lon="-121.63066">
    <ele>1.4700000000000002</ele>
   </trkpt>
   <trkpt lat="38.31279749999777" lon="-121.63066">
    <ele>1.6500000000000001</ele>
   </trkpt>
   <trkpt lat="38.311914999995565" lon="-121.63066">
    <ele>2.2700000000000005</ele>
   </trkpt>
   <trkpt lat="38.311032499993345" lon="-121.63066">
    <ele>2.37</ele>
   </trkpt>
   <trkpt lat="38.31015" lon="-121.63066">
    <ele>2.12</ele>
   </trkpt>
   <trkpt lat="38.30926111111413" lon="-121.63065499895835">
    <ele>2.1100000000000003</ele>
   </trkpt>
   <trkpt lat="38.308372222228066" lon="-121.63064999803925">
    <ele>2.18</ele>
   </trkpt>
   <trkpt lat="38.307483333341786" lon="-121.63064499724274">
    <ele>1.9600000000000004</ele>
   </trkpt>
   <trkpt lat="38.306594444455285" lon="-121.63063999656882">
    <ele>1.6900000000000002</ele>
   </trkpt>
   <trkpt lat="38.30570555556858" lon="-121.63063499601745">
    <ele>1.4800000000000002</ele>
   </trkpt>
   <trkpt lat="38.30481666668165" lon="-121.63062999558863">
    <ele>1.56</ele>
   </trkpt>
   <trkpt lat="38.30392777779453" lon="-121.63062499528239">
    <ele>1.6600000000000001</ele>
   </trkpt>
   <trkpt lat="38.30303888890718" lon="-121.63061999509868">
    <ele>1.68</ele>
   </trkpt>
   <trkpt lat="38.30215000001962" lon="-121.63061499503752">
    <ele>1.61</ele>
   </trkpt>
   <trkpt lat="38.30126111113185" lon="-121.63060999509888">
    <ele>1.4600000000000002</ele>
   </trkpt>
   <trkpt lat="38.300372222243865" lon="-121.63060499528277">
    <ele>1.4000000000000001</ele>
   </trkpt>
   <trkpt lat="38.299483333355674" lon="-121.63059999558918">
    <ele>1.3</ele>
   </trkpt>
   <trkpt lat="38.29859444446727" lon="-121.6305949960181">
    <ele>1.2000000000000002</ele>
   </trkpt>
   <trkpt lat="38.29770555557865" lon="-121.63058999656954">
    <ele>1.42</ele>
   </trkpt>
   <trkpt lat="38.29681666668982" lon="-121.63058499724345">
    <ele>1.42</ele>
   </trkpt>
   <trkpt lat="38.29592777780078" lon="-121.63057999803985">
    <ele>1.77</ele>
   </trkpt>
   <trkpt lat="38.29503888891152" lon="-121.63057499895876">
    <ele>1.56</ele>
   </trkpt>
   <trkpt lat="38.29415" lon="-121.63057">
    <ele>1.41</ele>
   </trkpt>
   <trkpt lat="38.29404" lon="-121.63060000000002">
    <ele>1.4800000000000002</ele>
   </trkpt>
   <trkpt lat="38.29397" lon="-121.63066">
    <ele>1.4600000000000002</ele>
   </trkpt>
   <trkpt lat="38.29383" lon="-121.63079">
    <ele>1.51</ele>
   </trkpt>
   <trkpt lat="38.29356000000001" lon="-121.63115">
    <ele>1.86</ele>
   </trkpt>
   <trkpt lat="38.293440000000004" lon="-121.63124">
    <ele>2.0500000000000003</ele>
   </trkpt>
   <trkpt lat="38.29327" lon="-121.63132000000002">
    <ele>2.62</ele>
   </trkpt>
   <trkpt lat="38.29307" lon="-121.63133">
    <ele>2.8100000000000005</ele>
   </trkpt>
   <trkpt lat="38.29285" lon="-121.63133">
    <ele>3.2900000000000005</ele>
   </trkpt>
   <trkpt lat="38.2927" lon="-121.63129">
    <ele>4.04</ele>
   </trkpt>
   <trkpt lat="38.29258" lon="-121.63124">
    <ele>5.21</ele>
   </trkpt>
   <trkpt lat="38.29251" lon="-121.63113000000001">
    <ele>5.760000000000001</ele>
   </trkpt>
   <trkpt lat="38.29238" lon="-121.63065000000002">
    <ele>6.710000000000001</ele>
   </trkpt>
   <trkpt lat="38.292280000000005" lon="-121.63065000000002">
    <ele>6.9</ele>
   </trkpt>
   <trkpt lat="38.29205" lon="-121.63074">
    <ele>7.29</ele>
   </trkpt>
   <trkpt lat="38.291340000000005" lon="-121.63108000000001">
    <ele>7.630000000000001</ele>
   </trkpt>
   <trkpt lat="38.2911133377286" lon="-121.63035999548607">
    <ele>6.800000000000001</ele>
   </trkpt>
   <trkpt lat="38.29088667105676" lon="-121.62963999546972">
    <ele>6.930000000000001</ele>
   </trkpt>
   <trkpt lat="38.29066" lon="-121.62892000000001">
    <ele>7.0600000000000005</ele>
   </trkpt>
   <trkpt lat="38.29045" lon="-121.62815">
    <ele>7.17</ele>
   </trkpt>
   <trkpt lat="38.29030500341842" lon="-121.62725499832733">
    <ele>7.630000000000001</ele>
   </trkpt>
   <trkpt lat="38.29016" lon="-121.62636">
    <ele>7.7</ele>
   </trkpt>
   <trkpt lat="38.29005" lon="-121.62582">
    <ele>7.72</ele>
   </trkpt>
   <trkpt lat="38.29001" lon="-121.62551">
    <ele>7.6000000000000005</ele>
   </trkpt>
   <trkpt lat="38.290000000000006" lon="-121.62523000000002">
    <ele>7.48</ele>
   </trkpt>
   <trkpt lat="38.290020000000005" lon="-121.62485000000001">
    <ele>7.450000000000001</ele>
   </trkpt>
   <trkpt lat="38.29012" lon="-121.62434">
    <ele>7.38</ele>
   </trkpt>
   <trkpt lat="38.29037" lon="-121.62367">
    <ele>7.5</ele>
   </trkpt>
   <trkpt lat="38.29043" lon="-121.62345">
    <ele>7.57</ele>
   </trkpt>
   <trkpt lat="38.29048" lon="-121.62314">
    <ele>7.7700000000000005</ele>
   </trkpt>
   <trkpt lat="38.29048" lon="-121.6226">
    <ele>7.8100000000000005</ele>
   </trkpt>
   <trkpt lat="38.290375002621" lon="-121.62181499890629">
    <ele>7.660000000000001</ele>
   </trkpt>
   <trkpt lat="38.29027" lon="-121.62103">
    <ele>7.65</ele>
   </trkpt>
   <trkpt lat="38.290130000000005" lon="-121.62031">
    <ele>7.3100000000000005</ele>
   </trkpt>
   <trkpt lat="38.29007000217096" lon="-121.61959499942337">
    <ele>7.2700000000000005</ele>
   </trkpt>
   <trkpt lat="38.29001" lon="-121.61888">
    <ele>7.2</ele>
   </trkpt>
   <trkpt lat="38.289840000000005" lon="-121.61785">
    <ele>7.1000000000000005</ele>
   </trkpt>
   <trkpt lat="38.289665002095525" lon="-121.6171549985048">
    <ele>7.16</ele>
   </trkpt>
   <trkpt lat="38.28949" lon="-121.61646">
    <ele>7.390000000000001</ele>
   </trkpt>
   <trkpt lat="38.289390000000004" lon="-121.61615">
    <ele>7.320000000000001</ele>
   </trkpt>
   <trkpt lat="38.28929" lon="-121.61593">
    <ele>7.320000000000001</ele>
   </trkpt>
   <trkpt lat="38.28916" lon="-121.6157">
    <ele>7.320000000000001</ele>
   </trkpt>
   <trkpt lat="38.28889" lon="-121.61537000000001">
    <ele>7.430000000000001</ele>
   </trkpt>
   <trkpt lat="38.28837" lon="-121.61481">
    <ele>7.5600000000000005</ele>
   </trkpt>
   <trkpt lat="38.288160000000005" lon="-121.61449">
    <ele>7.450000000000001</ele>
   </trkpt>
   <trkpt lat="38.28804" lon="-121.61426000000002">
    <ele>7.51</ele>
   </trkpt>
   <trkpt lat="38.287910000000004" lon="-121.61387">
    <ele>7.57</ele>
   </trkpt>
   <trkpt lat="38.28781" lon="-121.61342">
    <ele>7.540000000000001</ele>
   </trkpt>
   <trkpt lat="38.28775" lon="-121.61285000000001">
    <ele>7.130000000000001</ele>
   </trkpt>
   <trkpt lat="38.28772" lon="-121.61234">
    <ele>7.07</ele>
   </trkpt>
   <trkpt lat="38.28772" lon="-121.61172">
    <ele>6.960000000000001</ele>
   </trkpt>
   <trkpt lat="38.28779000175524" lon="-121.61107500071809">
    <ele>7.11</ele>
   </trkpt>
   <trkpt lat="38.28786" lon="-121.61043000000001">
    <ele>7.21</ele>
   </trkpt>
   <trkpt lat="38.28788" lon="-121.60979">
    <ele>7.44</ele>
   </trkpt>
   <trkpt lat="38.287850000000006" lon="-121.6093">
    <ele>7.630000000000001</ele>
   </trkpt>
   <trkpt lat="38.28781" lon="-121.60908">
    <ele>7.5</ele>
   </trkpt>
   <trkpt lat="38.287760000000006" lon="-121.60895000000001">
    <ele>7.46</ele>
   </trkpt>
   <trkpt lat="38.28768" lon="-121.60889000000002">
    <ele>7.46</ele>
   </trkpt>
   <trkpt lat="38.28741" lon="-121.60873000000001">
    <ele>7.0600000000000005</ele>
   </trkpt>
   <trkpt lat="38.28708" lon="-121.60867">
    <ele>7.220000000000001</ele>
   </trkpt>
   <trkpt lat="38.28689" lon="-121.60858">
    <ele>7.280000000000001</ele>
   </trkpt>
   <trkpt lat="38.286530000000006" lon="-121.60836">
    <ele>7.24</ele>
   </trkpt>
   <trkpt lat="38.286100000000005" lon="-121.60796">
    <ele>7.710000000000001</ele>
   </trkpt>
   <trkpt lat="38.286010000000005" lon="-121.60778">
    <ele>7.710000000000001</ele>
   </trkpt>
   <trkpt lat="38.285900000000005" lon="-121.60742">
    <ele>8.0</ele>
   </trkpt>
   <trkpt lat="38.28577000000001" lon="-121.60685000000001">
    <ele>7.69</ele>
   </trkpt>
   <trkpt lat="38.285500000000006" lon="-121.60612">
    <ele>7.660000000000001</ele>
   </trkpt>
   <trkpt lat="38.28530000000001" lon="-121.60581">
    <ele>7.72</ele>
   </trkpt>
   <trkpt lat="38.285070000000005" lon="-121.60555000000001">
    <ele>7.94</ele>
   </trkpt>
   <trkpt lat="38.28455000115574" lon="-121.60505499656432">
    <ele>7.8500000000000005</ele>
   </trkpt>
   <trkpt lat="38.28403" lon="-121.60456">
    <ele>7.72</ele>
   </trkpt>
   <trkpt lat="38.28353500115231" lon="-121.60403499640158">
    <ele>7.94</ele>
   </trkpt>
   <trkpt lat="38.28304" lon="-121.60351000000001">
    <ele>7.9700000000000015</ele>
   </trkpt>
   <trkpt lat="38.2826700004631" lon="-121.60313499795316">
    <ele>7.91</ele>
   </trkpt>
   <trkpt lat="38.282300000000006" lon="-121.60276">
    <ele>7.95</ele>
   </trkpt>
   <trkpt lat="38.28188500041714" lon="-121.60242999807775">
    <ele>7.8500000000000005</ele>
   </trkpt>
   <trkpt lat="38.281470000000006" lon="-121.60210000000001">
    <ele>7.9300000000000015</ele>
   </trkpt>
   <trkpt lat="38.281020000000005" lon="-121.60186000000002">
    <ele>8.17</ele>
   </trkpt>
   <trkpt lat="38.280370000000005" lon="-121.60155">
    <ele>8.33</ele>
   </trkpt>
   <trkpt lat="38.27982" lon="-121.60138">
    <ele>8.200000000000001</ele>
   </trkpt>
   <trkpt lat="38.2794" lon="-121.60129">
    <ele>7.8900000000000015</ele>
   </trkpt>
   <trkpt lat="38.27873" lon="-121.60124">
    <ele>7.33</ele>
   </trkpt>
   <trkpt lat="38.278420000000004" lon="-121.60124">
    <ele>7.29</ele>
   </trkpt>
   <trkpt lat="38.27758" lon="-121.60142">
    <ele>7.3500000000000005</ele>
   </trkpt>
   <trkpt lat="38.27704000000001" lon="-121.6016">
    <ele>7.180000000000001</ele>
   </trkpt>
   <trkpt lat="38.276416667097656" lon="-121.6018400041429">
    <ele>7.150000000000001</ele>
   </trkpt>
   <trkpt lat="38.27579333370641" lon="-121.60208000416516">
    <ele>7.300000000000001</ele>
   </trkpt>
   <trkpt lat="38.27517" lon="-121.60232">
    <ele>7.34</ele>
   </trkpt>
   <trkpt lat="38.274730000000005" lon="-121.60260000000001">
    <ele>7.21</ele>
   </trkpt>
   <trkpt lat="38.27431000016506" lon="-121.60290500193089">
    <ele>7.180000000000001</ele>
   </trkpt>
   <trkpt lat="38.27389" lon="-121.60321">
    <ele>6.890000000000001</ele>
   </trkpt>
   <trkpt lat="38.273480000000006" lon="-121.60345000000001">
    <ele>6.580000000000001</ele>
   </trkpt>
   <trkpt lat="38.27389" lon="-121.60321">
    <ele>6.890000000000001</ele>
   </trkpt>
   <trkpt lat="38.27431000062447" lon="-121.60290500159728">
    <ele>7.17</ele>
   </trkpt>
   <trkpt lat="38.274730000000005" lon="-121.60260000000001">
    <ele>7.21</ele>
   </trkpt>
   <trkpt lat="38.27517" lon="-121.60232">
    <ele>7.34</ele>
   </trkpt>
   <trkpt lat="38.27579333388011" lon="-121.60208000409826">
    <ele>7.300000000000001</ele>
   </trkpt>
   <trkpt lat="38.27641666727135" lon="-121.60184000407601">
    <ele>7.150000000000001</ele>
   </trkpt>
   <trkpt lat="38.27704000000001" lon="-121.6016">
    <ele>7.180000000000001</ele>
   </trkpt>
   <trkpt lat="38.27758" lon="-121.60142">
    <ele>7.3500000000000005</ele>
   </trkpt>
   <trkpt lat="38.278420000000004" lon="-121.60124">
    <ele>7.300000000000001</ele>
   </trkpt>
   <trkpt lat="38.27873" lon="-121.60124">
    <ele>7.410000000000001</ele>
   </trkpt>
   <trkpt lat="38.2794" lon="-121.60129">
    <ele>7.8900000000000015</ele>
   </trkpt>
   <trkpt lat="38.27982" lon="-121.60138">
    <ele>8.200000000000001</ele>
   </trkpt>
   <trkpt lat="38.280370000000005" lon="-121.60155">
    <ele>8.33</ele>
   </trkpt>
   <trkpt lat="38.281020000000005" lon="-121.60186000000002">
    <ele>8.17</ele>
   </trkpt>
   <trkpt lat="38.281470000000006" lon="-121.60210000000001">
    <ele>7.9300000000000015</ele>
   </trkpt>
   <trkpt lat="38.281885000507195" lon="-121.60242999814935">
    <ele>7.8500000000000005</ele>
   </trkpt>
   <trkpt lat="38.282300000000006" lon="-121.60276">
    <ele>7.95</ele>
   </trkpt>
   <trkpt lat="38.282670000730505" lon="-121.60313499822423">
    <ele>7.91</ele>
   </trkpt>
   <trkpt lat="38.28304" lon="-121.60351000000001">
    <ele>8.030000000000001</ele>
   </trkpt>
   <trkpt lat="38.28353500118715" lon="-121.60403499643853">
    <ele>7.94</ele>
   </trkpt>
   <trkpt lat="38.28403" lon="-121.60456">
    <ele>7.72</ele>
   </trkpt>
   <trkpt lat="38.28455000092403" lon="-121.60505499634375">
    <ele>7.8500000000000005</ele>
   </trkpt>
   <trkpt lat="38.285070000000005" lon="-121.60555000000001">
    <ele>7.94</ele>
   </trkpt>
   <trkpt lat="38.28530000000001" lon="-121.60581">
    <ele>7.72</ele>
   </trkpt>
   <trkpt lat="38.285500000000006" lon="-121.60612">
    <ele>7.660000000000001</ele>
   </trkpt>
   <trkpt lat="38.28577000000001" lon="-121.60685000000001">
    <ele>7.69</ele>
   </trkpt>
   <trkpt lat="38.285900000000005" lon="-121.60742">
    <ele>7.92</ele>
   </trkpt>
   <trkpt lat="38.286010000000005" lon="-121.60778">
    <ele>7.710000000000001</ele>
   </trkpt>
   <trkpt lat="38.286100000000005" lon="-121.60796">
    <ele>7.450000000000001</ele>
   </trkpt>
   <trkpt lat="38.286530000000006" lon="-121.60836">
    <ele>7.24</ele>
   </trkpt>
   <trkpt lat="38.28689" lon="-121.60858">
    <ele>7.220000000000001</ele>
   </trkpt>
   <trkpt lat="38.28708" lon="-121.60867">
    <ele>7.07</ele>
   </trkpt>
   <trkpt lat="38.28741" lon="-121.60873000000001">
    <ele>7.140000000000001</ele>
   </trkpt>
   <trkpt lat="38.28768" lon="-121.60889000000002">
    <ele>7.46</ele>
   </trkpt>
   <trkpt lat="38.287760000000006" lon="-121.60895000000001">
    <ele>7.5</ele>
   </trkpt>
   <trkpt lat="38.28781" lon="-121.60908">
    <ele>7.5</ele>
   </trkpt>
   <trkpt lat="38.287850000000006" lon="-121.6093">
    <ele>7.65</ele>
   </trkpt>
   <trkpt lat="38.28788" lon="-121.60979">
    <ele>7.44</ele>
   </trkpt>
   <trkpt lat="38.28786" lon="-121.61043000000001">
    <ele>7.21</ele>
   </trkpt>
   <trkpt lat="38.287790001776074" lon="-121.61107500052606">
    <ele>7.11</ele>
   </trkpt>
   <trkpt lat="38.28772" lon="-121.61172">
    <ele>7.0600000000000005</ele>
   </trkpt>
   <trkpt lat="38.28772" lon="-121.61234">
    <ele>7.07</ele>
   </trkpt>
   <trkpt lat="38.28775" lon="-121.61285000000001">
    <ele>7.21</ele>
   </trkpt>
   <trkpt lat="38.28781" lon="-121.61342">
    <ele>7.540000000000001</ele>
   </trkpt>
   <trkpt lat="38.287910000000004" lon="-121.61387">
    <ele>7.57</ele>
   </trkpt>
   <trkpt lat="38.28804" lon="-121.61426000000002">
    <ele>7.51</ele>
   </trkpt>
   <trkpt lat="38.288160000000005" lon="-121.61449">
    <ele>7.46</ele>
   </trkpt>
   <trkpt lat="38.28837" lon="-121.61481">
    <ele>7.5600000000000005</ele>
   </trkpt>
   <trkpt lat="38.28889" lon="-121.61537000000001">
    <ele>7.430000000000001</ele>
   </trkpt>
   <trkpt lat="38.28916" lon="-121.6157">
    <ele>7.320000000000001</ele>
   </trkpt>
   <trkpt lat="38.28929" lon="-121.61593">
    <ele>7.320000000000001</ele>
   </trkpt>
   <trkpt lat="38.289390000000004" lon="-121.61615">
    <ele>7.390000000000001</ele>
   </trkpt>
   <trkpt lat="38.28949" lon="-121.61646">
    <ele>7.390000000000001</ele>
   </trkpt>
   <trkpt lat="38.28966500200456" lon="-121.61715499814352">
    <ele>7.16</ele>
   </trkpt>
   <trkpt lat="38.289840000000005" lon="-121.61785">
    <ele>7.130000000000001</ele>
   </trkpt>
   <trkpt lat="38.29001" lon="-121.61888">
    <ele>7.2</ele>
   </trkpt>
   <trkpt lat="38.29007000216852" lon="-121.61959499939441">
    <ele>7.280000000000001</ele>
   </trkpt>
   <trkpt lat="38.290130000000005" lon="-121.62031">
    <ele>7.51</ele>
   </trkpt>
   <trkpt lat="38.29027" lon="-121.62103">
    <ele>7.65</ele>
   </trkpt>
   <trkpt lat="38.290375002609764" lon="-121.62181499882225">
    <ele>7.660000000000001</ele>
   </trkpt>
   <trkpt lat="38.29048" lon="-121.6226">
    <ele>7.8100000000000005</ele>
   </trkpt>
   <trkpt lat="38.29048" lon="-121.62314">
    <ele>7.57</ele>
   </trkpt>
   <trkpt lat="38.29043" lon="-121.62345">
    <ele>7.5</ele>
   </trkpt>
   <trkpt lat="38.29037" lon="-121.62367">
    <ele>7.5</ele>
   </trkpt>
   <trkpt lat="38.29012" lon="-121.62434">
    <ele>7.38</ele>
   </trkpt>
   <trkpt lat="38.290020000000005" lon="-121.62485000000001">
    <ele>7.450000000000001</ele>
   </trkpt>
   <trkpt lat="38.290000000000006" lon="-121.62523000000002">
    <ele>7.6000000000000005</ele>
   </trkpt>
   <trkpt lat="38.29001" lon="-121.62551">
    <ele>7.6000000000000005</ele>
   </trkpt>
   <trkpt lat="38.29005" lon="-121.62582">
    <ele>7.72</ele>
   </trkpt>
   <trkpt lat="38.29016" lon="-121.62636">
    <ele>7.7</ele>
   </trkpt>
   <trkpt lat="38.290305003381" lon="-121.62725499809633">
    <ele>7.630000000000001</ele>
   </trkpt>
   <trkpt lat="38.29045" lon="-121.62815">
    <ele>7.17</ele>
   </trkpt>
   <trkpt lat="38.29066" lon="-121.62892000000001">
    <ele>7.0600000000000005</ele>
   </trkpt>
   <trkpt lat="38.29088667107222" lon="-121.62963999551883">
    <ele>6.930000000000001</ele>
   </trkpt>
   <trkpt lat="38.29111333774406" lon="-121.63035999553519">
    <ele>6.800000000000001</ele>
   </trkpt>
   <trkpt lat="38.291340000000005" lon="-121.63108000000001">
    <ele>7.630000000000001</ele>
   </trkpt>
   <trkpt lat="38.29205" lon="-121.63074">
    <ele>7.29</ele>
   </trkpt>
   <trkpt lat="38.292280000000005" lon="-121.63065000000002">
    <ele>6.9</ele>
   </trkpt>
   <trkpt lat="38.29238" lon="-121.63065000000002">
    <ele>6.410000000000001</ele>
   </trkpt>
   <trkpt lat="38.29251" lon="-121.63113000000001">
    <ele>5.21</ele>
   </trkpt>
   <trkpt lat="38.29258" lon="-121.63124">
    <ele>5.21</ele>
   </trkpt>
   <trkpt lat="38.2927" lon="-121.63129">
    <ele>3.7700000000000005</ele>
   </trkpt>
   <trkpt lat="38.29285" lon="-121.63133">
    <ele>3.2900000000000005</ele>
   </trkpt>
   <trkpt lat="38.29307" lon="-121.63133">
    <ele>2.62</ele>
   </trkpt>
   <trkpt lat="38.29327" lon="-121.63132000000002">
    <ele>2.0500000000000003</ele>
   </trkpt>
   <trkpt lat="38.293440000000004" lon="-121.63124">
    <ele>2.0500000000000003</ele>
   </trkpt>
   <trkpt lat="38.29356000000001" lon="-121.63115">
    <ele>1.86</ele>
   </trkpt>
   <trkpt lat="38.29383" lon="-121.63079">
    <ele>1.4600000000000002</ele>
   </trkpt>
   <trkpt lat="38.29397" lon="-121.63066">
    <ele>1.4800000000000002</ele>
   </trkpt>
   <trkpt lat="38.29404" lon="-121.63060000000002">
    <ele>1.41</ele>
   </trkpt>
   <trkpt lat="38.29415" lon="-121.63057">
    <ele>1.36</ele>
   </trkpt>
   <trkpt lat="38.29503888888947" lon="-121.63057499895864">
    <ele>1.56</ele>
   </trkpt>
   <trkpt lat="38.29592777777872" lon="-121.63057999803972">
    <ele>1.77</ele>
   </trkpt>
   <trkpt lat="38.29681666666777" lon="-121.63058499724333">
    <ele>1.42</ele>
   </trkpt>
   <trkpt lat="38.297705555556604" lon="-121.63058999656941">
    <ele>1.42</ele>
   </trkpt>
   <trkpt lat="38.29859444444522" lon="-121.63059499601798">
    <ele>1.2000000000000002</ele>
   </trkpt>
   <trkpt lat="38.299483333333626" lon="-121.63059999558905">
    <ele>1.3</ele>
   </trkpt>
   <trkpt lat="38.30037222222182" lon="-121.63060499528264">
    <ele>1.4500000000000002</ele>
   </trkpt>
   <trkpt lat="38.3012611111098" lon="-121.63060999509877">
    <ele>1.4600000000000002</ele>
   </trkpt>
   <trkpt lat="38.30214999999757" lon="-121.63061499503739">
    <ele>1.61</ele>
   </trkpt>
   <trkpt lat="38.30303888888513" lon="-121.63061999509857">
    <ele>1.6400000000000001</ele>
   </trkpt>
   <trkpt lat="38.30392777777248" lon="-121.63062499528226">
    <ele>1.6600000000000001</ele>
   </trkpt>
   <trkpt lat="38.30481666665961" lon="-121.63062999558854">
    <ele>1.56</ele>
   </trkpt>
   <trkpt lat="38.30570555554653" lon="-121.63063499601732">
    <ele>1.4800000000000002</ele>
   </trkpt>
   <trkpt lat="38.30659444443324" lon="-121.63063999656869">
    <ele>1.6900000000000002</ele>
   </trkpt>
   <trkpt lat="38.30748333331974" lon="-121.63064499724263">
    <ele>1.9600000000000004</ele>
   </trkpt>
   <trkpt lat="38.30837222220602" lon="-121.63064999803912">
    <ele>2.18</ele>
   </trkpt>
   <trkpt lat="38.309261111092084" lon="-121.63065499895822">
    <ele>2.1100000000000003</ele>
   </trkpt>
   <trkpt lat="38.31015" lon="-121.63066">
    <ele>2.12</ele>
   </trkpt>
   <trkpt lat="38.31103250000222" lon="-121.63066">
    <ele>2.37</ele>
   </trkpt>
   <trkpt lat="38.31191500000443" lon="-121.63066">
    <ele>2.0</ele>
   </trkpt>
   <trkpt lat="38.31279750000666" lon="-121.63066">
    <ele>1.6500000000000001</ele>
   </trkpt>
   <trkpt lat="38.313680000000005" lon="-121.63066">
    <ele>1.4700000000000002</ele>
   </trkpt>
   <trkpt lat="38.31457000001214" lon="-121.63064750230156">
    <ele>1.4700000000000002</ele>
   </trkpt>
   <trkpt lat="38.31546000002295" lon="-121.6306350042963">
    <ele>1.54</ele>
   </trkpt>
   <trkpt lat="38.31635000003243" lon="-121.63062250598426">
    <ele>1.6300000000000001</ele>
   </trkpt>
   <trkpt lat="38.31724000004058" lon="-121.63061000736536">
    <ele>1.6900000000000002</ele>
   </trkpt>
   <trkpt lat="38.31813000004742" lon="-121.6305975084396">
    <ele>1.68</ele>
   </trkpt>
   <trkpt lat="38.31902000005292" lon="-121.63058500920701">
    <ele>1.7400000000000002</ele>
   </trkpt>
   <trkpt lat="38.31991000005709" lon="-121.63057250966754">
    <ele>1.77</ele>
   </trkpt>
   <trkpt lat="38.32080000005995" lon="-121.63056000982112">
    <ele>1.68</ele>
   </trkpt>
   <trkpt lat="38.32169000006148" lon="-121.63054750966784">
    <ele>1.62</ele>
   </trkpt>
   <trkpt lat="38.32258000006166" lon="-121.6305350092076">
    <ele>1.6900000000000002</ele>
   </trkpt>
   <trkpt lat="38.32347000006054" lon="-121.63052250844038">
    <ele>1.62</ele>
   </trkpt>
   <trkpt lat="38.324360000058086" lon="-121.63051000736623">
    <ele>1.8</ele>
   </trkpt>
   <trkpt lat="38.325250000054304" lon="-121.63049750598509">
    <ele>1.8300000000000003</ele>
   </trkpt>
   <trkpt lat="38.32614000004919" lon="-121.63048500429692">
    <ele>1.84</ele>
   </trkpt>
   <trkpt lat="38.32703000004275" lon="-121.63047250230174">
    <ele>1.78</ele>
   </trkpt>
   <trkpt lat="38.327920000000006" lon="-121.63046000000001">
    <ele>1.9200000000000002</ele>
   </trkpt>
   <trkpt lat="38.32877166667833" lon="-121.63044666744999">
    <ele>1.9100000000000001</ele>
   </trkpt>
   <trkpt lat="38.329623333355165" lon="-121.63043333458661">
    <ele>1.8900000000000001</ele>
   </trkpt>
   <trkpt lat="38.330475000030475" lon="-121.63042000140987">
    <ele>1.93</ele>
   </trkpt>
   <trkpt lat="38.33132666670428" lon="-121.63040666791976">
    <ele>2.04</ele>
   </trkpt>
   <trkpt lat="38.33217833337657" lon="-121.63039333411622">
    <ele>1.98</ele>
   </trkpt>
   <trkpt lat="38.33303" lon="-121.63038000000002">
    <ele>2.0300000000000002</ele>
   </trkpt>
   <trkpt lat="38.33383999997532" lon="-121.63037666674131">
    <ele>1.97</ele>
   </trkpt>
   <trkpt lat="38.33464999995052" lon="-121.63037333340807">
    <ele>2.0900000000000003</ele>
   </trkpt>
   <trkpt lat="38.335460000000005" lon="-121.63037000000001">
    <ele>2.21</ele>
   </trkpt>
   <trkpt lat="38.33631249999625" lon="-121.6303500007062">
    <ele>2.2</ele>
   </trkpt>
   <trkpt lat="38.33716499998909" lon="-121.63033000094174">
    <ele>2.5500000000000003</ele>
   </trkpt>
   <trkpt lat="38.33801749997854" lon="-121.63031000070664">
    <ele>2.5900000000000003</ele>
   </trkpt>
   <trkpt lat="38.33887" lon="-121.63029000000002">
    <ele>2.43</ele>
   </trkpt>
   <trkpt lat="38.339735999991305" lon="-121.63028200038265">
    <ele>2.54</ele>
   </trkpt>
   <trkpt lat="38.34060199998206" lon="-121.63027400057402">
    <ele>2.54</ele>
   </trkpt>
   <trkpt lat="38.34146799997228" lon="-121.6302660005741">
    <ele>2.5900000000000003</ele>
   </trkpt>
   <trkpt lat="38.34233399996195" lon="-121.63025800038291">
    <ele>2.68</ele>
   </trkpt>
   <trkpt lat="38.3432" lon="-121.63025">
    <ele>2.6</ele>
   </trkpt>
   <trkpt lat="38.34353" lon="-121.63017">
    <ele>2.4000000000000004</ele>
   </trkpt>
   <trkpt lat="38.343700000000005" lon="-121.63012">
    <ele>2.2700000000000005</ele>
   </trkpt>
   <trkpt lat="38.343970000000006" lon="-121.62994">
    <ele>2.24</ele>
   </trkpt>
   <trkpt lat="38.34431" lon="-121.62955000000001">
    <ele>2.0700000000000003</ele>
   </trkpt>
   <trkpt lat="38.344480000000004" lon="-121.62925000000001">
    <ele>2.22</ele>
   </trkpt>
   <trkpt lat="38.34461" lon="-121.62886">
    <ele>2.0500000000000003</ele>
   </trkpt>
   <trkpt lat="38.344660000000005" lon="-121.62855">
    <ele>1.99</ele>
   </trkpt>
   <trkpt lat="38.34467" lon="-121.62833">
    <ele>1.99</ele>
   </trkpt>
   <trkpt lat="38.3446400034386" lon="-121.62742999960496">
    <ele>1.8</ele>
   </trkpt>
   <trkpt lat="38.34461" lon="-121.62653000000002">
    <ele>1.87</ele>
   </trkpt>
   <trkpt lat="38.34459148862554" lon="-121.62540699162979">
    <ele>1.9200000000000002</ele>
   </trkpt>
   <trkpt lat="38.34457296654114" lon="-121.62428398383375">
    <ele>1.8900000000000001</ele>
   </trkpt>
   <trkpt lat="38.34455443374684" lon="-121.62316097661223">
    <ele>1.8200000000000003</ele>
   </trkpt>
   <trkpt lat="38.34453589024263" lon="-121.62203796996553">
    <ele>1.75</ele>
   </trkpt>
   <trkpt lat="38.34451733602854" lon="-121.62091496389398">
    <ele>1.7400000000000002</ele>
   </trkpt>
   <trkpt lat="38.34449877110458" lon="-121.61979195839795">
    <ele>1.79</ele>
   </trkpt>
   <trkpt lat="38.34448019547075" lon="-121.61866895347771">
    <ele>1.6900000000000002</ele>
   </trkpt>
   <trkpt lat="38.34446160912708" lon="-121.61754594913364">
    <ele>1.62</ele>
   </trkpt>
   <trkpt lat="38.34444301207356" lon="-121.61642294536608">
    <ele>1.59</ele>
   </trkpt>
   <trkpt lat="38.344424404310224" lon="-121.61529994217534">
    <ele>1.51</ele>
   </trkpt>
   <trkpt lat="38.344405785837075" lon="-121.61417693956176">
    <ele>1.36</ele>
   </trkpt>
   <trkpt lat="38.344387156654136" lon="-121.61305393752565">
    <ele>1.3900000000000001</ele>
   </trkpt>
   <trkpt lat="38.3443685167614" lon="-121.61193093606734">
    <ele>1.3800000000000001</ele>
   </trkpt>
   <trkpt lat="38.34434986615891" lon="-121.61080793518717">
    <ele>1.52</ele>
   </trkpt>
   <trkpt lat="38.34433120484663" lon="-121.60968493488552">
    <ele>2.0</ele>
   </trkpt>
   <trkpt lat="38.344312532824624" lon="-121.60856193516264">
    <ele>2.12</ele>
   </trkpt>
   <trkpt lat="38.344293850092875" lon="-121.60743893601892">
    <ele>2.23</ele>
   </trkpt>
   <trkpt lat="38.34427515665141" lon="-121.60631593745468">
    <ele>2.16</ele>
   </trkpt>
   <trkpt lat="38.344256452500225" lon="-121.60519293947023">
    <ele>2.1300000000000003</ele>
   </trkpt>
   <trkpt lat="38.34423773763935" lon="-121.60406994206592">
    <ele>2.16</ele>
   </trkpt>
   <trkpt lat="38.34421901206879" lon="-121.60294694524207">
    <ele>2.25</ele>
   </trkpt>
   <trkpt lat="38.34420027578856" lon="-121.60182394899903">
    <ele>2.31</ele>
   </trkpt>
   <trkpt lat="38.344181528798664" lon="-121.6007009533371">
    <ele>2.3800000000000003</ele>
   </trkpt>
   <trkpt lat="38.34416277109912" lon="-121.59957795825665">
    <ele>2.45</ele>
   </trkpt>
   <trkpt lat="38.34414400268996" lon="-121.59845496375797">
    <ele>2.6300000000000003</ele>
   </trkpt>
   <trkpt lat="38.344125223571176" lon="-121.59733196984143">
    <ele>2.4899999999999998</ele>
   </trkpt>
   <trkpt lat="38.344106433742766" lon="-121.59620897650736">
    <ele>2.3800000000000003</ele>
   </trkpt>
   <trkpt lat="38.34408763320478" lon="-121.59508598375605">
    <ele>2.2600000000000002</ele>
   </trkpt>
   <trkpt lat="38.344068821957194" lon="-121.59396299158784">
    <ele>2.21</ele>
   </trkpt>
   <trkpt lat="38.34405" lon="-121.59284000000001">
    <ele>2.14</ele>
   </trkpt>
   <trkpt lat="38.34404" lon="-121.59261000000001">
    <ele>2.14</ele>
   </trkpt>
   <trkpt lat="38.343990000000005" lon="-121.59228000000002">
    <ele>1.87</ele>
   </trkpt>
   <trkpt lat="38.3437900281636" lon="-121.5912285540063">
    <ele>1.7200000000000002</ele>
   </trkpt>
   <trkpt lat="38.343590046938836" lon="-121.59017711381819">
    <ele>1.4600000000000002</ele>
   </trkpt>
   <trkpt lat="38.343390056325845" lon="-121.58912567943584">
    <ele>1.4400000000000002</ele>
   </trkpt>
   <trkpt lat="38.34319005632473" lon="-121.58807425085945">
    <ele>1.3200000000000003</ele>
   </trkpt>
   <trkpt lat="38.34299004693563" lon="-121.58702282808925">
    <ele>1.2200000000000002</ele>
   </trkpt>
   <trkpt lat="38.34279002815867" lon="-121.58597141112541">
    <ele>1.41</ele>
   </trkpt>
   <trkpt lat="38.34259" lon="-121.58492000000001">
    <ele>1.7000000000000002</ele>
   </trkpt>
   <trkpt lat="38.34321499996383" lon="-121.58489500021724">
    <ele>2.0500000000000003</ele>
   </trkpt>
   <trkpt lat="38.34384" lon="-121.58487000000001">
    <ele>2.08</ele>
   </trkpt>
   <trkpt lat="38.34467100001119" lon="-121.58485100196198">
    <ele>1.9600000000000004</ele>
   </trkpt>
   <trkpt lat="38.345502000019316" lon="-121.58483200348805">
    <ele>1.93</ele>
   </trkpt>
   <trkpt lat="38.34633300002439" lon="-121.58481300457817">
    <ele>2.08</ele>
   </trkpt>
   <trkpt lat="38.347164000026396" lon="-121.58479400523231">
    <ele>2.0</ele>
   </trkpt>
   <trkpt lat="38.34799500002532" lon="-121.58477500545048">
    <ele>1.9500000000000002</ele>
   </trkpt>
   <trkpt lat="38.3488260000212" lon="-121.58475600523262">
    <ele>1.9100000000000001</ele>
   </trkpt>
   <trkpt lat="38.34965700001399" lon="-121.58473700457873">
    <ele>1.9200000000000002</ele>
   </trkpt>
   <trkpt lat="38.35048800000373" lon="-121.58471800348876">
    <ele>2.06</ele>
   </trkpt>
   <trkpt lat="38.351318999990404" lon="-121.58469900196273">
    <ele>1.79</ele>
   </trkpt>
   <trkpt lat="38.35215" lon="-121.58468">
    <ele>1.68</ele>
   </trkpt>
   <trkpt lat="38.35299200003034" lon="-121.58463400213991">
    <ele>1.7100000000000002</ele>
   </trkpt>
   <trkpt lat="38.3538340000427" lon="-121.58458800321006">
    <ele>1.6900000000000002</ele>
   </trkpt>
   <trkpt lat="38.35467600003709" lon="-121.58454200321044">
    <ele>1.6600000000000001</ele>
   </trkpt>
   <trkpt lat="38.355518000013504" lon="-121.58449600214094">
    <ele>1.67</ele>
   </trkpt>
   <trkpt lat="38.35636" lon="-121.58445">
    <ele>1.78</ele>
   </trkpt>
   <trkpt lat="38.357217647250714" lon="-121.58439706885856">
    <ele>1.4900000000000002</ele>
   </trkpt>
   <trkpt lat="38.35807529447764" lon="-121.5843441364631">
    <ele>1.41</ele>
   </trkpt>
   <trkpt lat="38.35893294168076" lon="-121.58429120281352">
    <ele>1.43</ele>
   </trkpt>
   <trkpt lat="38.359790588860086" lon="-121.58423826790971">
    <ele>1.62</ele>
   </trkpt>
   <trkpt lat="38.36064823601562" lon="-121.58418533175167">
    <ele>2.08</ele>
   </trkpt>
   <trkpt lat="38.361505883147345" lon="-121.5841323943393">
    <ele>1.75</ele>
   </trkpt>
   <trkpt lat="38.36236353025526" lon="-121.58407945567255">
    <ele>1.53</ele>
   </trkpt>
   <trkpt lat="38.36322117733939" lon="-121.58402651575136">
    <ele>1.29</ele>
   </trkpt>
   <trkpt lat="38.36407882439969" lon="-121.58397357457561">
    <ele>1.2200000000000002</ele>
   </trkpt>
   <trkpt lat="38.3649364714362" lon="-121.58392063214527">
    <ele>1.4400000000000002</ele>
   </trkpt>
   <trkpt lat="38.3657941184489" lon="-121.58386768846027">
    <ele>1.4400000000000002</ele>
   </trkpt>
   <trkpt lat="38.36665176543781" lon="-121.58381474352052">
    <ele>1.62</ele>
   </trkpt>
   <trkpt lat="38.367509412402875" lon="-121.58376179732599">
    <ele>1.53</ele>
   </trkpt>
   <trkpt lat="38.36836705934415" lon="-121.58370884987657">
    <ele>1.5700000000000003</ele>
   </trkpt>
   <trkpt lat="38.36922470626161" lon="-121.58365590117225">
    <ele>1.59</ele>
   </trkpt>
   <trkpt lat="38.370082353155254" lon="-121.58360295121291">
    <ele>1.7000000000000002</ele>
   </trkpt>
   <trkpt lat="38.370940000000004" lon="-121.58355000000002">
    <ele>1.6500000000000001</ele>
   </trkpt>
   <trkpt lat="38.371788000059404" lon="-121.58349600253068">
    <ele>1.35</ele>
   </trkpt>
   <trkpt lat="38.372636000094055" lon="-121.58344200379577">
    <ele>1.34</ele>
   </trkpt>
   <trkpt lat="38.37348400010392" lon="-121.58338800379522">
    <ele>1.43</ele>
   </trkpt>
   <trkpt lat="38.374332000089034" lon="-121.58333400252894">
    <ele>1.53</ele>
   </trkpt>
   <trkpt lat="38.37518" lon="-121.58328000000002">
    <ele>1.84</ele>
   </trkpt>
   <trkpt lat="38.37606400003617" lon="-121.58326120551367">
    <ele>1.86</ele>
   </trkpt>
   <trkpt lat="38.376948000069355" lon="-121.58324241056805">
    <ele>1.87</ele>
   </trkpt>
   <trkpt lat="38.37783200009954" lon="-121.58322361516312">
    <ele>1.78</ele>
   </trkpt>
   <trkpt lat="38.37871600012671" lon="-121.58320481929887">
    <ele>1.76</ele>
   </trkpt>
   <trkpt lat="38.37960000015089" lon="-121.58318602297528">
    <ele>1.6900000000000002</ele>
   </trkpt>
   <trkpt lat="38.380484000172075" lon="-121.58316722619229">
    <ele>1.7100000000000002</ele>
   </trkpt>
   <trkpt lat="38.38136800019025" lon="-121.58314842894993">
    <ele>1.51</ele>
   </trkpt>
   <trkpt lat="38.38225200020541" lon="-121.58312963124813">
    <ele>1.4700000000000002</ele>
   </trkpt>
   <trkpt lat="38.38313600021759" lon="-121.58311083308685">
    <ele>1.52</ele>
   </trkpt>
   <trkpt lat="38.38402000022677" lon="-121.58309203446612">
    <ele>1.4000000000000001</ele>
   </trkpt>
   <trkpt lat="38.38490400023292" lon="-121.58307323538588">
    <ele>1.35</ele>
   </trkpt>
   <trkpt lat="38.3857880002361" lon="-121.5830544358461">
    <ele>1.54</ele>
   </trkpt>
   <trkpt lat="38.38667200023626" lon="-121.58303563584677">
    <ele>1.6900000000000002</ele>
   </trkpt>
   <trkpt lat="38.3875560002334" lon="-121.58301683538787">
    <ele>1.8</ele>
   </trkpt>
   <trkpt lat="38.388440000227575" lon="-121.58299803446931">
    <ele>1.6900000000000002</ele>
   </trkpt>
   <trkpt lat="38.38932400021873" lon="-121.58297923309118">
    <ele>1.84</ele>
   </trkpt>
   <trkpt lat="38.390208000206876" lon="-121.58296043125333">
    <ele>1.8300000000000003</ele>
   </trkpt>
   <trkpt lat="38.391092000192025" lon="-121.58294162895587">
    <ele>1.75</ele>
   </trkpt>
   <trkpt lat="38.39197600017416" lon="-121.58292282619861">
    <ele>1.7100000000000002</ele>
   </trkpt>
   <trkpt lat="38.39286000015332" lon="-121.58290402298168">
    <ele>1.97</ele>
   </trkpt>
   <trkpt lat="38.393744000129445" lon="-121.58288521930496">
    <ele>1.9200000000000002</ele>
   </trkpt>
   <trkpt lat="38.39462800010258" lon="-121.58286641516845">
    <ele>2.1100000000000003</ele>
   </trkpt>
   <trkpt lat="38.39551200007271" lon="-121.58284761057213">
    <ele>1.9200000000000002</ele>
   </trkpt>
   <trkpt lat="38.396396000039836" lon="-121.58282880551597">
    <ele>2.02</ele>
   </trkpt>
   <trkpt lat="38.39728" lon="-121.58281000000001">
    <ele>2.14</ele>
   </trkpt>
   <trkpt lat="38.39809444444806" lon="-121.5828066669671">
    <ele>1.77</ele>
   </trkpt>
   <trkpt lat="38.398908888896024" lon="-121.58280333385909">
    <ele>1.59</ele>
   </trkpt>
   <trkpt lat="38.39972333334388" lon="-121.58280000067596">
    <ele>1.6400000000000001</ele>
   </trkpt>
   <trkpt lat="38.40053777779166" lon="-121.58279666741775">
    <ele>1.7100000000000002</ele>
   </trkpt>
   <trkpt lat="38.40135222223935" lon="-121.58279333408443">
    <ele>1.6900000000000002</ele>
   </trkpt>
   <trkpt lat="38.402166666686924" lon="-121.58279000067597">
    <ele>1.7400000000000002</ele>
   </trkpt>
   <trkpt lat="38.402981111134416" lon="-121.58278666719241">
    <ele>1.68</ele>
   </trkpt>
   <trkpt lat="38.40379555558182" lon="-121.58278333363371">
    <ele>1.6400000000000001</ele>
   </trkpt>
   <trkpt lat="38.404610000000005" lon="-121.58278000000001">
    <ele>1.7100000000000002</ele>
   </trkpt>
   <trkpt lat="38.40547000004535" lon="-121.58278666650837">
    <ele>1.6</ele>
   </trkpt>
   <trkpt lat="38.40633000009033" lon="-121.58279333317539">
    <ele>1.5700000000000003</ele>
   </trkpt>
   <trkpt lat="38.40719" lon="-121.5828">
    <ele>1.6600000000000001</ele>
   </trkpt>
   <trkpt lat="38.40793666664319" lon="-121.58279333347133">
    <ele>1.33</ele>
   </trkpt>
   <trkpt lat="38.408683333286" lon="-121.58278666680488">
    <ele>1.58</ele>
   </trkpt>
   <trkpt lat="38.40943" lon="-121.58278000000001">
    <ele>1.58</ele>
   </trkpt>
   <trkpt lat="38.41025833334523" lon="-121.58279333256928">
    <ele>1.4700000000000002</ele>
   </trkpt>
   <trkpt lat="38.411086666688966" lon="-121.5828066654442">
    <ele>1.42</ele>
   </trkpt>
   <trkpt lat="38.411915000031186" lon="-121.5828199986248">
    <ele>1.51</ele>
   </trkpt>
   <trkpt lat="38.41274333337189" lon="-121.58283333211108">
    <ele>1.37</ele>
   </trkpt>
   <trkpt lat="38.413571666711086" lon="-121.58284666590309">
    <ele>1.31</ele>
   </trkpt>
   <trkpt lat="38.4144" lon="-121.58286000000001">
    <ele>1.53</ele>
   </trkpt>
   <trkpt lat="38.41523777778395" lon="-121.58286000000003">
    <ele>1.34</ele>
   </trkpt>
   <trkpt lat="38.416075555567886" lon="-121.58286000000003">
    <ele>1.4900000000000002</ele>
   </trkpt>
   <trkpt lat="38.41691333335183" lon="-121.58286000000003">
    <ele>1.3900000000000001</ele>
   </trkpt>
   <trkpt lat="38.41775111113577" lon="-121.58286000000003">
    <ele>1.28</ele>
   </trkpt>
   <trkpt lat="38.41858888891971" lon="-121.58286000000003">
    <ele>1.24</ele>
   </trkpt>
   <trkpt lat="38.41942666670365" lon="-121.58286000000003">
    <ele>1.4400000000000002</ele>
   </trkpt>
   <trkpt lat="38.4202644444876" lon="-121.58286000000003">
    <ele>1.4700000000000002</ele>
   </trkpt>
   <trkpt lat="38.42110222227154" lon="-121.58286000000003">
    <ele>1.4900000000000002</ele>
   </trkpt>
   <trkpt lat="38.421940000000006" lon="-121.58286000000001">
    <ele>1.7400000000000002</ele>
   </trkpt>
   <trkpt lat="38.42282428572121" lon="-121.58286999926548">
    <ele>1.67</ele>
   </trkpt>
   <trkpt lat="38.42370857144157" lon="-121.58287999877581">
    <ele>1.62</ele>
   </trkpt>
   <trkpt lat="38.42459285716109" lon="-121.58288999853097">
    <ele>1.7300000000000002</ele>
   </trkpt>
   <trkpt lat="38.42547714287976" lon="-121.58289999853098">
    <ele>1.7000000000000002</ele>
   </trkpt>
   <trkpt lat="38.42636142859756" lon="-121.58290999877589">
    <ele>1.6300000000000001</ele>
   </trkpt>
   <trkpt lat="38.42724571431452" lon="-121.58291999926567">
    <ele>1.7000000000000002</ele>
   </trkpt>
   <trkpt lat="38.42813" lon="-121.58293">
    <ele>1.7000000000000002</ele>
   </trkpt>
   <trkpt lat="38.42902750000261" lon="-121.58292875010876">
    <ele>1.6300000000000001</ele>
   </trkpt>
   <trkpt lat="38.42992500000522" lon="-121.58292750018644">
    <ele>1.37</ele>
   </trkpt>
   <trkpt lat="38.430822500007814" lon="-121.58292625023304">
    <ele>1.4700000000000002</ele>
   </trkpt>
   <trkpt lat="38.43172000001039" lon="-121.58292500024858">
    <ele>1.37</ele>
   </trkpt>
   <trkpt lat="38.43261750001295" lon="-121.58292375023305">
    <ele>1.4600000000000002</ele>
   </trkpt>
   <trkpt lat="38.43351500001551" lon="-121.58292250018644">
    <ele>1.51</ele>
   </trkpt>
   <trkpt lat="38.43441250001805" lon="-121.58292125010877">
    <ele>1.6400000000000001</ele>
   </trkpt>
   <trkpt lat="38.43531" lon="-121.58292000000002">
    <ele>1.7300000000000002</ele>
   </trkpt>
   <trkpt lat="38.4361999999865" lon="-121.58292199990134">
    <ele>1.55</ele>
   </trkpt>
   <trkpt lat="38.43708999997296" lon="-121.58292399985201">
    <ele>1.75</ele>
   </trkpt>
   <trkpt lat="38.43797999995939" lon="-121.58292599985197">
    <ele>1.9600000000000004</ele>
   </trkpt>
   <trkpt lat="38.438869999945794" lon="-121.58292799990124">
    <ele>1.9400000000000002</ele>
   </trkpt>
   <trkpt lat="38.43976" lon="-121.58293">
    <ele>2.02</ele>
   </trkpt>
   <trkpt lat="38.44061500012325" lon="-121.58291500017553">
    <ele>2.08</ele>
   </trkpt>
   <trkpt lat="38.44147" lon="-121.58290000000001">
    <ele>2.25</ele>
   </trkpt>
   <trkpt lat="38.44214" lon="-121.58293">
    <ele>2.54</ele>
   </trkpt>
   <trkpt lat="38.44286249998461" lon="-121.58292750007514">
    <ele>2.6100000000000003</ele>
   </trkpt>
   <trkpt lat="38.44358499996917" lon="-121.5829250001002">
    <ele>2.67</ele>
   </trkpt>
   <trkpt lat="38.444307499953666" lon="-121.58292250007526">
    <ele>2.8800000000000003</ele>
   </trkpt>
   <trkpt lat="38.44503" lon="-121.58292000000002">
    <ele>3.23</ele>
   </trkpt>
   <trkpt lat="38.445915000055116" lon="-121.58292999987799">
    <ele>3.34</ele>
   </trkpt>
   <trkpt lat="38.4468" lon="-121.58294000000001">
    <ele>4.47</ele>
   </trkpt>
   <trkpt lat="38.44698601740889" lon="-121.58192801043408">
    <ele>4.880000000000001</ele>
   </trkpt>
   <trkpt lat="38.447172026113364" lon="-121.58091601565131">
    <ele>5.220000000000001</ele>
   </trkpt>
   <trkpt lat="38.44735802611333" lon="-121.57990401565189">
    <ele>4.94</ele>
   </trkpt>
   <trkpt lat="38.44754401740867" lon="-121.57889201043598">
    <ele>4.49</ele>
   </trkpt>
   <trkpt lat="38.44773" lon="-121.57788000000001">
    <ele>4.48</ele>
   </trkpt>
   <trkpt lat="38.44785" lon="-121.57746000000002">
    <ele>5.0</ele>
   </trkpt>
   <trkpt lat="38.44803" lon="-121.57703000000001">
    <ele>5.72</ele>
   </trkpt>
   <trkpt lat="38.448280000000004" lon="-121.57653">
    <ele>7.91</ele>
   </trkpt>
   <trkpt lat="38.44888" lon="-121.57573000000001">
    <ele>7.8100000000000005</ele>
   </trkpt>
   <trkpt lat="38.44921" lon="-121.57524000000001">
    <ele>7.61</ele>
   </trkpt>
   <trkpt lat="38.449630000000006" lon="-121.57469">
    <ele>7.72</ele>
   </trkpt>
   <trkpt lat="38.44984" lon="-121.57446000000002">
    <ele>7.7</ele>
   </trkpt>
   <trkpt lat="38.45044" lon="-121.57389">
    <ele>7.280000000000001</ele>
   </trkpt>
   <trkpt lat="38.45120000159887" lon="-121.57329000626515">
    <ele>7.87</ele>
   </trkpt>
   <trkpt lat="38.45196" lon="-121.57269000000001">
    <ele>8.23</ele>
   </trkpt>
   <trkpt lat="38.45241000055715" lon="-121.57240000167994">
    <ele>8.280000000000001</ele>
   </trkpt>
   <trkpt lat="38.45286" lon="-121.57211000000001">
    <ele>8.21</ele>
   </trkpt>
   <trkpt lat="38.45351" lon="-121.57146000000002">
    <ele>7.680000000000001</ele>
   </trkpt>
   <trkpt lat="38.454060000000005" lon="-121.57117000000001">
    <ele>7.620000000000001</ele>
   </trkpt>
   <trkpt lat="38.454710000000006" lon="-121.57098">
    <ele>7.580000000000001</ele>
   </trkpt>
   <trkpt lat="38.45525000000001" lon="-121.57097000000002">
    <ele>7.5600000000000005</ele>
   </trkpt>
   <trkpt lat="38.45562" lon="-121.57074000000001">
    <ele>7.5200000000000005</ele>
   </trkpt>
   <trkpt lat="38.4564" lon="-121.57048">
    <ele>7.280000000000001</ele>
   </trkpt>
   <trkpt lat="38.45675000000001" lon="-121.57044">
    <ele>7.29</ele>
   </trkpt>
   <trkpt lat="38.45754" lon="-121.57012">
    <ele>7.300000000000001</ele>
   </trkpt>
   <trkpt lat="38.45778" lon="-121.56999">
    <ele>7.37</ele>
   </trkpt>
   <trkpt lat="38.458090000000006" lon="-121.56986">
    <ele>7.670000000000001</ele>
   </trkpt>
   <trkpt lat="38.45828" lon="-121.56982">
    <ele>7.74</ele>
   </trkpt>
   <trkpt lat="38.45876499998468" lon="-121.56984499983099">
    <ele>7.73</ele>
   </trkpt>
   <trkpt lat="38.459250000000004" lon="-121.56987000000001">
    <ele>7.5</ele>
   </trkpt>
   <trkpt lat="38.459740000000004" lon="-121.57008">
    <ele>7.83</ele>
   </trkpt>
   <trkpt lat="38.460240000000006" lon="-121.57044">
    <ele>7.790000000000001</ele>
   </trkpt>
   <trkpt lat="38.4605" lon="-121.57057">
    <ele>7.8100000000000005</ele>
   </trkpt>
   <trkpt lat="38.46067" lon="-121.57052000000002">
    <ele>7.800000000000001</ele>
   </trkpt>
   <trkpt lat="38.46083" lon="-121.57043000000002">
    <ele>7.710000000000001</ele>
   </trkpt>
   <trkpt lat="38.46101" lon="-121.57026">
    <ele>7.44</ele>
   </trkpt>
   <trkpt lat="38.46112" lon="-121.57012">
    <ele>7.44</ele>
   </trkpt>
   <trkpt lat="38.46115" lon="-121.56987000000001">
    <ele>7.34</ele>
   </trkpt>
   <trkpt lat="38.461310000000005" lon="-121.56960000000001">
    <ele>7.3500000000000005</ele>
   </trkpt>
   <trkpt lat="38.461420000000004" lon="-121.5695">
    <ele>7.46</ele>
   </trkpt>
   <trkpt lat="38.461840000196695" lon="-121.569260001425">
    <ele>7.430000000000001</ele>
   </trkpt>
   <trkpt lat="38.46226" lon="-121.56902000000001">
    <ele>7.55</ele>
   </trkpt>
   <trkpt lat="38.462500000000006" lon="-121.56893000000001">
    <ele>7.710000000000001</ele>
   </trkpt>
   <trkpt lat="38.46271" lon="-121.56879">
    <ele>7.710000000000001</ele>
   </trkpt>
   <trkpt lat="38.46325" lon="-121.56826000000001">
    <ele>7.630000000000001</ele>
   </trkpt>
   <trkpt lat="38.463280000000005" lon="-121.56825">
    <ele>7.630000000000001</ele>
   </trkpt>
   <trkpt lat="38.46345" lon="-121.5682">
    <ele>7.88</ele>
   </trkpt>
   <trkpt lat="38.463730000000005" lon="-121.56821000000001">
    <ele>7.96</ele>
   </trkpt>
   <trkpt lat="38.46374" lon="-121.56821000000001">
    <ele>7.96</ele>
   </trkpt>
   <trkpt lat="38.4641" lon="-121.56817000000001">
    <ele>7.94</ele>
   </trkpt>
   <trkpt lat="38.464360000000006" lon="-121.56808000000001">
    <ele>8.040000000000001</ele>
   </trkpt>
   <trkpt lat="38.46463" lon="-121.56784">
    <ele>8.020000000000001</ele>
   </trkpt>
   <trkpt lat="38.465030000000006" lon="-121.5674">
    <ele>7.8900000000000015</ele>
   </trkpt>
   <trkpt lat="38.465320000000006" lon="-121.56718000000001">
    <ele>7.72</ele>
   </trkpt>
   <trkpt lat="38.46562" lon="-121.56704">
    <ele>7.59</ele>
   </trkpt>
   <trkpt lat="38.466100000000004" lon="-121.56699">
    <ele>7.86</ele>
   </trkpt>
   <trkpt lat="38.46665" lon="-121.56695">
    <ele>7.98</ele>
   </trkpt>
   <trkpt lat="38.46697" lon="-121.56681">
    <ele>8.49</ele>
   </trkpt>
   <trkpt lat="38.4673" lon="-121.56641">
    <ele>8.110000000000001</ele>
   </trkpt>
   <trkpt lat="38.467510000000004" lon="-121.56564000000002">
    <ele>8.39</ele>
   </trkpt>
   <trkpt lat="38.46780500217442" lon="-121.56493000282792">
    <ele>7.99</ele>
   </trkpt>
   <trkpt lat="38.4681" lon="-121.56422">
    <ele>7.800000000000001</ele>
   </trkpt>
   <trkpt lat="38.46838500089142" lon="-121.56377000172998">
    <ele>7.790000000000001</ele>
   </trkpt>
   <trkpt lat="38.46867" lon="-121.56332">
    <ele>7.82</ele>
   </trkpt>
   <trkpt lat="38.46904" lon="-121.56255000000002">
    <ele>7.87</ele>
   </trkpt>
   <trkpt lat="38.46918" lon="-121.56230000000001">
    <ele>7.87</ele>
   </trkpt>
   <trkpt lat="38.46933000000001" lon="-121.56225">
    <ele>7.83</ele>
   </trkpt>
   <trkpt lat="38.46958" lon="-121.56224000000002">
    <ele>7.840000000000002</ele>
   </trkpt>
   <trkpt lat="38.46981" lon="-121.56229">
    <ele>8.049999999999999</ele>
   </trkpt>
   <trkpt lat="38.47003" lon="-121.56235000000001">
    <ele>8.100000000000001</ele>
   </trkpt>
   <trkpt lat="38.47055" lon="-121.5626">
    <ele>7.760000000000001</ele>
   </trkpt>
   <trkpt lat="38.47093" lon="-121.56265">
    <ele>7.91</ele>
   </trkpt>
   <trkpt lat="38.471250000000005" lon="-121.56266000000001">
    <ele>8.049999999999999</ele>
   </trkpt>
   <trkpt lat="38.47171" lon="-121.56251">
    <ele>8.540000000000001</ele>
   </trkpt>
   <trkpt lat="38.47232" lon="-121.56216">
    <ele>8.55</ele>
   </trkpt>
   <trkpt lat="38.472530000000006" lon="-121.56206000000002">
    <ele>8.540000000000001</ele>
   </trkpt>
   <trkpt lat="38.47294" lon="-121.56162">
    <ele>8.030000000000001</ele>
   </trkpt>
   <trkpt lat="38.473440000000004" lon="-121.56149">
    <ele>7.800000000000001</ele>
   </trkpt>
   <trkpt lat="38.473710000000004" lon="-121.56123000000001">
    <ele>7.87</ele>
   </trkpt>
   <trkpt lat="38.473890000000004" lon="-121.56085000000002">
    <ele>7.790000000000001</ele>
   </trkpt>
   <trkpt lat="38.47430000000001" lon="-121.56027000000002">
    <ele>7.8100000000000005</ele>
   </trkpt>
   <trkpt lat="38.474700000000006" lon="-121.55992">
    <ele>7.710000000000001</ele>
   </trkpt>
   <trkpt lat="38.47489" lon="-121.5596">
    <ele>7.7700000000000005</ele>
   </trkpt>
   <trkpt lat="38.47513" lon="-121.55907">
    <ele>7.96</ele>
   </trkpt>
   <trkpt lat="38.475280000000005" lon="-121.55866">
    <ele>7.98</ele>
   </trkpt>
   <trkpt lat="38.475300000000004" lon="-121.55826">
    <ele>8.39</ele>
   </trkpt>
   <trkpt lat="38.47518000304852" lon="-121.55741499868819">
    <ele>8.100000000000001</ele>
   </trkpt>
   <trkpt lat="38.475060000000006" lon="-121.55657000000001">
    <ele>8.200000000000001</ele>
   </trkpt>
   <trkpt lat="38.47505" lon="-121.55629">
    <ele>8.14</ele>
   </trkpt>
   <trkpt lat="38.47507" lon="-121.55581000000001">
    <ele>7.99</ele>
   </trkpt>
   <trkpt lat="38.475170000000006" lon="-121.55541000000001">
    <ele>7.96</ele>
   </trkpt>
   <trkpt lat="38.47524000000001" lon="-121.55526">
    <ele>8.15</ele>
   </trkpt>
   <trkpt lat="38.475480000000005" lon="-121.5549">
    <ele>8.180000000000001</ele>
   </trkpt>
   <trkpt lat="38.47569" lon="-121.55472">
    <ele>8.100000000000001</ele>
   </trkpt>
   <trkpt lat="38.475950000000005" lon="-121.55458000000002">
    <ele>8.100000000000001</ele>
   </trkpt>
   <trkpt lat="38.47619" lon="-121.5545">
    <ele>8.0</ele>
   </trkpt>
   <trkpt lat="38.47680000022642" lon="-121.55431000324049">
    <ele>7.8100000000000005</ele>
   </trkpt>
   <trkpt lat="38.47741000014595" lon="-121.55412000326558">
    <ele>7.750000000000001</ele>
   </trkpt>
   <trkpt lat="38.47802" lon="-121.55393000000001">
    <ele>7.57</ele>
   </trkpt>
   <trkpt lat="38.478320000000004" lon="-121.55387">
    <ele>7.37</ele>
   </trkpt>
   <trkpt lat="38.478680000000004" lon="-121.55388">
    <ele>7.300000000000001</ele>
   </trkpt>
   <trkpt lat="38.47912" lon="-121.55379">
    <ele>7.34</ele>
   </trkpt>
   <trkpt lat="38.47932" lon="-121.55374">
    <ele>7.34</ele>
   </trkpt>
   <trkpt lat="38.47948" lon="-121.55365">
    <ele>7.38</ele>
   </trkpt>
   <trkpt lat="38.479760000000006" lon="-121.55347">
    <ele>7.450000000000001</ele>
   </trkpt>
   <trkpt lat="38.47986" lon="-121.55338">
    <ele>7.4</ele>
   </trkpt>
   <trkpt lat="38.47993" lon="-121.55326000000001">
    <ele>7.4</ele>
   </trkpt>
   <trkpt lat="38.479980000000005" lon="-121.55316">
    <ele>7.17</ele>
   </trkpt>
   <trkpt lat="38.48001" lon="-121.55289">
    <ele>7.010000000000001</ele>
   </trkpt>
   <trkpt lat="38.480000000000004" lon="-121.55276">
    <ele>7.010000000000001</ele>
   </trkpt>
   <trkpt lat="38.479780000000005" lon="-121.55208">
    <ele>6.44</ele>
   </trkpt>
   <trkpt lat="38.47973" lon="-121.55163">
    <ele>6.42</ele>
   </trkpt>
   <trkpt lat="38.47974" lon="-121.55141">
    <ele>6.5</ele>
   </trkpt>
   <trkpt lat="38.479800000000004" lon="-121.55100000000002">
    <ele>6.86</ele>
   </trkpt>
   <trkpt lat="38.479945002611956" lon="-121.55021000181239">
    <ele>7.6000000000000005</ele>
   </trkpt>
   <trkpt lat="38.480090000000004" lon="-121.54942000000001">
    <ele>10.48</ele>
   </trkpt>
   <trkpt lat="38.480180000000004" lon="-121.54948000000002">
    <ele>10.5</ele>
   </trkpt>
   <trkpt lat="38.48064" lon="-121.54958">
    <ele>10.47</ele>
   </trkpt>
   <trkpt lat="38.4808" lon="-121.54966">
    <ele>10.020000000000001</ele>
   </trkpt>
   <trkpt lat="38.48098" lon="-121.54979000000002">
    <ele>10.020000000000001</ele>
   </trkpt>
   <trkpt lat="38.481370000000005" lon="-121.55016">
    <ele>9.850000000000001</ele>
   </trkpt>
   <trkpt lat="38.481590000000004" lon="-121.55034">
    <ele>9.91</ele>
   </trkpt>
   <trkpt lat="38.48220500063069" lon="-121.55073499660874">
    <ele>9.75</ele>
   </trkpt>
   <trkpt lat="38.482820000000004" lon="-121.55113000000001">
    <ele>9.860000000000001</ele>
   </trkpt>
   <trkpt lat="38.48345000248064" lon="-121.55156998846985">
    <ele>9.45</ele>
   </trkpt>
   <trkpt lat="38.48408000331537" lon="-121.55200998463171">
    <ele>9.46</ele>
   </trkpt>
   <trkpt lat="38.48471000250414" lon="-121.55244998848592">
    <ele>9.4</ele>
   </trkpt>
   <trkpt lat="38.48534" lon="-121.55289">
    <ele>9.850000000000001</ele>
   </trkpt>
   <trkpt lat="38.48576500014478" lon="-121.55310999867105">
    <ele>9.91</ele>
   </trkpt>
   <trkpt lat="38.48619" lon="-121.55333000000002">
    <ele>9.840000000000002</ele>
   </trkpt>
   <trkpt lat="38.48680333460904" lon="-121.55370999356148">
    <ele>9.97</ele>
   </trkpt>
   <trkpt lat="38.48741666799041" lon="-121.5540899935911">
    <ele>10.07</ele>
   </trkpt>
   <trkpt lat="38.48803" lon="-121.55447000000001">
    <ele>9.930000000000001</ele>
   </trkpt>
   <trkpt lat="38.48858000095944" lon="-121.5547799953481">
    <ele>9.780000000000001</ele>
   </trkpt>
   <trkpt lat="38.489130001101834" lon="-121.55508999542829">
    <ele>9.74</ele>
   </trkpt>
   <trkpt lat="38.48968" lon="-121.5554">
    <ele>9.670000000000002</ele>
   </trkpt>
   <trkpt lat="38.49020500035503" lon="-121.55566499809773">
    <ele>9.71</ele>
   </trkpt>
   <trkpt lat="38.490730000000006" lon="-121.55593">
    <ele>9.590000000000002</ele>
   </trkpt>
   <trkpt lat="38.49098" lon="-121.55608000000001">
    <ele>9.88</ele>
   </trkpt>
   <trkpt lat="38.4913" lon="-121.55638">
    <ele>9.97</ele>
   </trkpt>
   <trkpt lat="38.49189333443848" lon="-121.5567366608066">
    <ele>10.13</ele>
   </trkpt>
   <trkpt lat="38.49248666779537" lon="-121.55709332748737">
    <ele>10.32</ele>
   </trkpt>
   <trkpt lat="38.493080000000006" lon="-121.55745">
    <ele>10.280000000000001</ele>
   </trkpt>
   <trkpt lat="38.49335000000001" lon="-121.55764">
    <ele>10.520000000000001</ele>
   </trkpt>
   <trkpt lat="38.49391" lon="-121.55808">
    <ele>10.540000000000001</ele>
   </trkpt>
   <trkpt lat="38.494460000000004" lon="-121.55854000000001">
    <ele>10.88</ele>
   </trkpt>
   <trkpt lat="38.49488" lon="-121.55893">
    <ele>11.01</ele>
   </trkpt>
   <trkpt lat="38.495490000000004" lon="-121.55938">
    <ele>11.1</ele>
   </trkpt>
   <trkpt lat="38.49591000006575" lon="-121.55960499860818">
    <ele>11.09</ele>
   </trkpt>
   <trkpt lat="38.49633" lon="-121.55983">
    <ele>11.06</ele>
   </trkpt>
   <trkpt lat="38.496610000000004" lon="-121.55996">
    <ele>10.89</ele>
   </trkpt>
   <trkpt lat="38.49714" lon="-121.56011000000001">
    <ele>10.23</ele>
   </trkpt>
   <trkpt lat="38.498020000000004" lon="-121.56033000000001">
    <ele>10.17</ele>
   </trkpt>
   <trkpt lat="38.49841" lon="-121.56041">
    <ele>10.23</ele>
   </trkpt>
   <trkpt lat="38.499" lon="-121.56045">
    <ele>10.440000000000001</ele>
   </trkpt>
   <trkpt lat="38.499499999946984" lon="-121.56046999985898">
    <ele>10.97</ele>
   </trkpt>
   <trkpt lat="38.5" lon="-121.56049000000002">
    <ele>11.01</ele>
   </trkpt>
   <trkpt lat="38.50086" lon="-121.56041">
    <ele>10.81</ele>
   </trkpt>
   <trkpt lat="38.50141499996952" lon="-121.56033000062477">
    <ele>10.66</ele>
   </trkpt>
   <trkpt lat="38.50197" lon="-121.56025000000001">
    <ele>10.72</ele>
   </trkpt>
   <trkpt lat="38.502390000000005" lon="-121.56014">
    <ele>10.64</ele>
   </trkpt>
   <trkpt lat="38.502860000000005" lon="-121.56014">
    <ele>10.040000000000001</ele>
   </trkpt>
   <trkpt lat="38.503400000000006" lon="-121.56001">
    <ele>7.33</ele>
   </trkpt>
   <trkpt lat="38.50361" lon="-121.56001">
    <ele>6.540000000000001</ele>
   </trkpt>
   <trkpt lat="38.503820000000005" lon="-121.5601">
    <ele>5.94</ele>
   </trkpt>
   <trkpt lat="38.503930000000004" lon="-121.5601">
    <ele>5.760000000000001</ele>
   </trkpt>
   <trkpt lat="38.50403" lon="-121.56005">
    <ele>5.72</ele>
   </trkpt>
   <trkpt lat="38.504340000000006" lon="-121.55979">
    <ele>5.890000000000001</ele>
   </trkpt>
   <trkpt lat="38.504945000366924" lon="-121.55947500267482">
    <ele>6.17</ele>
   </trkpt>
   <trkpt lat="38.50555000000001" lon="-121.55916">
    <ele>6.08</ele>
   </trkpt>
   <trkpt lat="38.50618" lon="-121.55875">
    <ele>6.140000000000001</ele>
   </trkpt>
   <trkpt lat="38.50690666824875" lon="-121.55832334192418">
    <ele>6.07</ele>
   </trkpt>
   <trkpt lat="38.50763333494954" lon="-121.55789667523763">
    <ele>5.91</ele>
   </trkpt>
   <trkpt lat="38.50836" lon="-121.55747000000001">
    <ele>5.880000000000001</ele>
   </trkpt>
   <trkpt lat="38.50908000194752" lon="-121.55707751178349">
    <ele>5.86</ele>
   </trkpt>
   <trkpt lat="38.50980000258504" lon="-121.55668501571792">
    <ele>5.81</ele>
   </trkpt>
   <trkpt lat="38.51052000191253" lon="-121.55629251180294">
    <ele>6.11</ele>
   </trkpt>
   <trkpt lat="38.51124" lon="-121.55590000000001">
    <ele>6.23</ele>
   </trkpt>
   <trkpt lat="38.51168500007191" lon="-121.55569500131621">
    <ele>6.1000000000000005</ele>
   </trkpt>
   <trkpt lat="38.512130000000006" lon="-121.55549">
    <ele>5.9799999999999995</ele>
   </trkpt>
   <trkpt lat="38.51254" lon="-121.55535">
    <ele>5.81</ele>
   </trkpt>
   <trkpt lat="38.5129" lon="-121.55517">
    <ele>5.580000000000001</ele>
   </trkpt>
   <trkpt lat="38.513220000000004" lon="-121.55496000000001">
    <ele>5.580000000000001</ele>
   </trkpt>
   <trkpt lat="38.51386" lon="-121.55451000000001">
    <ele>5.5600000000000005</ele>
   </trkpt>
   <trkpt lat="38.514410000000005" lon="-121.55420000000001">
    <ele>5.620000000000001</ele>
   </trkpt>
   <trkpt lat="38.514980000719675" lon="-121.55389667150342">
    <ele>5.38</ele>
   </trkpt>
   <trkpt lat="38.51555000065691" lon="-121.55359333820354">
    <ele>5.29</ele>
   </trkpt>
   <trkpt lat="38.51612" lon="-121.55329">
    <ele>5.410000000000001</ele>
   </trkpt>
   <trkpt lat="38.51623" lon="-121.55325">
    <ele>5.410000000000001</ele>
   </trkpt>
   <trkpt lat="38.51644" lon="-121.5532">
    <ele>5.47</ele>
   </trkpt>
   <trkpt lat="38.51679" lon="-121.55329">
    <ele>5.51</ele>
   </trkpt>
   <trkpt lat="38.51704" lon="-121.55343">
    <ele>5.68</ele>
   </trkpt>
   <trkpt lat="38.5172" lon="-121.55357000000001">
    <ele>5.68</ele>
   </trkpt>
   <trkpt lat="38.517570000000006" lon="-121.55401">
    <ele>5.7700000000000005</ele>
   </trkpt>
   <trkpt lat="38.51803333585221" lon="-121.55455999285604">
    <ele>5.69</ele>
   </trkpt>
   <trkpt lat="38.518496669131935" lon="-121.5551099927923">
    <ele>5.430000000000001</ele>
   </trkpt>
   <trkpt lat="38.51896" lon="-121.55566">
    <ele>5.24</ele>
   </trkpt>
   <trkpt lat="38.51912" lon="-121.55581000000001">
    <ele>5.15</ele>
   </trkpt>
   <trkpt lat="38.51923" lon="-121.55589">
    <ele>4.920000000000001</ele>
   </trkpt>
   <trkpt lat="38.519450000000006" lon="-121.55598">
    <ele>4.880000000000001</ele>
   </trkpt>
   <trkpt lat="38.51997" lon="-121.55599000000001">
    <ele>5.390000000000001</ele>
   </trkpt>
   <trkpt lat="38.51999" lon="-121.55527000000001">
    <ele>4.3500000000000005</ele>
   </trkpt>
   <trkpt lat="38.520070000000004" lon="-121.55476000000002">
    <ele>4.38</ele>
   </trkpt>
   <trkpt lat="38.520160000000004" lon="-121.55441">
    <ele>4.430000000000001</ele>
   </trkpt>
   <trkpt lat="38.520496685724225" lon="-121.55346335546184">
    <ele>4.880000000000001</ele>
   </trkpt>
   <trkpt lat="38.520833363827286" lon="-121.55251670206765">
    <ele>4.99</ele>
   </trkpt>
   <trkpt lat="38.521170034309044" lon="-121.55157003981739">
    <ele>4.890000000000001</ele>
   </trkpt>
   <trkpt lat="38.52150669716929" lon="-121.5506233687111">
    <ele>5.24</ele>
   </trkpt>
   <trkpt lat="38.52184335240792" lon="-121.54967668874883">
    <ele>5.540000000000001</ele>
   </trkpt>
   <trkpt lat="38.522180000000006" lon="-121.54873">
    <ele>4.840000000000001</ele>
   </trkpt>
   <trkpt lat="38.522400000000005" lon="-121.54828">
    <ele>4.840000000000001</ele>
   </trkpt>
   <trkpt lat="38.52261" lon="-121.54792">
    <ele>4.6000000000000005</ele>
   </trkpt>
   <trkpt lat="38.52295000093119" lon="-121.54747000203305">
    <ele>4.5200000000000005</ele>
   </trkpt>
   <trkpt lat="38.52329" lon="-121.54702">
    <ele>4.73</ele>
   </trkpt>
   <trkpt lat="38.52355" lon="-121.54658">
    <ele>4.95</ele>
   </trkpt>
   <trkpt lat="38.523700000000005" lon="-121.54631">
    <ele>5.13</ele>
   </trkpt>
   <trkpt lat="38.523900000000005" lon="-121.54586">
    <ele>5.280000000000001</ele>
   </trkpt>
   <trkpt lat="38.524260000000005" lon="-121.54483">
    <ele>5.3500000000000005</ele>
   </trkpt>
   <trkpt lat="38.52449" lon="-121.54429">
    <ele>5.16</ele>
   </trkpt>
   <trkpt lat="38.524770000000004" lon="-121.54371">
    <ele>5.010000000000001</ele>
   </trkpt>
   <trkpt lat="38.525090000000006" lon="-121.54314000000001">
    <ele>4.83</ele>
   </trkpt>
   <trkpt lat="38.52519" lon="-121.54291">
    <ele>4.85</ele>
   </trkpt>
   <trkpt lat="38.525330000000004" lon="-121.54251000000001">
    <ele>5.0600000000000005</ele>
   </trkpt>
   <trkpt lat="38.525450000000006" lon="-121.54202000000001">
    <ele>5.23</ele>
   </trkpt>
   <trkpt lat="38.525510000000004" lon="-121.54152">
    <ele>5.390000000000001</ele>
   </trkpt>
   <trkpt lat="38.52552" lon="-121.54104000000001">
    <ele>5.38</ele>
   </trkpt>
   <trkpt lat="38.525470000000006" lon="-121.54053">
    <ele>5.390000000000001</ele>
   </trkpt>
   <trkpt lat="38.52537" lon="-121.53995">
    <ele>5.6000000000000005</ele>
   </trkpt>
   <trkpt lat="38.525330000000004" lon="-121.53960000000001">
    <ele>5.6000000000000005</ele>
   </trkpt>
   <trkpt lat="38.525310000000005" lon="-121.53928">
    <ele>5.68</ele>
   </trkpt>
   <trkpt lat="38.52532" lon="-121.53889000000001">
    <ele>5.68</ele>
   </trkpt>
   <trkpt lat="38.52537" lon="-121.53843">
    <ele>5.59</ele>
   </trkpt>
   <trkpt lat="38.525450000000006" lon="-121.53807">
    <ele>5.53</ele>
   </trkpt>
   <trkpt lat="38.525560000000006" lon="-121.53767">
    <ele>5.44</ele>
   </trkpt>
   <trkpt lat="38.525780000000005" lon="-121.53714000000001">
    <ele>5.29</ele>
   </trkpt>
   <trkpt lat="38.52591" lon="-121.53691">
    <ele>5.220000000000001</ele>
   </trkpt>
   <trkpt lat="38.52617" lon="-121.53655">
    <ele>5.11</ele>
   </trkpt>
   <trkpt lat="38.52646" lon="-121.53623">
    <ele>5.15</ele>
   </trkpt>
   <trkpt lat="38.52673" lon="-121.53596">
    <ele>5.2700000000000005</ele>
   </trkpt>
   <trkpt lat="38.52691" lon="-121.53583">
    <ele>5.29</ele>
   </trkpt>
   <trkpt lat="38.5275833344136" lon="-121.53546334022965">
    <ele>5.3</ele>
   </trkpt>
   <trkpt lat="38.528256667683785" lon="-121.53509667359748">
    <ele>5.42</ele>
   </trkpt>
   <trkpt lat="38.52893" lon="-121.53473000000001">
    <ele>5.7700000000000005</ele>
   </trkpt>
   <trkpt lat="38.529622501669685" lon="-121.53437001038576">
    <ele>5.55</ele>
   </trkpt>
   <trkpt lat="38.53031500223717" lon="-121.53401001384218">
    <ele>5.930000000000001</ele>
   </trkpt>
   <trkpt lat="38.5310075017024" lon="-121.53365001036907">
    <ele>6.19</ele>
   </trkpt>
   <trkpt lat="38.5317" lon="-121.53329000000001">
    <ele>6.12</ele>
   </trkpt>
   <trkpt lat="38.53204" lon="-121.53306">
    <ele>5.760000000000001</ele>
   </trkpt>
   <trkpt lat="38.53267500964341" lon="-121.53238669637804">
    <ele>5.580000000000001</ele>
   </trkpt>
   <trkpt lat="38.53331001543099" lon="-121.53171338087061">
    <ele>5.960000000000001</ele>
   </trkpt>
   <trkpt lat="38.533945017362626" lon="-121.53104005347738">
    <ele>6.0600000000000005</ele>
   </trkpt>
   <trkpt lat="38.534580015438124" lon="-121.53036671419791">
    <ele>6.0</ele>
   </trkpt>
   <trkpt lat="38.53521500965738" lon="-121.52969336303177">
    <ele>6.19</ele>
   </trkpt>
   <trkpt lat="38.53585" lon="-121.52902000000002">
    <ele>5.930000000000001</ele>
   </trkpt>
   <trkpt lat="38.53638" lon="-121.52822">
    <ele>6.07</ele>
   </trkpt>
   <trkpt lat="38.53663" lon="-121.5276">
    <ele>6.24</ele>
   </trkpt>
   <trkpt lat="38.53679" lon="-121.52702000000001">
    <ele>6.66</ele>
   </trkpt>
   <trkpt lat="38.53693000218168" lon="-121.52629500168894">
    <ele>6.66</ele>
   </trkpt>
   <trkpt lat="38.53707" lon="-121.52557000000002">
    <ele>6.44</ele>
   </trkpt>
   <trkpt lat="38.537330000000004" lon="-121.5245">
    <ele>6.46</ele>
   </trkpt>
   <trkpt lat="38.53761" lon="-121.52371000000001">
    <ele>6.710000000000001</ele>
   </trkpt>
   <trkpt lat="38.53801" lon="-121.5229">
    <ele>6.72</ele>
   </trkpt>
   <trkpt lat="38.538450000000005" lon="-121.52227">
    <ele>6.470000000000001</ele>
   </trkpt>
   <trkpt lat="38.53875" lon="-121.52190000000002">
    <ele>6.44</ele>
   </trkpt>
   <trkpt lat="38.539010000000005" lon="-121.5216">
    <ele>6.53</ele>
   </trkpt>
   <trkpt lat="38.539570000000005" lon="-121.52115">
    <ele>6.73</ele>
   </trkpt>
   <trkpt lat="38.540150000000004" lon="-121.52078000000002">
    <ele>6.410000000000001</ele>
   </trkpt>
   <trkpt lat="38.54076000051259" lon="-121.52043000297316">
    <ele>5.880000000000001</ele>
   </trkpt>
   <trkpt lat="38.54137" lon="-121.52008000000001">
    <ele>5.85</ele>
   </trkpt>
   <trkpt lat="38.5419250004085" lon="-121.51979000221128">
    <ele>5.99</ele>
   </trkpt>
   <trkpt lat="38.542480000000005" lon="-121.51950000000001">
    <ele>6.03</ele>
   </trkpt>
   <trkpt lat="38.542880000000004" lon="-121.51927">
    <ele>5.87</ele>
   </trkpt>
   <trkpt lat="38.54341" lon="-121.51882">
    <ele>5.73</ele>
   </trkpt>
   <trkpt lat="38.54404" lon="-121.51801">
    <ele>5.3500000000000005</ele>
   </trkpt>
   <trkpt lat="38.54437" lon="-121.51771000000001">
    <ele>5.3500000000000005</ele>
   </trkpt>
   <trkpt lat="38.544920000000005" lon="-121.51737000000001">
    <ele>5.280000000000001</ele>
   </trkpt>
   <trkpt lat="38.54552" lon="-121.51703">
    <ele>5.280000000000001</ele>
   </trkpt>
   <trkpt lat="38.54574" lon="-121.51694">
    <ele>5.32</ele>
   </trkpt>
   <trkpt lat="38.546260000000004" lon="-121.51677000000001">
    <ele>5.280000000000001</ele>
   </trkpt>
   <trkpt lat="38.54652" lon="-121.51675000000002">
    <ele>5.3500000000000005</ele>
   </trkpt>
   <trkpt lat="38.546960000000006" lon="-121.51675000000002">
    <ele>5.32</ele>
   </trkpt>
   <trkpt lat="38.547230000000006" lon="-121.51677000000001">
    <ele>5.32</ele>
   </trkpt>
   <trkpt lat="38.54755" lon="-121.51686000000001">
    <ele>5.430000000000001</ele>
   </trkpt>
   <trkpt lat="38.548" lon="-121.51707">
    <ele>5.4</ele>
   </trkpt>
   <trkpt lat="38.54881000200177" lon="-121.51754998921048">
    <ele>5.48</ele>
   </trkpt>
   <trkpt lat="38.54962000204373" lon="-121.51802998923513">
    <ele>5.47</ele>
   </trkpt>
   <trkpt lat="38.550430000000006" lon="-121.51851">
    <ele>5.5600000000000005</ele>
   </trkpt>
   <trkpt lat="38.550740000000005" lon="-121.51872000000002">
    <ele>5.53</ele>
   </trkpt>
   <trkpt lat="38.551190000111355" lon="-121.51894999850238">
    <ele>5.2700000000000005</ele>
   </trkpt>
   <trkpt lat="38.551640000000006" lon="-121.51918">
    <ele>5.15</ele>
   </trkpt>
   <trkpt lat="38.551820000000006" lon="-121.51935">
    <ele>5.140000000000001</ele>
   </trkpt>
   <trkpt lat="38.552290001669384" lon="-121.51997999585642">
    <ele>5.19</ele>
   </trkpt>
   <trkpt lat="38.552760000000006" lon="-121.52061">
    <ele>5.0600000000000005</ele>
   </trkpt>
   <trkpt lat="38.553090000000005" lon="-121.52089000000001">
    <ele>5.21</ele>
   </trkpt>
   <trkpt lat="38.55335" lon="-121.52107000000001">
    <ele>5.23</ele>
   </trkpt>
   <trkpt lat="38.55413" lon="-121.52145000000002">
    <ele>5.17</ele>
   </trkpt>
   <trkpt lat="38.554300000000005" lon="-121.52155">
    <ele>5.17</ele>
   </trkpt>
   <trkpt lat="38.554390000000005" lon="-121.52157000000001">
    <ele>5.0200000000000005</ele>
   </trkpt>
   <trkpt lat="38.554520000000004" lon="-121.52154000000002">
    <ele>5.0200000000000005</ele>
   </trkpt>
   <trkpt lat="38.554610000000004" lon="-121.52147000000001">
    <ele>5.0200000000000005</ele>
   </trkpt>
   <trkpt lat="38.554660000000005" lon="-121.52146">
    <ele>5.0200000000000005</ele>
   </trkpt>
   <trkpt lat="38.554790000000004" lon="-121.52157000000001">
    <ele>5.03</ele>
   </trkpt>
   <trkpt lat="38.55514" lon="-121.52169">
    <ele>5.08</ele>
   </trkpt>
   <trkpt lat="38.55534" lon="-121.52177">
    <ele>5.2</ele>
   </trkpt>
   <trkpt lat="38.55565" lon="-121.52195">
    <ele>5.3500000000000005</ele>
   </trkpt>
   <trkpt lat="38.55643000111977" lon="-121.52244499467817">
    <ele>6.08</ele>
   </trkpt>
   <trkpt lat="38.557210000000005" lon="-121.52294">
    <ele>6.800000000000001</ele>
   </trkpt>
   <trkpt lat="38.55782000000001" lon="-121.52325">
    <ele>7.83</ele>
   </trkpt>
   <trkpt lat="38.55792" lon="-121.52325">
    <ele>8.14</ele>
   </trkpt>
   <trkpt lat="38.55809" lon="-121.52317000000001">
    <ele>8.14</ele>
   </trkpt>
   <trkpt lat="38.558130000000006" lon="-121.52312">
    <ele>8.14</ele>
   </trkpt>
   <trkpt lat="38.558240000000005" lon="-121.52312">
    <ele>9.09</ele>
   </trkpt>
   <trkpt lat="38.55829000000001" lon="-121.52313000000001">
    <ele>9.09</ele>
   </trkpt>
   <trkpt lat="38.558330000000005" lon="-121.52318000000001">
    <ele>9.09</ele>
   </trkpt>
   <trkpt lat="38.55877" lon="-121.52327000000001">
    <ele>9.72</ele>
   </trkpt>
   <trkpt lat="38.55937" lon="-121.52334">
    <ele>11.540000000000001</ele>
   </trkpt>
   <trkpt lat="38.560010000000005" lon="-121.52334">
    <ele>12.690000000000001</ele>
   </trkpt>
   <trkpt lat="38.560100000000006" lon="-121.52331000000001">
    <ele>12.690000000000001</ele>
   </trkpt>
   <trkpt lat="38.56026000000001" lon="-121.52331000000001">
    <ele>12.900000000000002</ele>
   </trkpt>
   <trkpt lat="38.56113000006656" lon="-121.52332499981955">
    <ele>13.46</ele>
   </trkpt>
   <trkpt lat="38.562000000000005" lon="-121.52334">
    <ele>13.280000000000001</ele>
   </trkpt>
   <trkpt lat="38.56223000000001" lon="-121.52337000000001">
    <ele>13.32</ele>
   </trkpt>
   <trkpt lat="38.56248" lon="-121.52338">
    <ele>13.46</ele>
   </trkpt>
   <trkpt lat="38.56261000000001" lon="-121.52336000000001">
    <ele>13.63</ele>
   </trkpt>
   <trkpt lat="38.56342333334203" lon="-121.52337999954744">
    <ele>14.010000000000002</ele>
   </trkpt>
   <trkpt lat="38.56423666668064" lon="-121.52339999954758">
    <ele>13.72</ele>
   </trkpt>
   <trkpt lat="38.56505000000001" lon="-121.52342000000002">
    <ele>12.97</ele>
   </trkpt>
   <trkpt lat="38.565400000000004" lon="-121.52345000000001">
    <ele>12.700000000000001</ele>
   </trkpt>
   <trkpt lat="38.56557" lon="-121.52352">
    <ele>12.700000000000001</ele>
   </trkpt>
   <trkpt lat="38.565780000000004" lon="-121.52363000000001">
    <ele>12.5</ele>
   </trkpt>
   <trkpt lat="38.565900000000006" lon="-121.52371000000001">
    <ele>12.5</ele>
   </trkpt>
   <trkpt lat="38.56627" lon="-121.52384">
    <ele>12.360000000000001</ele>
   </trkpt>
   <trkpt lat="38.56644" lon="-121.52388">
    <ele>12.290000000000001</ele>
   </trkpt>
   <trkpt lat="38.566700000000004" lon="-121.52396000000002">
    <ele>12.290000000000001</ele>
   </trkpt>
   <trkpt lat="38.566810000000004" lon="-121.52394000000001">
    <ele>12.24</ele>
   </trkpt>
   <trkpt lat="38.56703" lon="-121.52394000000001">
    <ele>12.24</ele>
   </trkpt>
   <trkpt lat="38.567440000000005" lon="-121.52388">
    <ele>12.24</ele>
   </trkpt>
   <trkpt lat="38.567890000000006" lon="-121.52371000000001">
    <ele>12.22</ele>
   </trkpt>
   <trkpt lat="38.568430000000006" lon="-121.52331000000001">
    <ele>12.23</ele>
   </trkpt>
   <trkpt lat="38.5690166693617" lon="-121.5227500091189">
    <ele>12.16</ele>
   </trkpt>
   <trkpt lat="38.569603336055415" lon="-121.52219000909318">
    <ele>12.17</ele>
   </trkpt>
   <trkpt lat="38.570190000000004" lon="-121.52163000000002">
    <ele>11.71</ele>
   </trkpt>
   <trkpt lat="38.57060000072131" lon="-121.52123000224289">
    <ele>10.5</ele>
   </trkpt>
   <trkpt lat="38.57101" lon="-121.52083">
    <ele>8.77</ele>
   </trkpt>
   <trkpt lat="38.571560000000005" lon="-121.52041000000001">
    <ele>7.74</ele>
   </trkpt>
   <trkpt lat="38.57155" lon="-121.52035000000001">
    <ele>7.74</ele>
   </trkpt>
   <trkpt lat="38.57224400398703" lon="-121.51986601870088">
    <ele>7.390000000000001</ele>
   </trkpt>
   <trkpt lat="38.57293800598116" lon="-121.51938202805133">
    <ele>6.99</ele>
   </trkpt>
   <trkpt lat="38.57363200598227" lon="-121.51889802805098">
    <ele>7.750000000000001</ele>
   </trkpt>
   <trkpt lat="38.57432600399029" lon="-121.51841401869949">
    <ele>6.72</ele>
   </trkpt>
   <trkpt lat="38.57502" lon="-121.51793">
    <ele>8.06</ele>
   </trkpt>
   <trkpt lat="38.57452500224538" lon="-121.51720499501815">
    <ele>9.02</ele>
   </trkpt>
   <trkpt lat="38.57403" lon="-121.51648000000002">
    <ele>9.74</ele>
   </trkpt>
   <trkpt lat="38.57466000229926" lon="-121.51573500660658">
    <ele>10.16</ele>
   </trkpt>
   <trkpt lat="38.57529" lon="-121.51499000000001">
    <ele>10.64</ele>
   </trkpt>
   <trkpt lat="38.575810001494084" lon="-121.51439500432078">
    <ele>10.790000000000001</ele>
   </trkpt>
   <trkpt lat="38.576330000000006" lon="-121.5138">
    <ele>10.97</ele>
   </trkpt>
   <trkpt lat="38.57672" lon="-121.51348000000002">
    <ele>11.1</ele>
   </trkpt>
   <trkpt lat="38.577145000350335" lon="-121.51322000149993">
    <ele>11.02</ele>
   </trkpt>
   <trkpt lat="38.57757" lon="-121.51296">
    <ele>11.200000000000001</ele>
   </trkpt>
   <trkpt lat="38.57821000117222" lon="-121.51258334006614">
    <ele>11.1</ele>
   </trkpt>
   <trkpt lat="38.578850001137326" lon="-121.51220667342011">
    <ele>11.35</ele>
   </trkpt>
   <trkpt lat="38.57949" lon="-121.51183">
    <ele>11.11</ele>
   </trkpt>
   <trkpt lat="38.57965" lon="-121.51179">
    <ele>11.11</ele>
   </trkpt>
   <trkpt lat="38.57983" lon="-121.51179">
    <ele>11.11</ele>
   </trkpt>
   <trkpt lat="38.57965" lon="-121.51179">
    <ele>11.11</ele>
   </trkpt>
   <trkpt lat="38.57949" lon="-121.51183">
    <ele>11.15</ele>
   </trkpt>
   <trkpt lat="38.578850001242074" lon="-121.51220667335845">
    <ele>11.35</ele>
   </trkpt>
   <trkpt lat="38.57821000127695" lon="-121.51258334000451">
    <ele>11.080000000000002</ele>
   </trkpt>
   <trkpt lat="38.57757" lon="-121.51296">
    <ele>11.200000000000001</ele>
   </trkpt>
   <trkpt lat="38.57714500022483" lon="-121.5132200015767">
    <ele>11.02</ele>
   </trkpt>
   <trkpt lat="38.57672" lon="-121.51348000000002">
    <ele>11.1</ele>
   </trkpt>
   <trkpt lat="38.576330000000006" lon="-121.5138">
    <ele>10.77</ele>
   </trkpt>
   <trkpt lat="38.57581000151802" lon="-121.51439500429336">
    <ele>10.71</ele>
   </trkpt>
   <trkpt lat="38.57529" lon="-121.51499000000001">
    <ele>10.540000000000001</ele>
   </trkpt>
   <trkpt lat="38.574660002422945" lon="-121.5157350064603">
    <ele>10.16</ele>
   </trkpt>
   <trkpt lat="38.57403" lon="-121.51648000000002">
    <ele>9.680000000000001</ele>
   </trkpt>
   <trkpt lat="38.57454000235996" lon="-121.51721999479076">
    <ele>8.71</ele>
   </trkpt>
   <trkpt lat="38.575050000000005" lon="-121.51796000000002">
    <ele>8.360000000000001</ele>
   </trkpt>
   <trkpt lat="38.57431500111465" lon="-121.51851000575603">
    <ele>7.180000000000001</ele>
   </trkpt>
   <trkpt lat="38.57358" lon="-121.51906000000001">
    <ele>8.200000000000001</ele>
   </trkpt>
   <trkpt lat="38.57287" lon="-121.51953">
    <ele>7.59</ele>
   </trkpt>
   <trkpt lat="38.57217" lon="-121.51996000000001">
    <ele>7.5600000000000005</ele>
   </trkpt>
   <trkpt lat="38.57159000078529" lon="-121.52039500352643">
    <ele>7.94</ele>
   </trkpt>
   <trkpt lat="38.57101" lon="-121.52083">
    <ele>10.110000000000001</ele>
   </trkpt>
   <trkpt lat="38.57060000063994" lon="-121.52123000232226">
    <ele>11.22</ele>
   </trkpt>
   <trkpt lat="38.570190000000004" lon="-121.52163000000002">
    <ele>11.83</ele>
   </trkpt>
   <trkpt lat="38.56960333597434" lon="-121.52219000917057">
    <ele>12.100000000000001</ele>
   </trkpt>
   <trkpt lat="38.569016669280614" lon="-121.52275000919626">
    <ele>12.17</ele>
   </trkpt>
   <trkpt lat="38.568430000000006" lon="-121.52331000000001">
    <ele>12.22</ele>
   </trkpt>
   <trkpt lat="38.567890000000006" lon="-121.52371000000001">
    <ele>12.22</ele>
   </trkpt>
   <trkpt lat="38.567440000000005" lon="-121.52388">
    <ele>12.24</ele>
   </trkpt>
   <trkpt lat="38.56725" lon="-121.52392">
    <ele>12.24</ele>
   </trkpt>
   <trkpt lat="38.566700000000004" lon="-121.52396000000002">
    <ele>12.290000000000001</ele>
   </trkpt>
   <trkpt lat="38.56644" lon="-121.52388">
    <ele>12.360000000000001</ele>
   </trkpt>
   <trkpt lat="38.56627" lon="-121.52384">
    <ele>12.41</ele>
   </trkpt>
   <trkpt lat="38.565900000000006" lon="-121.52371000000001">
    <ele>12.5</ele>
   </trkpt>
   <trkpt lat="38.565780000000004" lon="-121.52363000000001">
    <ele>12.700000000000001</ele>
   </trkpt>
   <trkpt lat="38.56557" lon="-121.52352">
    <ele>12.700000000000001</ele>
   </trkpt>
   <trkpt lat="38.565400000000004" lon="-121.52345000000001">
    <ele>12.870000000000001</ele>
   </trkpt>
   <trkpt lat="38.56505000000001" lon="-121.52342000000002">
    <ele>13.110000000000001</ele>
   </trkpt>
   <trkpt lat="38.56423666666479" lon="-121.52339999954718">
    <ele>13.8</ele>
   </trkpt>
   <trkpt lat="38.56342333332617" lon="-121.52337999954706">
    <ele>13.99</ele>
   </trkpt>
   <trkpt lat="38.56261000000001" lon="-121.52336000000001">
    <ele>13.46</ele>
   </trkpt>
   <trkpt lat="38.56248" lon="-121.52338">
    <ele>13.32</ele>
   </trkpt>
   <trkpt lat="38.56223000000001" lon="-121.52337000000001">
    <ele>13.280000000000001</ele>
   </trkpt>
   <trkpt lat="38.562000000000005" lon="-121.52340000000001">
    <ele>13.35</ele>
   </trkpt>
   <trkpt lat="38.561130000033934" lon="-121.52340500006034">
    <ele>13.670000000000002</ele>
   </trkpt>
   <trkpt lat="38.56026000000001" lon="-121.52341000000001">
    <ele>13.290000000000001</ele>
   </trkpt>
   <trkpt lat="38.560010000000005" lon="-121.52338">
    <ele>12.67</ele>
   </trkpt>
   <trkpt lat="38.55951499990308" lon="-121.52338500003542">
    <ele>12.370000000000001</ele>
   </trkpt>
   <trkpt lat="38.559020000000004" lon="-121.52339">
    <ele>11.410000000000002</ele>
   </trkpt>
   <trkpt lat="38.55876000000001" lon="-121.52336000000001">
    <ele>11.02</ele>
   </trkpt>
   <trkpt lat="38.55854" lon="-121.5233">
    <ele>10.440000000000001</ele>
   </trkpt>
   <trkpt lat="38.55845" lon="-121.52331000000001">
    <ele>10.26</ele>
   </trkpt>
   <trkpt lat="38.55836" lon="-121.52336000000001">
    <ele>10.26</ele>
   </trkpt>
   <trkpt lat="38.5583" lon="-121.52347">
    <ele>9.62</ele>
   </trkpt>
   <trkpt lat="38.558260000000004" lon="-121.52352">
    <ele>9.62</ele>
   </trkpt>
   <trkpt lat="38.558150000000005" lon="-121.52352">
    <ele>9.080000000000002</ele>
   </trkpt>
   <trkpt lat="38.55807" lon="-121.52343">
    <ele>8.76</ele>
   </trkpt>
   <trkpt lat="38.55763" lon="-121.52326000000001">
    <ele>8.110000000000001</ele>
   </trkpt>
   <trkpt lat="38.55713" lon="-121.52303">
    <ele>7.07</ele>
   </trkpt>
   <trkpt lat="38.55648333473868" lon="-121.52261665919946">
    <ele>6.32</ele>
   </trkpt>
   <trkpt lat="38.55583666802399" lon="-121.52220332583555">
    <ele>5.78</ele>
   </trkpt>
   <trkpt lat="38.55519" lon="-121.52179000000001">
    <ele>5.620000000000001</ele>
   </trkpt>
   <trkpt lat="38.555040000000005" lon="-121.52173">
    <ele>5.4</ele>
   </trkpt>
   <trkpt lat="38.55492" lon="-121.52173">
    <ele>5.4</ele>
   </trkpt>
   <trkpt lat="38.55481" lon="-121.52176000000001">
    <ele>5.37</ele>
   </trkpt>
   <trkpt lat="38.554790000000004" lon="-121.52182">
    <ele>5.37</ele>
   </trkpt>
   <trkpt lat="38.554730000000006" lon="-121.52187">
    <ele>5.38</ele>
   </trkpt>
   <trkpt lat="38.554680000000005" lon="-121.52191">
    <ele>5.38</ele>
   </trkpt>
   <trkpt lat="38.55462" lon="-121.52191">
    <ele>5.3500000000000005</ele>
   </trkpt>
   <trkpt lat="38.55453" lon="-121.52183000000001">
    <ele>5.220000000000001</ele>
   </trkpt>
   <trkpt lat="38.55451" lon="-121.52179000000001">
    <ele>5.220000000000001</ele>
   </trkpt>
   <trkpt lat="38.55429" lon="-121.52165000000001">
    <ele>5.21</ele>
   </trkpt>
   <trkpt lat="38.55355" lon="-121.52132">
    <ele>5.4</ele>
   </trkpt>
   <trkpt lat="38.553140000000006" lon="-121.52106">
    <ele>5.37</ele>
   </trkpt>
   <trkpt lat="38.552800000000005" lon="-121.52079">
    <ele>5.220000000000001</ele>
   </trkpt>
   <trkpt lat="38.552290000000006" lon="-121.52022000000001">
    <ele>5.32</ele>
   </trkpt>
   <trkpt lat="38.551930000000006" lon="-121.51966000000002">
    <ele>5.5200000000000005</ele>
   </trkpt>
   <trkpt lat="38.55169" lon="-121.51936">
    <ele>5.32</ele>
   </trkpt>
   <trkpt lat="38.55156" lon="-121.51926000000002">
    <ele>5.21</ele>
   </trkpt>
   <trkpt lat="38.551500000000004" lon="-121.51912000000002">
    <ele>5.21</ele>
   </trkpt>
   <trkpt lat="38.550740000000005" lon="-121.51872000000002">
    <ele>5.5600000000000005</ele>
   </trkpt>
   <trkpt lat="38.550430000000006" lon="-121.51851">
    <ele>5.5600000000000005</ele>
   </trkpt>
   <trkpt lat="38.54962000191795" lon="-121.51802998916061">
    <ele>5.55</ele>
   </trkpt>
   <trkpt lat="38.548810001875985" lon="-121.51754998913594">
    <ele>5.540000000000001</ele>
   </trkpt>
   <trkpt lat="38.548" lon="-121.51707">
    <ele>5.4</ele>
   </trkpt>
   <trkpt lat="38.54755" lon="-121.51686000000001">
    <ele>5.430000000000001</ele>
   </trkpt>
   <trkpt lat="38.547230000000006" lon="-121.51677000000001">
    <ele>5.32</ele>
   </trkpt>
   <trkpt lat="38.546960000000006" lon="-121.51675000000002">
    <ele>5.3500000000000005</ele>
   </trkpt>
   <trkpt lat="38.54652" lon="-121.51675000000002">
    <ele>5.280000000000001</ele>
   </trkpt>
   <trkpt lat="38.546260000000004" lon="-121.51677000000001">
    <ele>5.24</ele>
   </trkpt>
   <trkpt lat="38.54574" lon="-121.51694">
    <ele>5.32</ele>
   </trkpt>
   <trkpt lat="38.54552" lon="-121.51703">
    <ele>5.2</ele>
   </trkpt>
   <trkpt lat="38.544920000000005" lon="-121.51737000000001">
    <ele>5.280000000000001</ele>
   </trkpt>
   <trkpt lat="38.54437" lon="-121.51771000000001">
    <ele>5.3500000000000005</ele>
   </trkpt>
   <trkpt lat="38.54404" lon="-121.51801">
    <ele>5.68</ele>
   </trkpt>
   <trkpt lat="38.54341" lon="-121.51882">
    <ele>5.73</ele>
   </trkpt>
   <trkpt lat="38.542880000000004" lon="-121.51927">
    <ele>5.890000000000001</ele>
   </trkpt>
   <trkpt lat="38.542480000000005" lon="-121.51950000000001">
    <ele>6.03</ele>
   </trkpt>
   <trkpt lat="38.54192500030684" lon="-121.51979000226439">
    <ele>5.99</ele>
   </trkpt>
   <trkpt lat="38.54137" lon="-121.52008000000001">
    <ele>5.790000000000001</ele>
   </trkpt>
   <trkpt lat="38.540760000529374" lon="-121.52043000296356">
    <ele>6.21</ele>
   </trkpt>
   <trkpt lat="38.540150000000004" lon="-121.52078000000002">
    <ele>6.630000000000001</ele>
   </trkpt>
   <trkpt lat="38.539570000000005" lon="-121.52115">
    <ele>6.670000000000001</ele>
   </trkpt>
   <trkpt lat="38.539010000000005" lon="-121.5216">
    <ele>6.53</ele>
   </trkpt>
   <trkpt lat="38.53875" lon="-121.52190000000002">
    <ele>6.44</ele>
   </trkpt>
   <trkpt lat="38.538450000000005" lon="-121.52227">
    <ele>6.5200000000000005</ele>
   </trkpt>
   <trkpt lat="38.53801" lon="-121.5229">
    <ele>6.65</ele>
   </trkpt>
   <trkpt lat="38.53761" lon="-121.52371000000001">
    <ele>6.5200000000000005</ele>
   </trkpt>
   <trkpt lat="38.537330000000004" lon="-121.5245">
    <ele>6.390000000000001</ele>
   </trkpt>
   <trkpt lat="38.53707" lon="-121.52557000000002">
    <ele>6.630000000000001</ele>
   </trkpt>
   <trkpt lat="38.53693000228902" lon="-121.52629500113304">
    <ele>6.66</ele>
   </trkpt>
   <trkpt lat="38.53679" lon="-121.52702000000001">
    <ele>6.24</ele>
   </trkpt>
   <trkpt lat="38.53663" lon="-121.5276">
    <ele>6.24</ele>
   </trkpt>
   <trkpt lat="38.53638" lon="-121.52822">
    <ele>6.07</ele>
   </trkpt>
   <trkpt lat="38.53585" lon="-121.52902000000002">
    <ele>6.050000000000001</ele>
   </trkpt>
   <trkpt lat="38.53521500963719" lon="-121.5296933630532">
    <ele>6.12</ele>
   </trkpt>
   <trkpt lat="38.53458001541794" lon="-121.53036671421933">
    <ele>5.970000000000001</ele>
   </trkpt>
   <trkpt lat="38.533945017342425" lon="-121.5310400534988">
    <ele>6.0600000000000005</ele>
   </trkpt>
   <trkpt lat="38.533310015410784" lon="-121.53171338089203">
    <ele>5.800000000000001</ele>
   </trkpt>
   <trkpt lat="38.532675009623205" lon="-121.53238669639944">
    <ele>5.6000000000000005</ele>
   </trkpt>
   <trkpt lat="38.53204" lon="-121.53306">
    <ele>6.12</ele>
   </trkpt>
   <trkpt lat="38.5317" lon="-121.53329000000001">
    <ele>6.12</ele>
   </trkpt>
   <trkpt lat="38.53100750163707" lon="-121.53365001040301">
    <ele>6.050000000000001</ele>
   </trkpt>
   <trkpt lat="38.53031500217185" lon="-121.53401001387613">
    <ele>5.7</ele>
   </trkpt>
   <trkpt lat="38.529622501604365" lon="-121.53437001041968">
    <ele>5.55</ele>
   </trkpt>
   <trkpt lat="38.52893" lon="-121.53473000000001">
    <ele>5.7700000000000005</ele>
   </trkpt>
   <trkpt lat="38.528256667873286" lon="-121.53509667349431">
    <ele>5.280000000000001</ele>
   </trkpt>
   <trkpt lat="38.5275833346031" lon="-121.53546334012648">
    <ele>5.3</ele>
   </trkpt>
   <trkpt lat="38.52691" lon="-121.53583">
    <ele>5.2700000000000005</ele>
   </trkpt>
   <trkpt lat="38.52673" lon="-121.53596">
    <ele>5.15</ele>
   </trkpt>
   <trkpt lat="38.52646" lon="-121.53623">
    <ele>5.1000000000000005</ele>
   </trkpt>
   <trkpt lat="38.52617" lon="-121.53655">
    <ele>5.11</ele>
   </trkpt>
   <trkpt lat="38.52591" lon="-121.53691">
    <ele>5.29</ele>
   </trkpt>
   <trkpt lat="38.525780000000005" lon="-121.53714000000001">
    <ele>5.29</ele>
   </trkpt>
   <trkpt lat="38.525560000000006" lon="-121.53767">
    <ele>5.53</ele>
   </trkpt>
   <trkpt lat="38.52537" lon="-121.53843">
    <ele>5.68</ele>
   </trkpt>
   <trkpt lat="38.52532" lon="-121.53889000000001">
    <ele>5.68</ele>
   </trkpt>
   <trkpt lat="38.525310000000005" lon="-121.53928">
    <ele>5.6000000000000005</ele>
   </trkpt>
   <trkpt lat="38.525330000000004" lon="-121.53960000000001">
    <ele>5.6000000000000005</ele>
   </trkpt>
   <trkpt lat="38.52537" lon="-121.53995">
    <ele>5.390000000000001</ele>
   </trkpt>
   <trkpt lat="38.525470000000006" lon="-121.54053">
    <ele>5.3500000000000005</ele>
   </trkpt>
   <trkpt lat="38.52552" lon="-121.54104000000001">
    <ele>5.390000000000001</ele>
   </trkpt>
   <trkpt lat="38.525510000000004" lon="-121.54152">
    <ele>5.23</ele>
   </trkpt>
   <trkpt lat="38.525450000000006" lon="-121.54202000000001">
    <ele>5.0600000000000005</ele>
   </trkpt>
   <trkpt lat="38.525330000000004" lon="-121.54251000000001">
    <ele>4.85</ele>
   </trkpt>
   <trkpt lat="38.52519" lon="-121.54291">
    <ele>4.83</ele>
   </trkpt>
   <trkpt lat="38.525090000000006" lon="-121.54314000000001">
    <ele>4.83</ele>
   </trkpt>
   <trkpt lat="38.524770000000004" lon="-121.54371">
    <ele>5.010000000000001</ele>
   </trkpt>
   <trkpt lat="38.52449" lon="-121.54429">
    <ele>5.16</ele>
   </trkpt>
   <trkpt lat="38.524260000000005" lon="-121.54483">
    <ele>5.3500000000000005</ele>
   </trkpt>
   <trkpt lat="38.523900000000005" lon="-121.54586">
    <ele>5.180000000000001</ele>
   </trkpt>
   <trkpt lat="38.523700000000005" lon="-121.54631">
    <ele>4.95</ele>
   </trkpt>
   <trkpt lat="38.52355" lon="-121.54658">
    <ele>4.73</ele>
   </trkpt>
   <trkpt lat="38.52329" lon="-121.54702">
    <ele>4.73</ele>
   </trkpt>
   <trkpt lat="38.52295000079099" lon="-121.54747000221863">
    <ele>4.5200000000000005</ele>
   </trkpt>
   <trkpt lat="38.52261" lon="-121.54792">
    <ele>4.6000000000000005</ele>
   </trkpt>
   <trkpt lat="38.522400000000005" lon="-121.54828">
    <ele>4.840000000000001</ele>
   </trkpt>
   <trkpt lat="38.522180000000006" lon="-121.54873">
    <ele>5.23</ele>
   </trkpt>
   <trkpt lat="38.52183667453913" lon="-121.54969334257953">
    <ele>5.57</ele>
   </trkpt>
   <trkpt lat="38.5214933411859" lon="-121.55065667596848">
    <ele>4.96</ele>
   </trkpt>
   <trkpt lat="38.521150000000006" lon="-121.55162000000001">
    <ele>4.91</ele>
   </trkpt>
   <trkpt lat="38.52082000735323" lon="-121.55255000853404">
    <ele>5.08</ele>
   </trkpt>
   <trkpt lat="38.520490007350936" lon="-121.55348000854039">
    <ele>4.74</ele>
   </trkpt>
   <trkpt lat="38.520160000000004" lon="-121.55441">
    <ele>4.16</ele>
   </trkpt>
   <trkpt lat="38.520070000000004" lon="-121.55476000000002">
    <ele>4.12</ele>
   </trkpt>
   <trkpt lat="38.51999" lon="-121.55527000000001">
    <ele>4.29</ele>
   </trkpt>
   <trkpt lat="38.51997" lon="-121.55599000000001">
    <ele>5.17</ele>
   </trkpt>
   <trkpt lat="38.519450000000006" lon="-121.55598">
    <ele>4.68</ele>
   </trkpt>
   <trkpt lat="38.51923" lon="-121.55589">
    <ele>4.73</ele>
   </trkpt>
   <trkpt lat="38.51912" lon="-121.55581000000001">
    <ele>5.050000000000001</ele>
   </trkpt>
   <trkpt lat="38.51896" lon="-121.55566">
    <ele>5.050000000000001</ele>
   </trkpt>
   <trkpt lat="38.518496669292844" lon="-121.55510999298333">
    <ele>5.37</ele>
   </trkpt>
   <trkpt lat="38.51803333601313" lon="-121.55455999304706">
    <ele>5.540000000000001</ele>
   </trkpt>
   <trkpt lat="38.517570000000006" lon="-121.55401">
    <ele>5.620000000000001</ele>
   </trkpt>
   <trkpt lat="38.5172" lon="-121.55357000000001">
    <ele>5.55</ele>
   </trkpt>
   <trkpt lat="38.51704" lon="-121.55343">
    <ele>5.51</ele>
   </trkpt>
   <trkpt lat="38.51679" lon="-121.55329">
    <ele>5.51</ele>
   </trkpt>
   <trkpt lat="38.51644" lon="-121.5532">
    <ele>5.32</ele>
   </trkpt>
   <trkpt lat="38.51623" lon="-121.55325">
    <ele>5.17</ele>
   </trkpt>
   <trkpt lat="38.51612" lon="-121.55329">
    <ele>5.17</ele>
   </trkpt>
   <trkpt lat="38.51555000084525" lon="-121.55359333810333">
    <ele>5.12</ele>
   </trkpt>
   <trkpt lat="38.514980000908025" lon="-121.55389667140318">
    <ele>5.180000000000001</ele>
   </trkpt>
   <trkpt lat="38.514410000000005" lon="-121.55420000000001">
    <ele>5.430000000000001</ele>
   </trkpt>
   <trkpt lat="38.51386" lon="-121.55451000000001">
    <ele>5.430000000000001</ele>
   </trkpt>
   <trkpt lat="38.513220000000004" lon="-121.55496000000001">
    <ele>5.540000000000001</ele>
   </trkpt>
   <trkpt lat="38.5129" lon="-121.55517">
    <ele>5.6000000000000005</ele>
   </trkpt>
   <trkpt lat="38.51254" lon="-121.55535">
    <ele>5.66</ele>
   </trkpt>
   <trkpt lat="38.512130000000006" lon="-121.55549">
    <ele>5.82</ele>
   </trkpt>
   <trkpt lat="38.51168500028548" lon="-121.55569500121781">
    <ele>5.930000000000001</ele>
   </trkpt>
   <trkpt lat="38.51124" lon="-121.55590000000001">
    <ele>6.04</ele>
   </trkpt>
   <trkpt lat="38.51052000198261" lon="-121.55629251176474">
    <ele>6.04</ele>
   </trkpt>
   <trkpt lat="38.50980000265512" lon="-121.55668501567975">
    <ele>5.710000000000001</ele>
   </trkpt>
   <trkpt lat="38.5090800020176" lon="-121.55707751174532">
    <ele>5.69</ele>
   </trkpt>
   <trkpt lat="38.50836" lon="-121.55747000000001">
    <ele>5.73</ele>
   </trkpt>
   <trkpt lat="38.50763333484726" lon="-121.55789667529767">
    <ele>5.85</ele>
   </trkpt>
   <trkpt lat="38.50690666814649" lon="-121.55832334198422">
    <ele>5.9</ele>
   </trkpt>
   <trkpt lat="38.50618" lon="-121.55875">
    <ele>5.9799999999999995</ele>
   </trkpt>
   <trkpt lat="38.50555000000001" lon="-121.55916">
    <ele>6.08</ele>
   </trkpt>
   <trkpt lat="38.50494500047683" lon="-121.5594750026176">
    <ele>5.930000000000001</ele>
   </trkpt>
   <trkpt lat="38.504340000000006" lon="-121.55979">
    <ele>5.74</ele>
   </trkpt>
   <trkpt lat="38.50403" lon="-121.56005">
    <ele>5.7</ele>
   </trkpt>
   <trkpt lat="38.503930000000004" lon="-121.5601">
    <ele>5.880000000000001</ele>
   </trkpt>
   <trkpt lat="38.503820000000005" lon="-121.5601">
    <ele>6.300000000000001</ele>
   </trkpt>
   <trkpt lat="38.50361" lon="-121.56001">
    <ele>6.72</ele>
   </trkpt>
   <trkpt lat="38.503530000000005" lon="-121.56001">
    <ele>7.08</ele>
   </trkpt>
   <trkpt lat="38.503400000000006" lon="-121.56001">
    <ele>7.08</ele>
   </trkpt>
   <trkpt lat="38.502860000000005" lon="-121.56014">
    <ele>10.180000000000001</ele>
   </trkpt>
   <trkpt lat="38.502390000000005" lon="-121.56014">
    <ele>10.690000000000001</ele>
   </trkpt>
   <trkpt lat="38.50197" lon="-121.56025000000001">
    <ele>10.700000000000001</ele>
   </trkpt>
   <trkpt lat="38.501415000084904" lon="-121.5603300006081">
    <ele>10.59</ele>
   </trkpt>
   <trkpt lat="38.50086" lon="-121.56041">
    <ele>10.64</ele>
   </trkpt>
   <trkpt lat="38.5" lon="-121.56049000000002">
    <ele>10.910000000000002</ele>
   </trkpt>
   <trkpt lat="38.49950000005642" lon="-121.5604699998634">
    <ele>10.780000000000001</ele>
   </trkpt>
   <trkpt lat="38.499" lon="-121.56045">
    <ele>10.22</ele>
   </trkpt>
   <trkpt lat="38.49841" lon="-121.56041">
    <ele>10.16</ele>
   </trkpt>
   <trkpt lat="38.498020000000004" lon="-121.56033000000001">
    <ele>10.09</ele>
   </trkpt>
   <trkpt lat="38.49714" lon="-121.56011000000001">
    <ele>10.110000000000001</ele>
   </trkpt>
   <trkpt lat="38.496610000000004" lon="-121.55996">
    <ele>10.820000000000002</ele>
   </trkpt>
   <trkpt lat="38.49633" lon="-121.55983">
    <ele>10.97</ele>
   </trkpt>
   <trkpt lat="38.495910000364695" lon="-121.55960499876835">
    <ele>11.030000000000001</ele>
   </trkpt>
   <trkpt lat="38.495490000000004" lon="-121.55938">
    <ele>11.1</ele>
   </trkpt>
   <trkpt lat="38.49488" lon="-121.55893">
    <ele>10.900000000000002</ele>
   </trkpt>
   <trkpt lat="38.494460000000004" lon="-121.55854000000001">
    <ele>10.85</ele>
   </trkpt>
   <trkpt lat="38.49391" lon="-121.55808">
    <ele>10.55</ele>
   </trkpt>
   <trkpt lat="38.49335000000001" lon="-121.55764">
    <ele>10.520000000000001</ele>
   </trkpt>
   <trkpt lat="38.493080000000006" lon="-121.55745">
    <ele>10.520000000000001</ele>
   </trkpt>
   <trkpt lat="38.49248666772474" lon="-121.5570933274449">
    <ele>10.47</ele>
   </trkpt>
   <trkpt lat="38.491893334367845" lon="-121.55673666076417">
    <ele>10.32</ele>
   </trkpt>
   <trkpt lat="38.4913" lon="-121.55638">
    <ele>10.100000000000001</ele>
   </trkpt>
   <trkpt lat="38.49098" lon="-121.55608000000001">
    <ele>10.07</ele>
   </trkpt>
   <trkpt lat="38.490730000000006" lon="-121.55593">
    <ele>9.92</ele>
   </trkpt>
   <trkpt lat="38.49020500024204" lon="-121.5556649980407">
    <ele>10.16</ele>
   </trkpt>
   <trkpt lat="38.48968" lon="-121.5554">
    <ele>10.05</ele>
   </trkpt>
   <trkpt lat="38.489130000674685" lon="-121.55508999518752">
    <ele>9.9</ele>
   </trkpt>
   <trkpt lat="38.48858000053229" lon="-121.5547799951073">
    <ele>10.030000000000001</ele>
   </trkpt>
   <trkpt lat="38.48803" lon="-121.55447000000001">
    <ele>9.930000000000001</ele>
   </trkpt>
   <trkpt lat="38.48741666784636" lon="-121.5540899935019">
    <ele>10.16</ele>
   </trkpt>
   <trkpt lat="38.48680333446501" lon="-121.55370999347224">
    <ele>9.97</ele>
   </trkpt>
   <trkpt lat="38.48619" lon="-121.55333000000002">
    <ele>9.91</ele>
   </trkpt>
   <trkpt lat="38.48576500026671" lon="-121.55310999873417">
    <ele>9.98</ele>
   </trkpt>
   <trkpt lat="38.48534" lon="-121.55289">
    <ele>9.959999999999999</ele>
   </trkpt>
   <trkpt lat="38.48471000245726" lon="-121.55244998845316">
    <ele>9.63</ele>
   </trkpt>
   <trkpt lat="38.484080003268495" lon="-121.55200998459898">
    <ele>9.590000000000002</ele>
   </trkpt>
   <trkpt lat="38.48345000243376" lon="-121.55156998843711">
    <ele>9.49</ele>
   </trkpt>
   <trkpt lat="38.482820000000004" lon="-121.55113000000001">
    <ele>9.930000000000001</ele>
   </trkpt>
   <trkpt lat="38.48220500069579" lon="-121.55073499665055">
    <ele>9.840000000000002</ele>
   </trkpt>
   <trkpt lat="38.481590000000004" lon="-121.55034">
    <ele>10.05</ele>
   </trkpt>
   <trkpt lat="38.481370000000005" lon="-121.55016">
    <ele>9.97</ele>
   </trkpt>
   <trkpt lat="38.48098" lon="-121.54979000000002">
    <ele>10.07</ele>
   </trkpt>
   <trkpt lat="38.4808" lon="-121.54966">
    <ele>10.23</ele>
   </trkpt>
   <trkpt lat="38.48064" lon="-121.54958">
    <ele>10.23</ele>
   </trkpt>
   <trkpt lat="38.480180000000004" lon="-121.54948000000002">
    <ele>10.64</ele>
   </trkpt>
   <trkpt lat="38.480090000000004" lon="-121.54942000000001">
    <ele>10.64</ele>
   </trkpt>
   <trkpt lat="38.47994500269391" lon="-121.55021000136598">
    <ele>7.450000000000001</ele>
   </trkpt>
   <trkpt lat="38.479800000000004" lon="-121.55100000000002">
    <ele>6.57</ele>
   </trkpt>
   <trkpt lat="38.47974" lon="-121.55141">
    <ele>6.220000000000001</ele>
   </trkpt>
   <trkpt lat="38.47973" lon="-121.55163">
    <ele>6.2</ele>
   </trkpt>
   <trkpt lat="38.479780000000005" lon="-121.55208">
    <ele>6.44</ele>
   </trkpt>
   <trkpt lat="38.480000000000004" lon="-121.55276">
    <ele>7.17</ele>
   </trkpt>
   <trkpt lat="38.48001" lon="-121.55289">
    <ele>7.23</ele>
   </trkpt>
   <trkpt lat="38.479980000000005" lon="-121.55316">
    <ele>7.260000000000001</ele>
   </trkpt>
   <trkpt lat="38.47993" lon="-121.55326000000001">
    <ele>7.36</ele>
   </trkpt>
   <trkpt lat="38.47986" lon="-121.55338">
    <ele>7.36</ele>
   </trkpt>
   <trkpt lat="38.479760000000006" lon="-121.55347">
    <ele>7.37</ele>
   </trkpt>
   <trkpt lat="38.47948" lon="-121.55365">
    <ele>7.3100000000000005</ele>
   </trkpt>
   <trkpt lat="38.47932" lon="-121.55374">
    <ele>7.3100000000000005</ele>
   </trkpt>
   <trkpt lat="38.47912" lon="-121.55379">
    <ele>7.220000000000001</ele>
   </trkpt>
   <trkpt lat="38.478680000000004" lon="-121.55388">
    <ele>7.17</ele>
   </trkpt>
   <trkpt lat="38.478320000000004" lon="-121.55387">
    <ele>7.23</ele>
   </trkpt>
   <trkpt lat="38.47802" lon="-121.55393000000001">
    <ele>7.410000000000001</ele>
   </trkpt>
   <trkpt lat="38.47741000038738" lon="-121.5541200031904">
    <ele>7.580000000000001</ele>
   </trkpt>
   <trkpt lat="38.476800000467854" lon="-121.55431000316531">
    <ele>7.59</ele>
   </trkpt>
   <trkpt lat="38.47619" lon="-121.5545">
    <ele>8.09</ele>
   </trkpt>
   <trkpt lat="38.475950000000005" lon="-121.55458000000002">
    <ele>8.14</ele>
   </trkpt>
   <trkpt lat="38.47569" lon="-121.55472">
    <ele>8.100000000000001</ele>
   </trkpt>
   <trkpt lat="38.475480000000005" lon="-121.5549">
    <ele>8.190000000000001</ele>
   </trkpt>
   <trkpt lat="38.47524000000001" lon="-121.55526">
    <ele>8.040000000000001</ele>
   </trkpt>
   <trkpt lat="38.475170000000006" lon="-121.55541000000001">
    <ele>8.040000000000001</ele>
   </trkpt>
   <trkpt lat="38.47507" lon="-121.55581000000001">
    <ele>8.040000000000001</ele>
   </trkpt>
   <trkpt lat="38.47505" lon="-121.55629">
    <ele>8.26</ele>
   </trkpt>
   <trkpt lat="38.475060000000006" lon="-121.55657000000001">
    <ele>8.26</ele>
   </trkpt>
   <trkpt lat="38.47518000302162" lon="-121.55741499849883">
    <ele>8.270000000000001</ele>
   </trkpt>
   <trkpt lat="38.475300000000004" lon="-121.55826">
    <ele>8.38</ele>
   </trkpt>
   <trkpt lat="38.475280000000005" lon="-121.55866">
    <ele>8.049999999999999</ele>
   </trkpt>
   <trkpt lat="38.47513" lon="-121.55907">
    <ele>7.99</ele>
   </trkpt>
   <trkpt lat="38.47489" lon="-121.5596">
    <ele>7.72</ele>
   </trkpt>
   <trkpt lat="38.474700000000006" lon="-121.55992">
    <ele>7.69</ele>
   </trkpt>
   <trkpt lat="38.47430000000001" lon="-121.56027000000002">
    <ele>7.8100000000000005</ele>
   </trkpt>
   <trkpt lat="38.473890000000004" lon="-121.56085000000002">
    <ele>7.82</ele>
   </trkpt>
   <trkpt lat="38.473710000000004" lon="-121.56123000000001">
    <ele>7.98</ele>
   </trkpt>
   <trkpt lat="38.473440000000004" lon="-121.56149">
    <ele>7.98</ele>
   </trkpt>
   <trkpt lat="38.47294" lon="-121.56162">
    <ele>8.190000000000001</ele>
   </trkpt>
   <trkpt lat="38.472530000000006" lon="-121.56206000000002">
    <ele>8.56</ele>
   </trkpt>
   <trkpt lat="38.47232" lon="-121.56216">
    <ele>8.530000000000001</ele>
   </trkpt>
   <trkpt lat="38.47171" lon="-121.56251">
    <ele>8.49</ele>
   </trkpt>
   <trkpt lat="38.471250000000005" lon="-121.56266000000001">
    <ele>7.99</ele>
   </trkpt>
   <trkpt lat="38.47093" lon="-121.56265">
    <ele>8.020000000000001</ele>
   </trkpt>
   <trkpt lat="38.47055" lon="-121.5626">
    <ele>8.049999999999999</ele>
   </trkpt>
   <trkpt lat="38.47003" lon="-121.56235000000001">
    <ele>8.350000000000001</ele>
   </trkpt>
   <trkpt lat="38.46981" lon="-121.56229">
    <ele>8.34</ele>
   </trkpt>
   <trkpt lat="38.46958" lon="-121.56224000000002">
    <ele>8.120000000000001</ele>
   </trkpt>
   <trkpt lat="38.46933000000001" lon="-121.56225">
    <ele>8.200000000000001</ele>
   </trkpt>
   <trkpt lat="38.46918" lon="-121.56230000000001">
    <ele>8.200000000000001</ele>
   </trkpt>
   <trkpt lat="38.46904" lon="-121.56255000000002">
    <ele>8.0</ele>
   </trkpt>
   <trkpt lat="38.46867" lon="-121.56332">
    <ele>8.040000000000001</ele>
   </trkpt>
   <trkpt lat="38.46838500082998" lon="-121.56377000182698">
    <ele>8.040000000000001</ele>
   </trkpt>
   <trkpt lat="38.4681" lon="-121.56422">
    <ele>8.030000000000001</ele>
   </trkpt>
   <trkpt lat="38.46780500211082" lon="-121.56493000298097">
    <ele>8.41</ele>
   </trkpt>
   <trkpt lat="38.467510000000004" lon="-121.56564000000002">
    <ele>8.5</ele>
   </trkpt>
   <trkpt lat="38.4673" lon="-121.56641">
    <ele>8.23</ele>
   </trkpt>
   <trkpt lat="38.46697" lon="-121.56681">
    <ele>8.610000000000001</ele>
   </trkpt>
   <trkpt lat="38.46665" lon="-121.56695">
    <ele>7.99</ele>
   </trkpt>
   <trkpt lat="38.466100000000004" lon="-121.56699">
    <ele>7.8500000000000005</ele>
   </trkpt>
   <trkpt lat="38.46562" lon="-121.56704">
    <ele>7.65</ele>
   </trkpt>
   <trkpt lat="38.465320000000006" lon="-121.56718000000001">
    <ele>7.620000000000001</ele>
   </trkpt>
   <trkpt lat="38.465030000000006" lon="-121.5674">
    <ele>7.670000000000001</ele>
   </trkpt>
   <trkpt lat="38.46463" lon="-121.56784">
    <ele>7.840000000000002</ele>
   </trkpt>
   <trkpt lat="38.464360000000006" lon="-121.56808000000001">
    <ele>7.95</ele>
   </trkpt>
   <trkpt lat="38.4641" lon="-121.56817000000001">
    <ele>8.030000000000001</ele>
   </trkpt>
   <trkpt lat="38.46378" lon="-121.56821000000001">
    <ele>7.92</ele>
   </trkpt>
   <trkpt lat="38.46345" lon="-121.5682">
    <ele>7.680000000000001</ele>
   </trkpt>
   <trkpt lat="38.46325" lon="-121.56826000000001">
    <ele>7.620000000000001</ele>
   </trkpt>
   <trkpt lat="38.46271" lon="-121.56879">
    <ele>7.78</ele>
   </trkpt>
   <trkpt lat="38.462500000000006" lon="-121.56893000000001">
    <ele>7.660000000000001</ele>
   </trkpt>
   <trkpt lat="38.46226" lon="-121.56902000000001">
    <ele>7.640000000000001</ele>
   </trkpt>
   <trkpt lat="38.46184000029292" lon="-121.56926000137">
    <ele>7.5600000000000005</ele>
   </trkpt>
   <trkpt lat="38.461420000000004" lon="-121.5695">
    <ele>7.53</ele>
   </trkpt>
   <trkpt lat="38.461310000000005" lon="-121.56960000000001">
    <ele>7.53</ele>
   </trkpt>
   <trkpt lat="38.46115" lon="-121.56987000000001">
    <ele>7.640000000000001</ele>
   </trkpt>
   <trkpt lat="38.46112" lon="-121.57012">
    <ele>7.760000000000001</ele>
   </trkpt>
   <trkpt lat="38.46101" lon="-121.57026">
    <ele>7.91</ele>
   </trkpt>
   <trkpt lat="38.46083" lon="-121.57043000000002">
    <ele>7.95</ele>
   </trkpt>
   <trkpt lat="38.46067" lon="-121.57052000000002">
    <ele>7.95</ele>
   </trkpt>
   <trkpt lat="38.4605" lon="-121.57057">
    <ele>7.840000000000002</ele>
   </trkpt>
   <trkpt lat="38.460240000000006" lon="-121.57044">
    <ele>7.86</ele>
   </trkpt>
   <trkpt lat="38.459740000000004" lon="-121.57008">
    <ele>7.580000000000001</ele>
   </trkpt>
   <trkpt lat="38.459250000000004" lon="-121.56987000000001">
    <ele>7.710000000000001</ele>
   </trkpt>
   <trkpt lat="38.45876500002065" lon="-121.56984499983282">
    <ele>7.87</ele>
   </trkpt>
   <trkpt lat="38.45828" lon="-121.56982">
    <ele>7.74</ele>
   </trkpt>
   <trkpt lat="38.458090000000006" lon="-121.56986">
    <ele>7.74</ele>
   </trkpt>
   <trkpt lat="38.45778" lon="-121.56999">
    <ele>7.5600000000000005</ele>
   </trkpt>
   <trkpt lat="38.45754" lon="-121.57012">
    <ele>7.580000000000001</ele>
   </trkpt>
   <trkpt lat="38.45675000000001" lon="-121.57044">
    <ele>7.630000000000001</ele>
   </trkpt>
   <trkpt lat="38.4564" lon="-121.57048">
    <ele>7.620000000000001</ele>
   </trkpt>
   <trkpt lat="38.45562" lon="-121.57074000000001">
    <ele>7.670000000000001</ele>
   </trkpt>
   <trkpt lat="38.45525000000001" lon="-121.57097000000002">
    <ele>7.710000000000001</ele>
   </trkpt>
   <trkpt lat="38.454710000000006" lon="-121.57098">
    <ele>7.59</ele>
   </trkpt>
   <trkpt lat="38.454060000000005" lon="-121.57117000000001">
    <ele>7.8500000000000005</ele>
   </trkpt>
   <trkpt lat="38.45351" lon="-121.57146000000002">
    <ele>7.840000000000002</ele>
   </trkpt>
   <trkpt lat="38.45286" lon="-121.57211000000001">
    <ele>8.33</ele>
   </trkpt>
   <trkpt lat="38.45241000015768" lon="-121.57240000193738">
    <ele>8.21</ele>
   </trkpt>
   <trkpt lat="38.45196" lon="-121.57269000000001">
    <ele>8.33</ele>
   </trkpt>
   <trkpt lat="38.45120000146099" lon="-121.57329000637401">
    <ele>7.83</ele>
   </trkpt>
   <trkpt lat="38.45044" lon="-121.57389">
    <ele>7.55</ele>
   </trkpt>
   <trkpt lat="38.44984" lon="-121.57446000000002">
    <ele>7.790000000000001</ele>
   </trkpt>
   <trkpt lat="38.449630000000006" lon="-121.57469">
    <ele>7.83</ele>
   </trkpt>
   <trkpt lat="38.44921" lon="-121.57524000000001">
    <ele>8.15</ele>
   </trkpt>
   <trkpt lat="38.44888" lon="-121.57573000000001">
    <ele>8.14</ele>
   </trkpt>
   <trkpt lat="38.448280000000004" lon="-121.57653">
    <ele>7.0600000000000005</ele>
   </trkpt>
   <trkpt lat="38.44803" lon="-121.57703000000001">
    <ele>5.790000000000001</ele>
   </trkpt>
   <trkpt lat="38.44785" lon="-121.57746000000002">
    <ele>5.32</ele>
   </trkpt>
   <trkpt lat="38.44773" lon="-121.57788000000001">
    <ele>5.15</ele>
   </trkpt>
   <trkpt lat="38.44752500527019" lon="-121.57899500323872">
    <ele>5.25</ele>
   </trkpt>
   <trkpt lat="38.447320000000005" lon="-121.58011">
    <ele>5.37</ele>
   </trkpt>
   <trkpt lat="38.447320000000005" lon="-121.58013000000001">
    <ele>5.0</ele>
   </trkpt>
   <trkpt lat="38.447146674133435" lon="-121.58106667111257">
    <ele>5.220000000000001</ele>
   </trkpt>
   <trkpt lat="38.44697334080997" lon="-121.58200333772578">
    <ele>4.880000000000001</ele>
   </trkpt>
   <trkpt lat="38.4468" lon="-121.58294000000001">
    <ele>3.8400000000000003</ele>
   </trkpt>
   <trkpt lat="38.44591499994575" lon="-121.58292999987674">
    <ele>3.34</ele>
   </trkpt>
   <trkpt lat="38.44503" lon="-121.58292000000002">
    <ele>3.23</ele>
   </trkpt>
   <trkpt lat="38.44430750001556" lon="-121.58292250007504">
    <ele>2.7900000000000005</ele>
   </trkpt>
   <trkpt lat="38.443585000031064" lon="-121.5829250001">
    <ele>2.67</ele>
   </trkpt>
   <trkpt lat="38.442862500046495" lon="-121.5829275000749">
    <ele>2.6100000000000003</ele>
   </trkpt>
   <trkpt lat="38.44214" lon="-121.58293">
    <ele>2.54</ele>
   </trkpt>
   <trkpt lat="38.44147" lon="-121.58290000000001">
    <ele>2.25</ele>
   </trkpt>
   <trkpt lat="38.440614999878655" lon="-121.58291500017984">
    <ele>1.98</ele>
   </trkpt>
   <trkpt lat="38.43976" lon="-121.58293">
    <ele>2.02</ele>
   </trkpt>
   <trkpt lat="38.438870000013644" lon="-121.5829279999014">
    <ele>1.9400000000000002</ele>
   </trkpt>
   <trkpt lat="38.43798000002724" lon="-121.58292599985214">
    <ele>1.87</ele>
   </trkpt>
   <trkpt lat="38.43709000004081" lon="-121.58292399985217">
    <ele>1.68</ele>
   </trkpt>
   <trkpt lat="38.43620000005435" lon="-121.5829219999015">
    <ele>1.55</ele>
   </trkpt>
   <trkpt lat="38.43531" lon="-121.58292000000002">
    <ele>1.7100000000000002</ele>
   </trkpt>
   <trkpt lat="38.434412499997485" lon="-121.58292125010878">
    <ele>1.6400000000000001</ele>
   </trkpt>
   <trkpt lat="38.43351499999494" lon="-121.58292250018646">
    <ele>1.52</ele>
   </trkpt>
   <trkpt lat="38.432617499992396" lon="-121.58292375023309">
    <ele>1.4600000000000002</ele>
   </trkpt>
   <trkpt lat="38.431719999989824" lon="-121.58292500024864">
    <ele>1.37</ele>
   </trkpt>
   <trkpt lat="38.430822499987244" lon="-121.58292625023309">
    <ele>1.4700000000000002</ele>
   </trkpt>
   <trkpt lat="38.42992499998464" lon="-121.58292750018646">
    <ele>1.4000000000000001</ele>
   </trkpt>
   <trkpt lat="38.429027499982055" lon="-121.58292875010878">
    <ele>1.6300000000000001</ele>
   </trkpt>
   <trkpt lat="38.42813" lon="-121.58293">
    <ele>1.7000000000000002</ele>
   </trkpt>
   <trkpt lat="38.42724571428389" lon="-121.5829199992653">
    <ele>1.6900000000000002</ele>
   </trkpt>
   <trkpt lat="38.42636142856692" lon="-121.5829099987755">
    <ele>1.6500000000000001</ele>
   </trkpt>
   <trkpt lat="38.42547714284911" lon="-121.58289999853062">
    <ele>1.7000000000000002</ele>
   </trkpt>
   <trkpt lat="38.424592857130456" lon="-121.58288999853059">
    <ele>1.7200000000000002</ele>
   </trkpt>
   <trkpt lat="38.42370857141093" lon="-121.58287999877544">
    <ele>1.62</ele>
   </trkpt>
   <trkpt lat="38.422824285690574" lon="-121.58286999926514">
    <ele>1.7300000000000002</ele>
   </trkpt>
   <trkpt lat="38.421940000000006" lon="-121.58286000000001">
    <ele>1.7400000000000002</ele>
   </trkpt>
   <trkpt lat="38.421102222216064" lon="-121.58286000000003">
    <ele>1.4900000000000002</ele>
   </trkpt>
   <trkpt lat="38.42026444443212" lon="-121.58286000000003">
    <ele>1.4700000000000002</ele>
   </trkpt>
   <trkpt lat="38.419426666648185" lon="-121.58286000000003">
    <ele>1.4400000000000002</ele>
   </trkpt>
   <trkpt lat="38.418588888864235" lon="-121.58286000000003">
    <ele>1.3</ele>
   </trkpt>
   <trkpt lat="38.41775111108029" lon="-121.58286000000003">
    <ele>1.28</ele>
   </trkpt>
   <trkpt lat="38.41691333329635" lon="-121.58286000000003">
    <ele>1.3900000000000001</ele>
   </trkpt>
   <trkpt lat="38.41607555551241" lon="-121.58286000000003">
    <ele>1.51</ele>
   </trkpt>
   <trkpt lat="38.41523777772847" lon="-121.58286000000003">
    <ele>1.3800000000000001</ele>
   </trkpt>
   <trkpt lat="38.4144" lon="-121.58286000000001">
    <ele>1.53</ele>
   </trkpt>
   <trkpt lat="38.413571666662314" lon="-121.5828466659023">
    <ele>1.31</ele>
   </trkpt>
   <trkpt lat="38.41274333332312" lon="-121.58283333211033">
    <ele>1.37</ele>
   </trkpt>
   <trkpt lat="38.411914999982415" lon="-121.58281999862402">
    <ele>1.51</ele>
   </trkpt>
   <trkpt lat="38.41108666664021" lon="-121.58280666544343">
    <ele>1.34</ele>
   </trkpt>
   <trkpt lat="38.410258333296476" lon="-121.58279333256853">
    <ele>1.4700000000000002</ele>
   </trkpt>
   <trkpt lat="38.40943" lon="-121.58278000000001">
    <ele>1.58</ele>
   </trkpt>
   <trkpt lat="38.408683333357565" lon="-121.58278666680422">
    <ele>1.58</ele>
   </trkpt>
   <trkpt lat="38.40793666671475" lon="-121.58279333347068">
    <ele>1.33</ele>
   </trkpt>
   <trkpt lat="38.40719" lon="-121.5828">
    <ele>1.6600000000000001</ele>
   </trkpt>
   <trkpt lat="38.406329999955396" lon="-121.58279333317434">
    <ele>1.5700000000000003</ele>
   </trkpt>
   <trkpt lat="38.40546999991042" lon="-121.58278666650735">
    <ele>1.6</ele>
   </trkpt>
   <trkpt lat="38.404610000000005" lon="-121.58278000000001">
    <ele>1.7100000000000002</ele>
   </trkpt>
   <trkpt lat="38.40379555555271" lon="-121.58278333363384">
    <ele>1.6400000000000001</ele>
   </trkpt>
   <trkpt lat="38.402981111105305" lon="-121.58278666719254">
    <ele>1.6600000000000001</ele>
   </trkpt>
   <trkpt lat="38.40216666665781" lon="-121.5827900006761">
    <ele>1.6400000000000001</ele>
   </trkpt>
   <trkpt lat="38.401352222210235" lon="-121.58279333408454">
    <ele>1.6900000000000002</ele>
   </trkpt>
   <trkpt lat="38.40053777776256" lon="-121.58279666741785">
    <ele>1.7100000000000002</ele>
   </trkpt>
   <trkpt lat="38.39972333331478" lon="-121.58280000067609">
    <ele>1.6400000000000001</ele>
   </trkpt>
   <trkpt lat="38.39890888886691" lon="-121.5828033338592">
    <ele>1.59</ele>
   </trkpt>
   <trkpt lat="38.39809444441895" lon="-121.58280666696722">
    <ele>1.77</ele>
   </trkpt>
   <trkpt lat="38.39728" lon="-121.58281000000001">
    <ele>2.14</ele>
   </trkpt>
   <trkpt lat="38.39639600003588" lon="-121.58282880551604">
    <ele>2.02</ele>
   </trkpt>
   <trkpt lat="38.395512000068756" lon="-121.5828476105722">
    <ele>1.9200000000000002</ele>
   </trkpt>
   <trkpt lat="38.39462800009862" lon="-121.58286641516854">
    <ele>2.14</ele>
   </trkpt>
   <trkpt lat="38.393744000125494" lon="-121.58288521930504">
    <ele>1.9200000000000002</ele>
   </trkpt>
   <trkpt lat="38.392860000149355" lon="-121.58290402298175">
    <ele>1.8800000000000001</ele>
   </trkpt>
   <trkpt lat="38.39197600017022" lon="-121.58292282619873">
    <ele>1.7400000000000002</ele>
   </trkpt>
   <trkpt lat="38.39109200018807" lon="-121.58294162895594">
    <ele>1.75</ele>
   </trkpt>
   <trkpt lat="38.39020800020292" lon="-121.58296043125344">
    <ele>1.8300000000000003</ele>
   </trkpt>
   <trkpt lat="38.38932400021478" lon="-121.58297923309127">
    <ele>1.84</ele>
   </trkpt>
   <trkpt lat="38.38844000022361" lon="-121.58299803446943">
    <ele>1.6900000000000002</ele>
   </trkpt>
   <trkpt lat="38.38755600022946" lon="-121.58301683538794">
    <ele>1.8</ele>
   </trkpt>
   <trkpt lat="38.3866720002323" lon="-121.58303563584685">
    <ele>1.6900000000000002</ele>
   </trkpt>
   <trkpt lat="38.38578800023213" lon="-121.58305443584621">
    <ele>1.54</ele>
   </trkpt>
   <trkpt lat="38.38490400022897" lon="-121.58307323538595">
    <ele>1.35</ele>
   </trkpt>
   <trkpt lat="38.38402000022281" lon="-121.5830920344662">
    <ele>1.4000000000000001</ele>
   </trkpt>
   <trkpt lat="38.383136000213625" lon="-121.58311083308695">
    <ele>1.52</ele>
   </trkpt>
   <trkpt lat="38.38225200020146" lon="-121.5831296312482">
    <ele>1.37</ele>
   </trkpt>
   <trkpt lat="38.3813680001863" lon="-121.58314842895001">
    <ele>1.51</ele>
   </trkpt>
   <trkpt lat="38.38048400016811" lon="-121.5831672261924">
    <ele>1.7100000000000002</ele>
   </trkpt>
   <trkpt lat="38.37960000014694" lon="-121.58318602297535">
    <ele>1.6900000000000002</ele>
   </trkpt>
   <trkpt lat="38.378716000122765" lon="-121.58320481929896">
    <ele>1.78</ele>
   </trkpt>
   <trkpt lat="38.37783200009557" lon="-121.5832236151632">
    <ele>1.79</ele>
   </trkpt>
   <trkpt lat="38.376948000065404" lon="-121.58324241056812">
    <ele>1.87</ele>
   </trkpt>
   <trkpt lat="38.37606400003223" lon="-121.58326120551374">
    <ele>1.84</ele>
   </trkpt>
   <trkpt lat="38.37518" lon="-121.58328000000002">
    <ele>1.84</ele>
   </trkpt>
   <trkpt lat="38.3743305884263" lon="-121.58333295111944">
    <ele>1.4900000000000002</ele>
   </trkpt>
   <trkpt lat="38.37348117682878" lon="-121.58338590099568">
    <ele>1.43</ele>
   </trkpt>
   <trkpt lat="38.37263176520746" lon="-121.58343884962878">
    <ele>1.34</ele>
   </trkpt>
   <trkpt lat="38.37178235356231" lon="-121.58349179701877">
    <ele>1.35</ele>
   </trkpt>
   <trkpt lat="38.37093294189336" lon="-121.58354474316577">
    <ele>1.3900000000000001</ele>
   </trkpt>
   <trkpt lat="38.37008353020059" lon="-121.58359768806983">
    <ele>1.41</ele>
   </trkpt>
   <trkpt lat="38.36923411848401" lon="-121.58365063173102">
    <ele>1.33</ele>
   </trkpt>
   <trkpt lat="38.36838470674363" lon="-121.5837035741494">
    <ele>1.25</ele>
   </trkpt>
   <trkpt lat="38.36753529497945" lon="-121.58375651532499">
    <ele>1.12</ele>
   </trkpt>
   <trkpt lat="38.366685883191444" lon="-121.58380945525798">
    <ele>1.1</ele>
   </trkpt>
   <trkpt lat="38.36583647137965" lon="-121.58386239394834">
    <ele>1.0</ele>
   </trkpt>
   <trkpt lat="38.36498705954404" lon="-121.58391533139614">
    <ele>0.9500000000000001</ele>
   </trkpt>
   <trkpt lat="38.36413764768464" lon="-121.58396826760146">
    <ele>0.8300000000000001</ele>
   </trkpt>
   <trkpt lat="38.363288235801434" lon="-121.5840212025644">
    <ele>1.02</ele>
   </trkpt>
   <trkpt lat="38.36243882389443" lon="-121.58407413628501">
    <ele>1.12</ele>
   </trkpt>
   <trkpt lat="38.36158941196362" lon="-121.58412706876331">
    <ele>1.3900000000000001</ele>
   </trkpt>
   <trkpt lat="38.36074" lon="-121.58418">
    <ele>1.81</ele>
   </trkpt>
   <trkpt lat="38.359881000090205" lon="-121.5842300053396">
    <ele>1.24</ele>
   </trkpt>
   <trkpt lat="38.359022000159165" lon="-121.58428000949256">
    <ele>1.28</ele>
   </trkpt>
   <trkpt lat="38.35816300020689" lon="-121.58433001245888">
    <ele>1.31</ele>
   </trkpt>
   <trkpt lat="38.3573040002334" lon="-121.58438001423865">
    <ele>1.41</ele>
   </trkpt>
   <trkpt lat="38.35644500023866" lon="-121.5844300148319">
    <ele>1.58</ele>
   </trkpt>
   <trkpt lat="38.35558600022269" lon="-121.58448001423872">
    <ele>1.53</ele>
   </trkpt>
   <trkpt lat="38.354727000185484" lon="-121.58453001245921">
    <ele>1.3200000000000003</ele>
   </trkpt>
   <trkpt lat="38.35386800012706" lon="-121.58458000949341">
    <ele>1.37</ele>
   </trkpt>
   <trkpt lat="38.353009000047386" lon="-121.58463000534135">
    <ele>1.51</ele>
   </trkpt>
   <trkpt lat="38.35215" lon="-121.58468">
    <ele>1.52</ele>
   </trkpt>
   <trkpt lat="38.35131900001641" lon="-121.58469900196214">
    <ele>1.6600000000000001</ele>
   </trkpt>
   <trkpt lat="38.350488000029735" lon="-121.58471800348819">
    <ele>1.7300000000000002</ele>
   </trkpt>
   <trkpt lat="38.34965700004" lon="-121.58473700457813">
    <ele>1.6600000000000001</ele>
   </trkpt>
   <trkpt lat="38.34882600004719" lon="-121.58475600523204">
    <ele>1.58</ele>
   </trkpt>
   <trkpt lat="38.34799500005133" lon="-121.58477500544988">
    <ele>1.4900000000000002</ele>
   </trkpt>
   <trkpt lat="38.3471640000524" lon="-121.58479400523171">
    <ele>1.61</ele>
   </trkpt>
   <trkpt lat="38.34633300005039" lon="-121.58481300457757">
    <ele>1.67</ele>
   </trkpt>
   <trkpt lat="38.34550200004532" lon="-121.58483200348746">
    <ele>1.6</ele>
   </trkpt>
   <trkpt lat="38.344671000037195" lon="-121.58485100196141">
    <ele>1.6</ele>
   </trkpt>
   <trkpt lat="38.34384" lon="-121.58487000000001">
    <ele>1.58</ele>
   </trkpt>
   <trkpt lat="38.34315" lon="-121.5849">
    <ele>1.6500000000000001</ele>
   </trkpt>
   <trkpt lat="38.342850000000006" lon="-121.58499">
    <ele>1.56</ele>
   </trkpt>
   <trkpt lat="38.34275" lon="-121.58507000000002">
    <ele>1.56</ele>
   </trkpt>
   <trkpt lat="38.34268" lon="-121.58521">
    <ele>1.52</ele>
   </trkpt>
   <trkpt lat="38.342690000000005" lon="-121.58545000000001">
    <ele>1.27</ele>
   </trkpt>
   <trkpt lat="38.3428757385395" lon="-121.58642569927625">
    <ele>0.92</ele>
   </trkpt>
   <trkpt lat="38.34306146899458" lon="-121.587401403556">
    <ele>1.2000000000000002</ele>
   </trkpt>
   <trkpt lat="38.34324719136515" lon="-121.58837711283913">
    <ele>1.3200000000000003</ele>
   </trkpt>
   <trkpt lat="38.34343290565112" lon="-121.58935282712547">
    <ele>1.31</ele>
   </trkpt>
   <trkpt lat="38.34361861185238" lon="-121.59032854641484">
    <ele>1.52</ele>
   </trkpt>
   <trkpt lat="38.34380430996884" lon="-121.5913042707071">
    <ele>1.7100000000000002</ele>
   </trkpt>
   <trkpt lat="38.343990000000005" lon="-121.59228000000002">
    <ele>1.7300000000000002</ele>
   </trkpt>
   <trkpt lat="38.34404" lon="-121.59261000000001">
    <ele>1.86</ele>
   </trkpt>
   <trkpt lat="38.34406003228473" lon="-121.59373571242469">
    <ele>2.0</ele>
   </trkpt>
   <trkpt lat="38.344080053807936" lon="-121.59486142547186">
    <ele>2.12</ele>
   </trkpt>
   <trkpt lat="38.3441000645696" lon="-121.59598713914117">
    <ele>2.3800000000000003</ele>
   </trkpt>
   <trkpt lat="38.344120064569715" lon="-121.59711285343231">
    <ele>2.48</ele>
   </trkpt>
   <trkpt lat="38.34414005380825" lon="-121.59823856834491">
    <ele>2.5300000000000002</ele>
   </trkpt>
   <trkpt lat="38.344160032285224" lon="-121.59936428387867">
    <ele>2.2800000000000002</ele>
   </trkpt>
   <trkpt lat="38.34418" lon="-121.60049000000001">
    <ele>2.17</ele>
   </trkpt>
   <trkpt lat="38.34419881539158" lon="-121.60162216747007">
    <ele>2.0900000000000003</ele>
   </trkpt>
   <trkpt lat="38.34421761989784" lon="-121.60275433552816">
    <ele>1.9100000000000001</ele>
   </trkpt>
   <trkpt lat="38.34423641351877" lon="-121.60388650417391">
    <ele>1.81</ele>
   </trkpt>
   <trkpt lat="38.34425519625437" lon="-121.605018673407">
    <ele>1.7400000000000002</ele>
   </trkpt>
   <trkpt lat="38.34427396810462" lon="-121.60615084322708">
    <ele>1.9000000000000001</ele>
   </trkpt>
   <trkpt lat="38.34429272906951" lon="-121.60728301363382">
    <ele>1.9500000000000002</ele>
   </trkpt>
   <trkpt lat="38.34431147914901" lon="-121.60841518462685">
    <ele>2.0100000000000002</ele>
   </trkpt>
   <trkpt lat="38.34433021834314" lon="-121.6095473562059">
    <ele>2.0300000000000002</ele>
   </trkpt>
   <trkpt lat="38.34434894665186" lon="-121.61067952837054">
    <ele>1.3200000000000003</ele>
   </trkpt>
   <trkpt lat="38.34436766407517" lon="-121.61181170112049">
    <ele>1.28</ele>
   </trkpt>
   <trkpt lat="38.34438637061305" lon="-121.6129438744554">
    <ele>1.31</ele>
   </trkpt>
   <trkpt lat="38.344405066265494" lon="-121.61407604837491">
    <ele>1.4700000000000002</ele>
   </trkpt>
   <trkpt lat="38.344423751032494" lon="-121.61520822287872">
    <ele>1.3800000000000001</ele>
   </trkpt>
   <trkpt lat="38.344442424914014" lon="-121.61634039796645">
    <ele>1.3900000000000001</ele>
   </trkpt>
   <trkpt lat="38.344461087910055" lon="-121.61747257363777">
    <ele>1.61</ele>
   </trkpt>
   <trkpt lat="38.344479740020596" lon="-121.61860474989236">
    <ele>1.6300000000000001</ele>
   </trkpt>
   <trkpt lat="38.34449838124565" lon="-121.61973692672984">
    <ele>1.7300000000000002</ele>
   </trkpt>
   <trkpt lat="38.34451701158519" lon="-121.62086910414993">
    <ele>1.61</ele>
   </trkpt>
   <trkpt lat="38.344535631039186" lon="-121.62200128215224">
    <ele>1.6400000000000001</ele>
   </trkpt>
   <trkpt lat="38.344554239607646" lon="-121.62313346073645">
    <ele>1.8200000000000003</ele>
   </trkpt>
   <trkpt lat="38.34457283729054" lon="-121.62426563990222">
    <ele>1.68</ele>
   </trkpt>
   <trkpt lat="38.344591424087874" lon="-121.62539781964921">
    <ele>1.6900000000000002</ele>
   </trkpt>
   <trkpt lat="38.34461" lon="-121.62653000000002">
    <ele>1.58</ele>
   </trkpt>
   <trkpt lat="38.34464000344009" lon="-121.62742999964956">
    <ele>1.58</ele>
   </trkpt>
   <trkpt lat="38.34467" lon="-121.62833">
    <ele>1.9000000000000001</ele>
   </trkpt>
   <trkpt lat="38.344660000000005" lon="-121.62855">
    <ele>2.02</ele>
   </trkpt>
   <trkpt lat="38.34461" lon="-121.62886">
    <ele>2.02</ele>
   </trkpt>
   <trkpt lat="38.344480000000004" lon="-121.62925000000001">
    <ele>2.16</ele>
   </trkpt>
   <trkpt lat="38.34431" lon="-121.62955000000001">
    <ele>2.1300000000000003</ele>
   </trkpt>
   <trkpt lat="38.343970000000006" lon="-121.62994">
    <ele>2.25</ele>
   </trkpt>
   <trkpt lat="38.343700000000005" lon="-121.63012">
    <ele>2.32</ele>
   </trkpt>
   <trkpt lat="38.34353" lon="-121.63017">
    <ele>2.5300000000000002</ele>
   </trkpt>
   <trkpt lat="38.3432" lon="-121.63025">
    <ele>2.6</ele>
   </trkpt>
   <trkpt lat="38.342334000010865" lon="-121.63025800038247">
    <ele>2.83</ele>
   </trkpt>
   <trkpt lat="38.34146800002121" lon="-121.63026600057364">
    <ele>2.72</ele>
   </trkpt>
   <trkpt lat="38.340602000030984" lon="-121.63027400057355">
    <ele>2.6100000000000003</ele>
   </trkpt>
   <trkpt lat="38.33973600004022" lon="-121.6302820003822">
    <ele>2.58</ele>
   </trkpt>
   <trkpt lat="38.33887" lon="-121.63029000000002">
    <ele>2.48</ele>
   </trkpt>
   <trkpt lat="38.338017500013954" lon="-121.63031000070579">
    <ele>2.4600000000000004</ele>
   </trkpt>
   <trkpt lat="38.337165000024505" lon="-121.63033000094092">
    <ele>2.4600000000000004</ele>
   </trkpt>
   <trkpt lat="38.33631250003166" lon="-121.63035000070538">
    <ele>2.25</ele>
   </trkpt>
   <trkpt lat="38.335460000000005" lon="-121.63037000000001">
    <ele>2.35</ele>
   </trkpt>
   <trkpt lat="38.334650000024894" lon="-121.63037333340779">
    <ele>2.23</ele>
   </trkpt>
   <trkpt lat="38.333840000049676" lon="-121.63037666674103">
    <ele>2.0900000000000003</ele>
   </trkpt>
   <trkpt lat="38.33303" lon="-121.63038000000002">
    <ele>2.02</ele>
   </trkpt>
   <trkpt lat="38.332280000035794" lon="-121.63039500046511">
    <ele>2.0100000000000002</ele>
   </trkpt>
   <trkpt lat="38.331530000069684" lon="-121.63041000061966">
    <ele>1.9400000000000002</ele>
   </trkpt>
   <trkpt lat="38.330780000101655" lon="-121.63042500046377">
    <ele>2.04</ele>
   </trkpt>
   <trkpt lat="38.33003" lon="-121.63044000000001">
    <ele>2.0300000000000002</ele>
   </trkpt>
   <trkpt lat="38.32916947369401" lon="-121.63045158142187">
    <ele>1.75</ele>
   </trkpt>
   <trkpt lat="38.32830894738687" lon="-121.63046316256867">
    <ele>1.8200000000000003</ele>
   </trkpt>
   <trkpt lat="38.32744842107859" lon="-121.6304747434405">
    <ele>1.8300000000000003</ele>
   </trkpt>
   <trkpt lat="38.32658789476919" lon="-121.63048632403732">
    <ele>1.8900000000000001</ele>
   </trkpt>
   <trkpt lat="38.325727368458644" lon="-121.63049790435912">
    <ele>1.81</ele>
   </trkpt>
   <trkpt lat="38.32486684214694" lon="-121.630509484406">
    <ele>1.8800000000000001</ele>
   </trkpt>
   <trkpt lat="38.32400631583411" lon="-121.63052106417791">
    <ele>1.76</ele>
   </trkpt>
   <trkpt lat="38.323145789520154" lon="-121.63053264367488">
    <ele>1.7000000000000002</ele>
   </trkpt>
   <trkpt lat="38.322285263205046" lon="-121.63054422289694">
    <ele>1.6600000000000001</ele>
   </trkpt>
   <trkpt lat="38.3214247368888" lon="-121.6305558018441">
    <ele>1.67</ele>
   </trkpt>
   <trkpt lat="38.32056421057141" lon="-121.63056738051634">
    <ele>1.6600000000000001</ele>
   </trkpt>
   <trkpt lat="38.319703684252886" lon="-121.6305789589137">
    <ele>1.8900000000000001</ele>
   </trkpt>
   <trkpt lat="38.31884315793324" lon="-121.63059053703624">
    <ele>1.7400000000000002</ele>
   </trkpt>
   <trkpt lat="38.31798263161243" lon="-121.63060211488393">
    <ele>1.61</ele>
   </trkpt>
   <trkpt lat="38.3171221052905" lon="-121.63061369245678">
    <ele>1.75</ele>
   </trkpt>
   <trkpt lat="38.316261578967435" lon="-121.6306252697548">
    <ele>1.62</ele>
   </trkpt>
   <trkpt lat="38.31540105264322" lon="-121.63063684677802">
    <ele>1.54</ele>
   </trkpt>
   <trkpt lat="38.31454052631787" lon="-121.63064842352647">
    <ele>1.4700000000000002</ele>
   </trkpt>
   <trkpt lat="38.313680000000005" lon="-121.63066">
    <ele>1.6</ele>
   </trkpt>
   <trkpt lat="38.31279749999777" lon="-121.63066">
    <ele>1.6500000000000001</ele>
   </trkpt>
   <trkpt lat="38.311914999995565" lon="-121.63066">
    <ele>2.2700000000000005</ele>
   </trkpt>
   <trkpt lat="38.311032499993345" lon="-121.63066">
    <ele>2.39</ele>
   </trkpt>
   <trkpt lat="38.31015" lon="-121.63066">
    <ele>2.12</ele>
   </trkpt>
   <trkpt lat="38.30926111111413" lon="-121.63065499895835">
    <ele>2.1100000000000003</ele>
   </trkpt>
   <trkpt lat="38.308372222228066" lon="-121.63064999803925">
    <ele>2.18</ele>
   </trkpt>
   <trkpt lat="38.307483333341786" lon="-121.63064499724274">
    <ele>1.9600000000000004</ele>
   </trkpt>
   <trkpt lat="38.306594444455285" lon="-121.63063999656882">
    <ele>1.5</ele>
   </trkpt>
   <trkpt lat="38.30570555556858" lon="-121.63063499601745">
    <ele>1.4800000000000002</ele>
   </trkpt>
   <trkpt lat="38.30481666668165" lon="-121.63062999558863">
    <ele>1.56</ele>
   </trkpt>
   <trkpt lat="38.30392777779453" lon="-121.63062499528239">
    <ele>1.6600000000000001</ele>
   </trkpt>
   <trkpt lat="38.30303888890718" lon="-121.63061999509868">
    <ele>1.68</ele>
   </trkpt>
   <trkpt lat="38.30215000001962" lon="-121.63061499503752">
    <ele>1.5</ele>
   </trkpt>
   <trkpt lat="38.30126111113185" lon="-121.63060999509888">
    <ele>1.4600000000000002</ele>
   </trkpt>
   <trkpt lat="38.300372222243865" lon="-121.63060499528277">
    <ele>1.4000000000000001</ele>
   </trkpt>
   <trkpt lat="38.299483333355674" lon="-121.63059999558918">
    <ele>1.28</ele>
   </trkpt>
   <trkpt lat="38.29859444446727" lon="-121.6305949960181">
    <ele>1.2000000000000002</ele>
   </trkpt>
   <trkpt lat="38.29770555557865" lon="-121.63058999656954">
    <ele>1.42</ele>
   </trkpt>
   <trkpt lat="38.29681666668982" lon="-121.63058499724345">
    <ele>1.42</ele>
   </trkpt>
   <trkpt lat="38.29592777780078" lon="-121.63057999803985">
    <ele>1.8200000000000003</ele>
   </trkpt>
   <trkpt lat="38.29503888891152" lon="-121.63057499895876">
    <ele>1.56</ele>
   </trkpt>
   <trkpt lat="38.29415" lon="-121.63057">
    <ele>1.4800000000000002</ele>
   </trkpt>
   <trkpt lat="38.29404" lon="-121.63060000000002">
    <ele>1.4800000000000002</ele>
   </trkpt>
   <trkpt lat="38.29397" lon="-121.63066">
    <ele>1.4600000000000002</ele>
   </trkpt>
   <trkpt lat="38.29383" lon="-121.63079">
    <ele>1.51</ele>
   </trkpt>
   <trkpt lat="38.29356000000001" lon="-121.63115">
    <ele>2.0500000000000003</ele>
   </trkpt>
   <trkpt lat="38.293440000000004" lon="-121.63124">
    <ele>2.0500000000000003</ele>
   </trkpt>
   <trkpt lat="38.29327" lon="-121.63132000000002">
    <ele>2.62</ele>
   </trkpt>
   <trkpt lat="38.29307" lon="-121.63133">
    <ele>2.9200000000000004</ele>
   </trkpt>
   <trkpt lat="38.29285" lon="-121.63133">
    <ele>3.7700000000000005</ele>
   </trkpt>
   <trkpt lat="38.2927" lon="-121.63129">
    <ele>5.21</ele>
   </trkpt>
   <trkpt lat="38.29258" lon="-121.63124">
    <ele>5.760000000000001</ele>
   </trkpt>
   <trkpt lat="38.29251" lon="-121.63113000000001">
    <ele>5.95</ele>
   </trkpt>
   <trkpt lat="38.29238" lon="-121.63065000000002">
    <ele>6.9</ele>
   </trkpt>
   <trkpt lat="38.292280000000005" lon="-121.63065000000002">
    <ele>6.9</ele>
   </trkpt>
   <trkpt lat="38.29205" lon="-121.63074">
    <ele>7.390000000000001</ele>
   </trkpt>
   <trkpt lat="38.291340000000005" lon="-121.63108000000001">
    <ele>7.320000000000001</ele>
   </trkpt>
   <trkpt lat="38.2911133377286" lon="-121.63035999548607">
    <ele>6.800000000000001</ele>
   </trkpt>
   <trkpt lat="38.29088667105676" lon="-121.62963999546972">
    <ele>6.930000000000001</ele>
   </trkpt>
   <trkpt lat="38.29066" lon="-121.62892000000001">
    <ele>7.0600000000000005</ele>
   </trkpt>
   <trkpt lat="38.29045" lon="-121.62815">
    <ele>7.25</ele>
   </trkpt>
   <trkpt lat="38.29030500341842" lon="-121.62725499832733">
    <ele>7.72</ele>
   </trkpt>
   <trkpt lat="38.29016" lon="-121.62636">
    <ele>7.72</ele>
   </trkpt>
   <trkpt lat="38.29005" lon="-121.62582">
    <ele>7.6000000000000005</ele>
   </trkpt>
   <trkpt lat="38.29001" lon="-121.62551">
    <ele>7.6000000000000005</ele>
   </trkpt>
   <trkpt lat="38.290000000000006" lon="-121.62523000000002">
    <ele>7.48</ele>
   </trkpt>
   <trkpt lat="38.290020000000005" lon="-121.62485000000001">
    <ele>7.450000000000001</ele>
   </trkpt>
   <trkpt lat="38.29012" lon="-121.62434">
    <ele>7.38</ele>
   </trkpt>
   <trkpt lat="38.29037" lon="-121.62367">
    <ele>7.5</ele>
   </trkpt>
   <trkpt lat="38.29043" lon="-121.62345">
    <ele>7.57</ele>
   </trkpt>
   <trkpt lat="38.29048" lon="-121.62314">
    <ele>7.7700000000000005</ele>
   </trkpt>
   <trkpt lat="38.29048" lon="-121.6226">
    <ele>7.78</ele>
   </trkpt>
   <trkpt lat="38.290375002621" lon="-121.62181499890629">
    <ele>7.660000000000001</ele>
   </trkpt>
   <trkpt lat="38.29027" lon="-121.62103">
    <ele>7.540000000000001</ele>
   </trkpt>
   <trkpt lat="38.290130000000005" lon="-121.62031">
    <ele>7.3100000000000005</ele>
   </trkpt>
   <trkpt lat="38.29007000217096" lon="-121.61959499942337">
    <ele>7.2700000000000005</ele>
   </trkpt>
   <trkpt lat="38.29001" lon="-121.61888">
    <ele>7.17</ele>
   </trkpt>
   <trkpt lat="38.289840000000005" lon="-121.61785">
    <ele>7.1000000000000005</ele>
   </trkpt>
   <trkpt lat="38.289665002095525" lon="-121.6171549985048">
    <ele>7.16</ele>
   </trkpt>
   <trkpt lat="38.28949" lon="-121.61646">
    <ele>7.390000000000001</ele>
   </trkpt>
   <trkpt lat="38.289390000000004" lon="-121.61615">
    <ele>7.320000000000001</ele>
   </trkpt>
   <trkpt lat="38.28929" lon="-121.61593">
    <ele>7.320000000000001</ele>
   </trkpt>
   <trkpt lat="38.28916" lon="-121.6157">
    <ele>7.320000000000001</ele>
   </trkpt>
   <trkpt lat="38.28889" lon="-121.61537000000001">
    <ele>7.430000000000001</ele>
   </trkpt>
   <trkpt lat="38.28837" lon="-121.61481">
    <ele>7.5600000000000005</ele>
   </trkpt>
   <trkpt lat="38.288160000000005" lon="-121.61449">
    <ele>7.450000000000001</ele>
   </trkpt>
   <trkpt lat="38.28804" lon="-121.61426000000002">
    <ele>7.51</ele>
   </trkpt>
   <trkpt lat="38.287910000000004" lon="-121.61387">
    <ele>7.57</ele>
   </trkpt>
   <trkpt lat="38.28781" lon="-121.61342">
    <ele>7.21</ele>
   </trkpt>
   <trkpt lat="38.28775" lon="-121.61285000000001">
    <ele>7.130000000000001</ele>
   </trkpt>
   <trkpt lat="38.28772" lon="-121.61234">
    <ele>7.07</ele>
   </trkpt>
   <trkpt lat="38.28772" lon="-121.61172">
    <ele>6.960000000000001</ele>
   </trkpt>
   <trkpt lat="38.28779000175524" lon="-121.61107500071809">
    <ele>7.11</ele>
   </trkpt>
   <trkpt lat="38.28786" lon="-121.61043000000001">
    <ele>7.21</ele>
   </trkpt>
   <trkpt lat="38.28788" lon="-121.60979">
    <ele>7.640000000000001</ele>
   </trkpt>
   <trkpt lat="38.287850000000006" lon="-121.6093">
    <ele>7.630000000000001</ele>
   </trkpt>
   <trkpt lat="38.28781" lon="-121.60908">
    <ele>7.5</ele>
   </trkpt>
   <trkpt lat="38.287760000000006" lon="-121.60895000000001">
    <ele>7.46</ele>
   </trkpt>
   <trkpt lat="38.28768" lon="-121.60889000000002">
    <ele>7.46</ele>
   </trkpt>
   <trkpt lat="38.28741" lon="-121.60873000000001">
    <ele>7.0600000000000005</ele>
   </trkpt>
   <trkpt lat="38.28708" lon="-121.60867">
    <ele>7.220000000000001</ele>
   </trkpt>
   <trkpt lat="38.28689" lon="-121.60858">
    <ele>7.280000000000001</ele>
   </trkpt>
   <trkpt lat="38.286530000000006" lon="-121.60836">
    <ele>7.29</ele>
   </trkpt>
   <trkpt lat="38.286100000000005" lon="-121.60796">
    <ele>7.710000000000001</ele>
   </trkpt>
   <trkpt lat="38.286010000000005" lon="-121.60778">
    <ele>7.710000000000001</ele>
   </trkpt>
   <trkpt lat="38.285900000000005" lon="-121.60742">
    <ele>8.0</ele>
   </trkpt>
   <trkpt lat="38.28577000000001" lon="-121.60685000000001">
    <ele>7.630000000000001</ele>
   </trkpt>
   <trkpt lat="38.285500000000006" lon="-121.60612">
    <ele>7.660000000000001</ele>
   </trkpt>
   <trkpt lat="38.28530000000001" lon="-121.60581">
    <ele>7.72</ele>
   </trkpt>
   <trkpt lat="38.285070000000005" lon="-121.60555000000001">
    <ele>8.0</ele>
   </trkpt>
   <trkpt lat="38.28455000115574" lon="-121.60505499656432">
    <ele>7.8500000000000005</ele>
   </trkpt>
   <trkpt lat="38.28403" lon="-121.60456">
    <ele>7.73</ele>
   </trkpt>
   <trkpt lat="38.28353500115231" lon="-121.60403499640158">
    <ele>7.94</ele>
   </trkpt>
   <trkpt lat="38.28304" lon="-121.60351000000001">
    <ele>7.9700000000000015</ele>
   </trkpt>
   <trkpt lat="38.2826700004631" lon="-121.60313499795316">
    <ele>7.91</ele>
   </trkpt>
   <trkpt lat="38.282300000000006" lon="-121.60276">
    <ele>7.95</ele>
   </trkpt>
   <trkpt lat="38.28188500041714" lon="-121.60242999807775">
    <ele>7.8100000000000005</ele>
   </trkpt>
   <trkpt lat="38.281470000000006" lon="-121.60210000000001">
    <ele>7.9300000000000015</ele>
   </trkpt>
   <trkpt lat="38.281020000000005" lon="-121.60186000000002">
    <ele>8.17</ele>
   </trkpt>
   <trkpt lat="38.280370000000005" lon="-121.60155">
    <ele>8.219999999999999</ele>
   </trkpt>
   <trkpt lat="38.27982" lon="-121.60138">
    <ele>8.15</ele>
   </trkpt>
   <trkpt lat="38.2794" lon="-121.60129">
    <ele>7.8900000000000015</ele>
   </trkpt>
   <trkpt lat="38.27873" lon="-121.60124">
    <ele>7.300000000000001</ele>
   </trkpt>
   <trkpt lat="38.278420000000004" lon="-121.60124">
    <ele>7.29</ele>
   </trkpt>
   <trkpt lat="38.27758" lon="-121.60142">
    <ele>7.24</ele>
   </trkpt>
   <trkpt lat="38.27704000000001" lon="-121.6016">
    <ele>7.19</ele>
   </trkpt>
   <trkpt lat="38.276416667097656" lon="-121.6018400041429">
    <ele>7.150000000000001</ele>
   </trkpt>
   <trkpt lat="38.27579333370641" lon="-121.60208000416516">
    <ele>7.300000000000001</ele>
   </trkpt>
   <trkpt lat="38.27517" lon="-121.60232">
    <ele>7.34</ele>
   </trkpt>
   <trkpt lat="38.274730000000005" lon="-121.60260000000001">
    <ele>7.21</ele>
   </trkpt>
   <trkpt lat="38.27431000016506" lon="-121.60290500193089">
    <ele>7.23</ele>
   </trkpt>
   <trkpt lat="38.27389" lon="-121.60321">
    <ele>6.890000000000001</ele>
   </trkpt>
   <trkpt lat="38.273480000000006" lon="-121.60345000000001">
    <ele>6.580000000000001</ele>
   </trkpt>
   <trkpt lat="38.27389" lon="-121.60321">
    <ele>6.890000000000001</ele>
   </trkpt>
   <trkpt lat="38.27431000062447" lon="-121.60290500159728">
    <ele>7.17</ele>
   </trkpt>
   <trkpt lat="38.274730000000005" lon="-121.60260000000001">
    <ele>7.21</ele>
   </trkpt>
   <trkpt lat="38.27517" lon="-121.60232">
    <ele>7.34</ele>
   </trkpt>
   <trkpt lat="38.27579333388011" lon="-121.60208000409826">
    <ele>7.300000000000001</ele>
   </trkpt>
   <trkpt lat="38.27641666727135" lon="-121.60184000407601">
    <ele>7.150000000000001</ele>
   </trkpt>
   <trkpt lat="38.27704000000001" lon="-121.6016">
    <ele>7.180000000000001</ele>
   </trkpt>
   <trkpt lat="38.27758" lon="-121.60142">
    <ele>7.3500000000000005</ele>
   </trkpt>
   <trkpt lat="38.278420000000004" lon="-121.60124">
    <ele>7.300000000000001</ele>
   </trkpt>
   <trkpt lat="38.27873" lon="-121.60124">
    <ele>7.410000000000001</ele>
   </trkpt>
   <trkpt lat="38.2794" lon="-121.60129">
    <ele>7.8900000000000015</ele>
   </trkpt>
   <trkpt lat="38.27982" lon="-121.60138">
    <ele>8.200000000000001</ele>
   </trkpt>
   <trkpt lat="38.280370000000005" lon="-121.60155">
    <ele>8.33</ele>
   </trkpt>
   <trkpt lat="38.281020000000005" lon="-121.60186000000002">
    <ele>8.17</ele>
   </trkpt>
   <trkpt lat="38.281470000000006" lon="-121.60210000000001">
    <ele>7.9300000000000015</ele>
   </trkpt>
   <trkpt lat="38.281885000507195" lon="-121.60242999814935">
    <ele>7.8500000000000005</ele>
   </trkpt>
   <trkpt lat="38.282300000000006" lon="-121.60276">
    <ele>7.95</ele>
   </trkpt>
   <trkpt lat="38.282670000730505" lon="-121.60313499822423">
    <ele>7.91</ele>
   </trkpt>
   <trkpt lat="38.28304" lon="-121.60351000000001">
    <ele>8.030000000000001</ele>
   </trkpt>
   <trkpt lat="38.28353500118715" lon="-121.60403499643853">
    <ele>7.94</ele>
   </trkpt>
   <trkpt lat="38.28403" lon="-121.60456">
    <ele>7.72</ele>
   </trkpt>
   <trkpt lat="38.28455000092403" lon="-121.60505499634375">
    <ele>7.8500000000000005</ele>
   </trkpt>
   <trkpt lat="38.285070000000005" lon="-121.60555000000001">
    <ele>7.94</ele>
   </trkpt>
   <trkpt lat="38.28530000000001" lon="-121.60581">
    <ele>7.72</ele>
   </trkpt>
   <trkpt lat="38.285500000000006" lon="-121.60612">
    <ele>7.660000000000001</ele>
   </trkpt>
   <trkpt lat="38.28577000000001" lon="-121.60685000000001">
    <ele>7.69</ele>
   </trkpt>
   <trkpt lat="38.285900000000005" lon="-121.60742">
    <ele>7.92</ele>
   </trkpt>
   <trkpt lat="38.286010000000005" lon="-121.60778">
    <ele>7.710000000000001</ele>
   </trkpt>
   <trkpt lat="38.286100000000005" lon="-121.60796">
    <ele>7.450000000000001</ele>
   </trkpt>
   <trkpt lat="38.286530000000006" lon="-121.60836">
    <ele>7.24</ele>
   </trkpt>
   <trkpt lat="38.28689" lon="-121.60858">
    <ele>7.220000000000001</ele>
   </trkpt>
   <trkpt lat="38.28708" lon="-121.60867">
    <ele>7.07</ele>
   </trkpt>
   <trkpt lat="38.28741" lon="-121.60873000000001">
    <ele>7.140000000000001</ele>
   </trkpt>
   <trkpt lat="38.28768" lon="-121.60889000000002">
    <ele>7.46</ele>
   </trkpt>
   <trkpt lat="38.287760000000006" lon="-121.60895000000001">
    <ele>7.5</ele>
   </trkpt>
   <trkpt lat="38.28781" lon="-121.60908">
    <ele>7.5</ele>
   </trkpt>
   <trkpt lat="38.287850000000006" lon="-121.6093">
    <ele>7.65</ele>
   </trkpt>
   <trkpt lat="38.28788" lon="-121.60979">
    <ele>7.44</ele>
   </trkpt>
   <trkpt lat="38.28786" lon="-121.61043000000001">
    <ele>7.21</ele>
   </trkpt>
   <trkpt lat="38.287790001776074" lon="-121.61107500052606">
    <ele>7.11</ele>
   </trkpt>
   <trkpt lat="38.28772" lon="-121.61172">
    <ele>7.0600000000000005</ele>
   </trkpt>
   <trkpt lat="38.28772" lon="-121.61234">
    <ele>7.07</ele>
   </trkpt>
   <trkpt lat="38.28775" lon="-121.61285000000001">
    <ele>7.21</ele>
   </trkpt>
   <trkpt lat="38.28781" lon="-121.61342">
    <ele>7.540000000000001</ele>
   </trkpt>
   <trkpt lat="38.287910000000004" lon="-121.61387">
    <ele>7.57</ele>
   </trkpt>
   <trkpt lat="38.28804" lon="-121.61426000000002">
    <ele>7.51</ele>
   </trkpt>
   <trkpt lat="38.288160000000005" lon="-121.61449">
    <ele>7.46</ele>
   </trkpt>
   <trkpt lat="38.28837" lon="-121.61481">
    <ele>7.5600000000000005</ele>
   </trkpt>
   <trkpt lat="38.28889" lon="-121.61537000000001">
    <ele>7.430000000000001</ele>
   </trkpt>
   <trkpt lat="38.28916" lon="-121.6157">
    <ele>7.320000000000001</ele>
   </trkpt>
   <trkpt lat="38.28929" lon="-121.61593">
    <ele>7.320000000000001</ele>
   </trkpt>
   <trkpt lat="38.289390000000004" lon="-121.61615">
    <ele>7.390000000000001</ele>
   </trkpt>
   <trkpt lat="38.28949" lon="-121.61646">
    <ele>7.390000000000001</ele>
   </trkpt>
   <trkpt lat="38.28966500200456" lon="-121.61715499814352">
    <ele>7.16</ele>
   </trkpt>
   <trkpt lat="38.289840000000005" lon="-121.61785">
    <ele>7.130000000000001</ele>
   </trkpt>
   <trkpt lat="38.29001" lon="-121.61888">
    <ele>7.2</ele>
   </trkpt>
   <trkpt lat="38.29007000216852" lon="-121.61959499939441">
    <ele>7.280000000000001</ele>
   </trkpt>
   <trkpt lat="38.290130000000005" lon="-121.62031">
    <ele>7.51</ele>
   </trkpt>
   <trkpt lat="38.29027" lon="-121.62103">
    <ele>7.65</ele>
   </trkpt>
   <trkpt lat="38.290375002609764" lon="-121.62181499882225">
    <ele>7.660000000000001</ele>
   </trkpt>
   <trkpt lat="38.29048" lon="-121.6226">
    <ele>7.8100000000000005</ele>
   </trkpt>
   <trkpt lat="38.29048" lon="-121.62314">
    <ele>7.57</ele>
   </trkpt>
   <trkpt lat="38.29043" lon="-121.62345">
    <ele>7.5</ele>
   </trkpt>
   <trkpt lat="38.29037" lon="-121.62367">
    <ele>7.5</ele>
   </trkpt>
   <trkpt lat="38.29012" lon="-121.62434">
    <ele>7.38</ele>
   </trkpt>
   <trkpt lat="38.290020000000005" lon="-121.62485000000001">
    <ele>7.450000000000001</ele>
   </trkpt>
   <trkpt lat="38.290000000000006" lon="-121.62523000000002">
    <ele>7.6000000000000005</ele>
   </trkpt>
   <trkpt lat="38.29001" lon="-121.62551">
    <ele>7.6000000000000005</ele>
   </trkpt>
   <trkpt lat="38.29005" lon="-121.62582">
    <ele>7.72</ele>
   </trkpt>
   <trkpt lat="38.29016" lon="-121.62636">
    <ele>7.7</ele>
   </trkpt>
   <trkpt lat="38.290305003381" lon="-121.62725499809633">
    <ele>7.630000000000001</ele>
   </trkpt>
   <trkpt lat="38.29045" lon="-121.62815">
    <ele>7.17</ele>
   </trkpt>
   <trkpt lat="38.29066" lon="-121.62892000000001">
    <ele>7.0600000000000005</ele>
   </trkpt>
   <trkpt lat="38.29088667107222" lon="-121.62963999551883">
    <ele>6.930000000000001</ele>
   </trkpt>
   <trkpt lat="38.29111333774406" lon="-121.63035999553519">
    <ele>6.800000000000001</ele>
   </trkpt>
   <trkpt lat="38.291340000000005" lon="-121.63108000000001">
    <ele>7.630000000000001</ele>
   </trkpt>
   <trkpt lat="38.29205" lon="-121.63074">
    <ele>7.29</ele>
   </trkpt>
   <trkpt lat="38.292280000000005" lon="-121.63065000000002">
    <ele>6.9</ele>
   </trkpt>
   <trkpt lat="38.29238" lon="-121.63065000000002">
    <ele>6.410000000000001</ele>
   </trkpt>
   <trkpt lat="38.29251" lon="-121.63113000000001">
    <ele>5.21</ele>
   </trkpt>
   <trkpt lat="38.29258" lon="-121.63124">
    <ele>5.21</ele>
   </trkpt>
   <trkpt lat="38.2927" lon="-121.63129">
    <ele>3.7700000000000005</ele>
   </trkpt>
   <trkpt lat="38.29285" lon="-121.63133">
    <ele>3.2900000000000005</ele>
   </trkpt>
   <trkpt lat="38.29307" lon="-121.63133">
    <ele>2.62</ele>
   </trkpt>
   <trkpt lat="38.29327" lon="-121.63132000000002">
    <ele>2.0500000000000003</ele>
   </trkpt>
   <trkpt lat="38.293440000000004" lon="-121.63124">
    <ele>2.0500000000000003</ele>
   </trkpt>
   <trkpt lat="38.29356000000001" lon="-121.63115">
    <ele>1.86</ele>
   </trkpt>
   <trkpt lat="38.29383" lon="-121.63079">
    <ele>1.4600000000000002</ele>
   </trkpt>
   <trkpt lat="38.29397" lon="-121.63066">
    <ele>1.4800000000000002</ele>
   </trkpt>
   <trkpt lat="38.29404" lon="-121.63060000000002">
    <ele>1.41</ele>
   </trkpt>
   <trkpt lat="38.29415" lon="-121.63057">
    <ele>1.36</ele>
   </trkpt>
   <trkpt lat="38.29504266666914" lon="-121.63057533241471">
    <ele>1.56</ele>
   </trkpt>
   <trkpt lat="38.29593533333803" lon="-121.6305806649606">
    <ele>1.77</ele>
   </trkpt>
   <trkpt lat="38.29682800000668" lon="-121.63058599763774">
    <ele>1.42</ele>
   </trkpt>
   <trkpt lat="38.297720666675104" lon="-121.63059133044605">
    <ele>1.42</ele>
   </trkpt>
   <trkpt lat="38.29861333334327" lon="-121.6305966633856">
    <ele>1.17</ele>
   </trkpt>
   <trkpt lat="38.299506000011206" lon="-121.63060199645638">
    <ele>1.4700000000000002</ele>
   </trkpt>
   <trkpt lat="38.30039866667888" lon="-121.63060732965842">
    <ele>1.4500000000000002</ele>
   </trkpt>
   <trkpt lat="38.30129133334634" lon="-121.6306126629917">
    <ele>1.4600000000000002</ele>
   </trkpt>
   <trkpt lat="38.30218400001354" lon="-121.6306179964562">
    <ele>1.61</ele>
   </trkpt>
   <trkpt lat="38.303076666680504" lon="-121.63062333005199">
    <ele>1.6400000000000001</ele>
   </trkpt>
   <trkpt lat="38.303969333347226" lon="-121.63062866377904">
    <ele>1.6600000000000001</ele>
   </trkpt>
   <trkpt lat="38.30486200001369" lon="-121.63063399763736">
    <ele>1.56</ele>
   </trkpt>
   <trkpt lat="38.305754666679945" lon="-121.63063933162697">
    <ele>1.4800000000000002</ele>
   </trkpt>
   <trkpt lat="38.30664733334594" lon="-121.63064466574787">
    <ele>1.6900000000000002</ele>
   </trkpt>
   <trkpt lat="38.30754" lon="-121.63065000000002">
    <ele>1.93</ele>
   </trkpt>
   <trkpt lat="38.30754" lon="-121.63064000000001">
    <ele>1.67</ele>
   </trkpt>
   <trkpt lat="38.30810000003986" lon="-121.63064999992352">
    <ele>1.8800000000000001</ele>
   </trkpt>
   <trkpt lat="38.30866" lon="-121.63066">
    <ele>1.98</ele>
   </trkpt>
   <trkpt lat="38.30938499994305" lon="-121.63064000020155">
    <ele>1.77</ele>
   </trkpt>
   <trkpt lat="38.31011" lon="-121.63062000000001">
    <ele>1.7300000000000002</ele>
   </trkpt>
   <trkpt lat="38.31100250000676" lon="-121.63062999963084">
    <ele>1.97</ele>
   </trkpt>
   <trkpt lat="38.311895000012676" lon="-121.63063999950784">
    <ele>1.8800000000000001</ele>
   </trkpt>
   <trkpt lat="38.31278750001774" lon="-121.63064999963098">
    <ele>1.53</ele>
   </trkpt>
   <trkpt lat="38.313680000000005" lon="-121.63066">
    <ele>1.52</ele>
   </trkpt>
   <trkpt lat="38.314540526326496" lon="-121.63064842352634">
    <ele>1.4400000000000002</ele>
   </trkpt>
   <trkpt lat="38.315401052651836" lon="-121.63063684677789">
    <ele>1.5</ele>
   </trkpt>
   <trkpt lat="38.31626157897605" lon="-121.63062526975467">
    <ele>1.6300000000000001</ele>
   </trkpt>
   <trkpt lat="38.31712210529912" lon="-121.63061369245662">
    <ele>1.6</ele>
   </trkpt>
   <trkpt lat="38.31798263162106" lon="-121.63060211488377">
    <ele>1.51</ele>
   </trkpt>
   <trkpt lat="38.31884315794186" lon="-121.63059053703611">
    <ele>1.4800000000000002</ele>
   </trkpt>
   <trkpt lat="38.319703684261526" lon="-121.63057895891357">
    <ele>1.52</ele>
   </trkpt>
   <trkpt lat="38.32056421058004" lon="-121.63056738051621">
    <ele>1.4700000000000002</ele>
   </trkpt>
   <trkpt lat="38.32142473689743" lon="-121.63055580184393">
    <ele>1.4700000000000002</ele>
   </trkpt>
   <trkpt lat="38.322285263213665" lon="-121.63054422289679">
    <ele>1.51</ele>
   </trkpt>
   <trkpt lat="38.323145789528766" lon="-121.63053264367474">
    <ele>1.61</ele>
   </trkpt>
   <trkpt lat="38.32400631584274" lon="-121.63052106417776">
    <ele>1.67</ele>
   </trkpt>
   <trkpt lat="38.324866842155565" lon="-121.63050948440585">
    <ele>1.86</ele>
   </trkpt>
   <trkpt lat="38.32572736846726" lon="-121.63049790435899">
    <ele>1.9000000000000001</ele>
   </trkpt>
   <trkpt lat="38.32658789477781" lon="-121.63048632403715">
    <ele>1.8800000000000001</ele>
   </trkpt>
   <trkpt lat="38.327448421087226" lon="-121.63047474344036">
    <ele>1.9000000000000001</ele>
   </trkpt>
   <trkpt lat="38.328308947395506" lon="-121.63046316256856">
    <ele>2.0700000000000003</ele>
   </trkpt>
   <trkpt lat="38.329169473702635" lon="-121.63045158142172">
    <ele>1.84</ele>
   </trkpt>
   <trkpt lat="38.33003" lon="-121.63044000000001">
    <ele>1.99</ele>
   </trkpt>
   <trkpt lat="38.33077999996994" lon="-121.63042500046642">
    <ele>2.0300000000000002</ele>
   </trkpt>
   <trkpt lat="38.33152999993797" lon="-121.63041000062233">
    <ele>2.04</ele>
   </trkpt>
   <trkpt lat="38.33227999990409" lon="-121.63039500046776">
    <ele>2.0</ele>
   </trkpt>
   <trkpt lat="38.33303" lon="-121.63038000000002">
    <ele>2.0300000000000002</ele>
   </trkpt>
   <trkpt lat="38.33383999997532" lon="-121.63037666674131">
    <ele>1.97</ele>
   </trkpt>
   <trkpt lat="38.33464999995052" lon="-121.63037333340807">
    <ele>2.0900000000000003</ele>
   </trkpt>
   <trkpt lat="38.335460000000005" lon="-121.63037000000001">
    <ele>2.21</ele>
   </trkpt>
   <trkpt lat="38.33631249999625" lon="-121.6303500007062">
    <ele>2.2</ele>
   </trkpt>
   <trkpt lat="38.33716499998909" lon="-121.63033000094174">
    <ele>2.5500000000000003</ele>
   </trkpt>
   <trkpt lat="38.33801749997854" lon="-121.63031000070664">
    <ele>2.5900000000000003</ele>
   </trkpt>
   <trkpt lat="38.33887" lon="-121.63029000000002">
    <ele>2.43</ele>
   </trkpt>
   <trkpt lat="38.339735999991305" lon="-121.63028200038265">
    <ele>2.54</ele>
   </trkpt>
   <trkpt lat="38.34060199998206" lon="-121.63027400057402">
    <ele>2.54</ele>
   </trkpt>
   <trkpt lat="38.34146799997228" lon="-121.6302660005741">
    <ele>2.5900000000000003</ele>
   </trkpt>
   <trkpt lat="38.34233399996195" lon="-121.63025800038291">
    <ele>2.68</ele>
   </trkpt>
   <trkpt lat="38.3432" lon="-121.63025">
    <ele>2.6</ele>
   </trkpt>
   <trkpt lat="38.34353" lon="-121.63017">
    <ele>2.4000000000000004</ele>
   </trkpt>
   <trkpt lat="38.343700000000005" lon="-121.63012">
    <ele>2.2700000000000005</ele>
   </trkpt>
   <trkpt lat="38.343970000000006" lon="-121.62994">
    <ele>2.24</ele>
   </trkpt>
   <trkpt lat="38.34409" lon="-121.62981">
    <ele>2.24</ele>
   </trkpt>
   <trkpt lat="38.34431" lon="-121.62955000000001">
    <ele>2.0700000000000003</ele>
   </trkpt>
   <trkpt lat="38.344480000000004" lon="-121.62925000000001">
    <ele>2.22</ele>
   </trkpt>
   <trkpt lat="38.34461" lon="-121.62886">
    <ele>2.0500000000000003</ele>
   </trkpt>
   <trkpt lat="38.344660000000005" lon="-121.62855">
    <ele>1.99</ele>
   </trkpt>
   <trkpt lat="38.34467" lon="-121.62833">
    <ele>1.99</ele>
   </trkpt>
   <trkpt lat="38.3446400034386" lon="-121.62742999960496">
    <ele>1.8</ele>
   </trkpt>
   <trkpt lat="38.34461" lon="-121.62653000000002">
    <ele>1.87</ele>
   </trkpt>
   <trkpt lat="38.34459148862554" lon="-121.62540699162979">
    <ele>1.9200000000000002</ele>
   </trkpt>
   <trkpt lat="38.34457296654114" lon="-121.62428398383375">
    <ele>1.8900000000000001</ele>
   </trkpt>
   <trkpt lat="38.34455443374684" lon="-121.62316097661223">
    <ele>1.8200000000000003</ele>
   </trkpt>
   <trkpt lat="38.34453589024263" lon="-121.62203796996553">
    <ele>1.75</ele>
   </trkpt>
   <trkpt lat="38.34451733602854" lon="-121.62091496389398">
    <ele>1.7400000000000002</ele>
   </trkpt>
   <trkpt lat="38.34449877110458" lon="-121.61979195839795">
    <ele>1.79</ele>
   </trkpt>
   <trkpt lat="38.34448019547075" lon="-121.61866895347771">
    <ele>1.6900000000000002</ele>
   </trkpt>
   <trkpt lat="38.34446160912708" lon="-121.61754594913364">
    <ele>1.62</ele>
   </trkpt>
   <trkpt lat="38.34444301207356" lon="-121.61642294536608">
    <ele>1.59</ele>
   </trkpt>
   <trkpt lat="38.344424404310224" lon="-121.61529994217534">
    <ele>1.51</ele>
   </trkpt>
   <trkpt lat="38.344405785837075" lon="-121.61417693956176">
    <ele>1.4700000000000002</ele>
   </trkpt>
   <trkpt lat="38.344387156654136" lon="-121.61305393752565">
    <ele>1.3900000000000001</ele>
   </trkpt>
   <trkpt lat="38.3443685167614" lon="-121.61193093606734">
    <ele>1.3800000000000001</ele>
   </trkpt>
   <trkpt lat="38.34434986615891" lon="-121.61080793518717">
    <ele>1.52</ele>
   </trkpt>
   <trkpt lat="38.34433120484663" lon="-121.60968493488552">
    <ele>2.0</ele>
   </trkpt>
   <trkpt lat="38.344312532824624" lon="-121.60856193516264">
    <ele>2.12</ele>
   </trkpt>
   <trkpt lat="38.344293850092875" lon="-121.60743893601892">
    <ele>2.23</ele>
   </trkpt>
   <trkpt lat="38.34427515665141" lon="-121.60631593745468">
    <ele>2.16</ele>
   </trkpt>
   <trkpt lat="38.344256452500225" lon="-121.60519293947023">
    <ele>2.1300000000000003</ele>
   </trkpt>
   <trkpt lat="38.34423773763935" lon="-121.60406994206592">
    <ele>2.16</ele>
   </trkpt>
   <trkpt lat="38.34421901206879" lon="-121.60294694524207">
    <ele>2.25</ele>
   </trkpt>
   <trkpt lat="38.34420027578856" lon="-121.60182394899903">
    <ele>2.31</ele>
   </trkpt>
   <trkpt lat="38.344181528798664" lon="-121.6007009533371">
    <ele>2.3800000000000003</ele>
   </trkpt>
   <trkpt lat="38.34416277109912" lon="-121.59957795825665">
    <ele>2.45</ele>
   </trkpt>
   <trkpt lat="38.34414400268996" lon="-121.59845496375797">
    <ele>2.6300000000000003</ele>
   </trkpt>
   <trkpt lat="38.344125223571176" lon="-121.59733196984143">
    <ele>2.4899999999999998</ele>
   </trkpt>
   <trkpt lat="38.344106433742766" lon="-121.59620897650736">
    <ele>2.3800000000000003</ele>
   </trkpt>
   <trkpt lat="38.34408763320478" lon="-121.59508598375605">
    <ele>2.2600000000000002</ele>
   </trkpt>
   <trkpt lat="38.344068821957194" lon="-121.59396299158784">
    <ele>2.21</ele>
   </trkpt>
   <trkpt lat="38.34405" lon="-121.59284000000001">
    <ele>2.14</ele>
   </trkpt>
   <trkpt lat="38.34404" lon="-121.59261000000001">
    <ele>2.14</ele>
   </trkpt>
   <trkpt lat="38.343990000000005" lon="-121.59228000000002">
    <ele>1.87</ele>
   </trkpt>
   <trkpt lat="38.3437900281636" lon="-121.5912285540063">
    <ele>1.7200000000000002</ele>
   </trkpt>
   <trkpt lat="38.343590046938836" lon="-121.59017711381819">
    <ele>1.4600000000000002</ele>
   </trkpt>
   <trkpt lat="38.343390056325845" lon="-121.58912567943584">
    <ele>1.4400000000000002</ele>
   </trkpt>
   <trkpt lat="38.34319005632473" lon="-121.58807425085945">
    <ele>1.3200000000000003</ele>
   </trkpt>
   <trkpt lat="38.34299004693563" lon="-121.58702282808925">
    <ele>1.2200000000000002</ele>
   </trkpt>
   <trkpt lat="38.34279002815867" lon="-121.58597141112541">
    <ele>1.41</ele>
   </trkpt>
   <trkpt lat="38.34259" lon="-121.58492000000001">
    <ele>1.7000000000000002</ele>
   </trkpt>
   <trkpt lat="38.34321499996383" lon="-121.58489500021724">
    <ele>2.0500000000000003</ele>
   </trkpt>
   <trkpt lat="38.34384" lon="-121.58487000000001">
    <ele>2.0700000000000003</ele>
   </trkpt>
   <trkpt lat="38.34462857144335" lon="-121.58485142978442">
    <ele>1.9600000000000004</ele>
   </trkpt>
   <trkpt lat="38.345417142883775" lon="-121.58483285916451">
    <ele>1.9100000000000001</ele>
   </trkpt>
   <trkpt lat="38.346205714321265" lon="-121.58481428814024">
    <ele>2.08</ele>
   </trkpt>
   <trkpt lat="38.34699428575585" lon="-121.58479571671155">
    <ele>2.0900000000000003</ele>
   </trkpt>
   <trkpt lat="38.34778285718747" lon="-121.58477714487847">
    <ele>1.93</ele>
   </trkpt>
   <trkpt lat="38.34857142861619" lon="-121.58475857264096">
    <ele>1.93</ele>
   </trkpt>
   <trkpt lat="38.349360000000004" lon="-121.58474000000001">
    <ele>1.93</ele>
   </trkpt>
   <trkpt lat="38.34935" lon="-121.58474000000001">
    <ele>1.93</ele>
   </trkpt>
   <trkpt lat="38.350049999983646" lon="-121.58472500043541">
    <ele>1.98</ele>
   </trkpt>
   <trkpt lat="38.35074999996537" lon="-121.58471000058081">
    <ele>1.9600000000000004</ele>
   </trkpt>
   <trkpt lat="38.35144999994518" lon="-121.58469500043623">
    <ele>1.79</ele>
   </trkpt>
   <trkpt lat="38.35215" lon="-121.58468">
    <ele>1.68</ele>
   </trkpt>
   <trkpt lat="38.35299200003034" lon="-121.58463400213991">
    <ele>1.7300000000000002</ele>
   </trkpt>
   <trkpt lat="38.3538340000427" lon="-121.58458800321006">
    <ele>1.6900000000000002</ele>
   </trkpt>
   <trkpt lat="38.35467600003709" lon="-121.58454200321044">
    <ele>1.6600000000000001</ele>
   </trkpt>
   <trkpt lat="38.355518000013504" lon="-121.58449600214094">
    <ele>1.67</ele>
   </trkpt>
   <trkpt lat="38.35636" lon="-121.58445">
    <ele>1.78</ele>
   </trkpt>
   <trkpt lat="38.35725619073973" lon="-121.58439429950897">
    <ele>1.4900000000000002</ele>
   </trkpt>
   <trkpt lat="38.35815238145314" lon="-121.58433859763898">
    <ele>1.41</ele>
   </trkpt>
   <trkpt lat="38.359048572140175" lon="-121.58428289438991">
    <ele>1.43</ele>
   </trkpt>
   <trkpt lat="38.35994476280085" lon="-121.58422718976175">
    <ele>1.62</ele>
   </trkpt>
   <trkpt lat="38.36084095343518" lon="-121.58417148375437">
    <ele>2.0300000000000002</ele>
   </trkpt>
   <trkpt lat="38.361737144043154" lon="-121.5841157763677">
    <ele>1.68</ele>
   </trkpt>
   <trkpt lat="38.36263333462477" lon="-121.58406006760167">
    <ele>1.4800000000000002</ele>
   </trkpt>
   <trkpt lat="38.36352952518002" lon="-121.58400435745618">
    <ele>1.29</ele>
   </trkpt>
   <trkpt lat="38.36442571570892" lon="-121.5839486459312">
    <ele>1.3200000000000003</ele>
   </trkpt>
   <trkpt lat="38.36532190621145" lon="-121.58389293302659">
    <ele>1.4000000000000001</ele>
   </trkpt>
   <trkpt lat="38.366218096687604" lon="-121.58383721874232">
    <ele>1.4400000000000002</ele>
   </trkpt>
   <trkpt lat="38.36711428713742" lon="-121.58378150307828">
    <ele>1.55</ele>
   </trkpt>
   <trkpt lat="38.36801047756085" lon="-121.58372578603445">
    <ele>1.5700000000000003</ele>
   </trkpt>
   <trkpt lat="38.368906667957916" lon="-121.58367006761065">
    <ele>1.53</ele>
   </trkpt>
   <trkpt lat="38.369802858328605" lon="-121.5836143478069">
    <ele>1.6400000000000001</ele>
   </trkpt>
   <trkpt lat="38.370699048672925" lon="-121.58355862662306">
    <ele>1.6400000000000001</ele>
   </trkpt>
   <trkpt lat="38.37159523899088" lon="-121.58350290405909">
    <ele>1.4400000000000002</ele>
   </trkpt>
   <trkpt lat="38.37249142928245" lon="-121.58344718011487">
    <ele>1.42</ele>
   </trkpt>
   <trkpt lat="38.37338761954763" lon="-121.58339145479036">
    <ele>1.51</ele>
   </trkpt>
   <trkpt lat="38.37428380978646" lon="-121.58333572808544">
    <ele>1.6</ele>
   </trkpt>
   <trkpt lat="38.37518" lon="-121.58328000000002">
    <ele>2.02</ele>
   </trkpt>
   <trkpt lat="38.37606400003617" lon="-121.58326120551367">
    <ele>2.0100000000000002</ele>
   </trkpt>
   <trkpt lat="38.376948000069355" lon="-121.58324241056805">
    <ele>2.0500000000000003</ele>
   </trkpt>
   <trkpt lat="38.37783200009954" lon="-121.58322361516312">
    <ele>1.9200000000000002</ele>
   </trkpt>
   <trkpt lat="38.37871600012671" lon="-121.58320481929887">
    <ele>1.8200000000000003</ele>
   </trkpt>
   <trkpt lat="38.37960000015089" lon="-121.58318602297528">
    <ele>1.6600000000000001</ele>
   </trkpt>
   <trkpt lat="38.380484000172075" lon="-121.58316722619229">
    <ele>1.85</ele>
   </trkpt>
   <trkpt lat="38.38136800019025" lon="-121.58314842894993">
    <ele>1.7300000000000002</ele>
   </trkpt>
   <trkpt lat="38.38225200020541" lon="-121.58312963124813">
    <ele>1.7000000000000002</ele>
   </trkpt>
   <trkpt lat="38.38313600021759" lon="-121.58311083308685">
    <ele>1.87</ele>
   </trkpt>
   <trkpt lat="38.38402000022677" lon="-121.58309203446612">
    <ele>1.76</ele>
   </trkpt>
   <trkpt lat="38.38490400023292" lon="-121.58307323538588">
    <ele>1.7400000000000002</ele>
   </trkpt>
   <trkpt lat="38.3857880002361" lon="-121.5830544358461">
    <ele>1.9000000000000001</ele>
   </trkpt>
   <trkpt lat="38.38667200023626" lon="-121.58303563584677">
    <ele>1.81</ele>
   </trkpt>
   <trkpt lat="38.3875560002334" lon="-121.58301683538787">
    <ele>1.97</ele>
   </trkpt>
   <trkpt lat="38.388440000227575" lon="-121.58299803446931">
    <ele>2.0500000000000003</ele>
   </trkpt>
   <trkpt lat="38.38932400021873" lon="-121.58297923309118">
    <ele>1.9500000000000002</ele>
   </trkpt>
   <trkpt lat="38.390208000206876" lon="-121.58296043125333">
    <ele>1.9500000000000002</ele>
   </trkpt>
   <trkpt lat="38.391092000192025" lon="-121.58294162895587">
    <ele>1.9500000000000002</ele>
   </trkpt>
   <trkpt lat="38.39197600017416" lon="-121.58292282619861">
    <ele>1.9600000000000004</ele>
   </trkpt>
   <trkpt lat="38.39286000015332" lon="-121.58290402298168">
    <ele>2.15</ele>
   </trkpt>
   <trkpt lat="38.393744000129445" lon="-121.58288521930496">
    <ele>2.12</ele>
   </trkpt>
   <trkpt lat="38.39462800010258" lon="-121.58286641516845">
    <ele>2.2900000000000005</ele>
   </trkpt>
   <trkpt lat="38.39551200007271" lon="-121.58284761057213">
    <ele>2.18</ele>
   </trkpt>
   <trkpt lat="38.396396000039836" lon="-121.58282880551597">
    <ele>2.0500000000000003</ele>
   </trkpt>
   <trkpt lat="38.39728" lon="-121.58281000000001">
    <ele>2.2600000000000002</ele>
   </trkpt>
   <trkpt lat="38.39810833333626" lon="-121.58280500063022">
    <ele>1.78</ele>
   </trkpt>
   <trkpt lat="38.3989366666723" lon="-121.58280000114586">
    <ele>1.75</ele>
   </trkpt>
   <trkpt lat="38.399765000008124" lon="-121.58279500154693">
    <ele>1.9000000000000001</ele>
   </trkpt>
   <trkpt lat="38.40059333334375" lon="-121.58279000183343">
    <ele>1.9100000000000001</ele>
   </trkpt>
   <trkpt lat="38.401421666679155" lon="-121.58278500200535">
    <ele>1.84</ele>
   </trkpt>
   <trkpt lat="38.40225000001435" lon="-121.58278000206265">
    <ele>1.87</ele>
   </trkpt>
   <trkpt lat="38.403078333349335" lon="-121.58277500200538">
    <ele>1.8300000000000003</ele>
   </trkpt>
   <trkpt lat="38.4039066666841" lon="-121.5827700018335">
    <ele>1.84</ele>
   </trkpt>
   <trkpt lat="38.40473500001866" lon="-121.58276500154705">
    <ele>1.76</ele>
   </trkpt>
   <trkpt lat="38.40556333335301" lon="-121.58276000114594">
    <ele>1.85</ele>
   </trkpt>
   <trkpt lat="38.40639166668713" lon="-121.58275500063023">
    <ele>1.7100000000000002</ele>
   </trkpt>
   <trkpt lat="38.40722" lon="-121.58275">
    <ele>1.8</ele>
   </trkpt>
   <trkpt lat="38.40811750000891" lon="-121.5827637488047">
    <ele>1.53</ele>
   </trkpt>
   <trkpt lat="38.40901500001622" lon="-121.58277749795086">
    <ele>1.6600000000000001</ele>
   </trkpt>
   <trkpt lat="38.409912500021925" lon="-121.58279124743854">
    <ele>1.68</ele>
   </trkpt>
   <trkpt lat="38.41081000002602" lon="-121.58280499726777">
    <ele>1.4700000000000002</ele>
   </trkpt>
   <trkpt lat="38.41170750002849" lon="-121.58281874743854">
    <ele>1.6600000000000001</ele>
   </trkpt>
   <trkpt lat="38.41260500002937" lon="-121.5828324979509">
    <ele>1.4500000000000002</ele>
   </trkpt>
   <trkpt lat="38.41350250002864" lon="-121.58284624880486">
    <ele>1.37</ele>
   </trkpt>
   <trkpt lat="38.4144" lon="-121.58286000000001">
    <ele>1.62</ele>
   </trkpt>
   <trkpt lat="38.41523777778395" lon="-121.58286000000003">
    <ele>1.4900000000000002</ele>
   </trkpt>
   <trkpt lat="38.416075555567886" lon="-121.58286000000003">
    <ele>1.3800000000000001</ele>
   </trkpt>
   <trkpt lat="38.41691333335183" lon="-121.58286000000003">
    <ele>1.2300000000000002</ele>
   </trkpt>
   <trkpt lat="38.41775111113577" lon="-121.58286000000003">
    <ele>1.06</ele>
   </trkpt>
   <trkpt lat="38.41858888891971" lon="-121.58286000000003">
    <ele>1.26</ele>
   </trkpt>
   <trkpt lat="38.41942666670365" lon="-121.58286000000003">
    <ele>1.36</ele>
   </trkpt>
   <trkpt lat="38.4202644444876" lon="-121.58286000000003">
    <ele>1.4800000000000002</ele>
   </trkpt>
   <trkpt lat="38.42110222227154" lon="-121.58286000000003">
    <ele>1.4700000000000002</ele>
   </trkpt>
   <trkpt lat="38.421940000000006" lon="-121.58286000000001">
    <ele>1.81</ele>
   </trkpt>
   <trkpt lat="38.42282428572121" lon="-121.58286999926548">
    <ele>1.7400000000000002</ele>
   </trkpt>
   <trkpt lat="38.42370857144157" lon="-121.58287999877581">
    <ele>1.6600000000000001</ele>
   </trkpt>
   <trkpt lat="38.42459285716109" lon="-121.58288999853097">
    <ele>1.52</ele>
   </trkpt>
   <trkpt lat="38.42547714287976" lon="-121.58289999853098">
    <ele>1.5</ele>
   </trkpt>
   <trkpt lat="38.42636142859756" lon="-121.58290999877589">
    <ele>1.7200000000000002</ele>
   </trkpt>
   <trkpt lat="38.42724571431452" lon="-121.58291999926567">
    <ele>1.79</ele>
   </trkpt>
   <trkpt lat="38.42813" lon="-121.58293">
    <ele>1.8</ele>
   </trkpt>
   <trkpt lat="38.42902750000261" lon="-121.58292875010876">
    <ele>1.8300000000000003</ele>
   </trkpt>
   <trkpt lat="38.42992500000522" lon="-121.58292750018644">
    <ele>1.8900000000000001</ele>
   </trkpt>
   <trkpt lat="38.430822500007814" lon="-121.58292625023304">
    <ele>1.86</ele>
   </trkpt>
   <trkpt lat="38.43172000001039" lon="-121.58292500024858">
    <ele>1.77</ele>
   </trkpt>
   <trkpt lat="38.43261750001295" lon="-121.58292375023305">
    <ele>1.67</ele>
   </trkpt>
   <trkpt lat="38.43351500001551" lon="-121.58292250018644">
    <ele>1.6300000000000001</ele>
   </trkpt>
   <trkpt lat="38.43441250001805" lon="-121.58292125010877">
    <ele>1.9000000000000001</ele>
   </trkpt>
   <trkpt lat="38.43531" lon="-121.58292000000002">
    <ele>1.86</ele>
   </trkpt>
   <trkpt lat="38.4361999999865" lon="-121.58292199990134">
    <ele>1.9100000000000001</ele>
   </trkpt>
   <trkpt lat="38.43708999997296" lon="-121.58292399985201">
    <ele>1.8300000000000003</ele>
   </trkpt>
   <trkpt lat="38.43797999995939" lon="-121.58292599985197">
    <ele>1.87</ele>
   </trkpt>
   <trkpt lat="38.438869999945794" lon="-121.58292799990124">
    <ele>1.93</ele>
   </trkpt>
   <trkpt lat="38.43976" lon="-121.58293">
    <ele>1.98</ele>
   </trkpt>
   <trkpt lat="38.44061500012325" lon="-121.58291500017553">
    <ele>2.1100000000000003</ele>
   </trkpt>
   <trkpt lat="38.44147" lon="-121.58290000000001">
    <ele>2.41</ele>
   </trkpt>
   <trkpt lat="38.44214" lon="-121.58293">
    <ele>2.6400000000000006</ele>
   </trkpt>
   <trkpt lat="38.44286249998461" lon="-121.58292750007514">
    <ele>2.7</ele>
   </trkpt>
   <trkpt lat="38.44358499996917" lon="-121.5829250001002">
    <ele>2.7700000000000005</ele>
   </trkpt>
   <trkpt lat="38.444307499953666" lon="-121.58292250007526">
    <ele>3.0300000000000002</ele>
   </trkpt>
   <trkpt lat="38.44503" lon="-121.58292000000002">
    <ele>3.41</ele>
   </trkpt>
   <trkpt lat="38.445915000055116" lon="-121.58292999987799">
    <ele>3.7</ele>
   </trkpt>
   <trkpt lat="38.4468" lon="-121.58294000000001">
    <ele>4.24</ele>
   </trkpt>
   <trkpt lat="38.44698601740889" lon="-121.58192801043408">
    <ele>5.13</ele>
   </trkpt>
   <trkpt lat="38.447172026113364" lon="-121.58091601565131">
    <ele>5.46</ele>
   </trkpt>
   <trkpt lat="38.44735802611333" lon="-121.57990401565189">
    <ele>5.260000000000001</ele>
   </trkpt>
   <trkpt lat="38.44754401740867" lon="-121.57889201043598">
    <ele>5.38</ele>
   </trkpt>
   <trkpt lat="38.44773" lon="-121.57788000000001">
    <ele>5.16</ele>
   </trkpt>
   <trkpt lat="38.44785" lon="-121.57746000000002">
    <ele>5.65</ele>
   </trkpt>
   <trkpt lat="38.44803" lon="-121.57703000000001">
    <ele>6.25</ele>
   </trkpt>
   <trkpt lat="38.448280000000004" lon="-121.57653">
    <ele>8.17</ele>
   </trkpt>
   <trkpt lat="38.44888" lon="-121.57573000000001">
    <ele>8.200000000000001</ele>
   </trkpt>
   <trkpt lat="38.44921" lon="-121.57524000000001">
    <ele>8.010000000000002</ele>
   </trkpt>
   <trkpt lat="38.449630000000006" lon="-121.57469">
    <ele>7.790000000000001</ele>
   </trkpt>
   <trkpt lat="38.44984" lon="-121.57446000000002">
    <ele>7.760000000000001</ele>
   </trkpt>
   <trkpt lat="38.45044" lon="-121.57389">
    <ele>7.540000000000001</ele>
   </trkpt>
   <trkpt lat="38.45120000159887" lon="-121.57329000626515">
    <ele>7.92</ele>
   </trkpt>
   <trkpt lat="38.45196" lon="-121.57269000000001">
    <ele>8.33</ele>
   </trkpt>
   <trkpt lat="38.45241000055715" lon="-121.57240000167994">
    <ele>8.370000000000001</ele>
   </trkpt>
   <trkpt lat="38.45286" lon="-121.57211000000001">
    <ele>8.190000000000001</ele>
   </trkpt>
   <trkpt lat="38.45351" lon="-121.57146000000002">
    <ele>7.82</ele>
   </trkpt>
   <trkpt lat="38.454060000000005" lon="-121.57117000000001">
    <ele>7.760000000000001</ele>
   </trkpt>
   <trkpt lat="38.454710000000006" lon="-121.57098">
    <ele>7.7700000000000005</ele>
   </trkpt>
   <trkpt lat="38.45525000000001" lon="-121.57097000000002">
    <ele>7.660000000000001</ele>
   </trkpt>
   <trkpt lat="38.45562" lon="-121.57074000000001">
    <ele>7.73</ele>
   </trkpt>
   <trkpt lat="38.4564" lon="-121.57048">
    <ele>7.57</ele>
   </trkpt>
   <trkpt lat="38.45675000000001" lon="-121.57044">
    <ele>7.78</ele>
   </trkpt>
   <trkpt lat="38.45754" lon="-121.57012">
    <ele>7.580000000000001</ele>
   </trkpt>
   <trkpt lat="38.45778" lon="-121.56999">
    <ele>7.59</ele>
   </trkpt>
   <trkpt lat="38.458090000000006" lon="-121.56986">
    <ele>7.86</ele>
   </trkpt>
   <trkpt lat="38.45828" lon="-121.56982">
    <ele>7.92</ele>
   </trkpt>
   <trkpt lat="38.45876499998468" lon="-121.56984499983099">
    <ele>7.800000000000001</ele>
   </trkpt>
   <trkpt lat="38.459250000000004" lon="-121.56987000000001">
    <ele>7.490000000000001</ele>
   </trkpt>
   <trkpt lat="38.459740000000004" lon="-121.57008">
    <ele>7.88</ele>
   </trkpt>
   <trkpt lat="38.460240000000006" lon="-121.57044">
    <ele>7.840000000000002</ele>
   </trkpt>
   <trkpt lat="38.4605" lon="-121.57057">
    <ele>7.95</ele>
   </trkpt>
   <trkpt lat="38.46067" lon="-121.57052000000002">
    <ele>7.96</ele>
   </trkpt>
   <trkpt lat="38.46083" lon="-121.57043000000002">
    <ele>7.91</ele>
   </trkpt>
   <trkpt lat="38.46101" lon="-121.57026">
    <ele>7.640000000000001</ele>
   </trkpt>
   <trkpt lat="38.46112" lon="-121.57012">
    <ele>7.59</ele>
   </trkpt>
   <trkpt lat="38.46115" lon="-121.56987000000001">
    <ele>7.59</ele>
   </trkpt>
   <trkpt lat="38.461310000000005" lon="-121.56960000000001">
    <ele>7.53</ele>
   </trkpt>
   <trkpt lat="38.461420000000004" lon="-121.5695">
    <ele>7.580000000000001</ele>
   </trkpt>
   <trkpt lat="38.461840000196695" lon="-121.569260001425">
    <ele>7.630000000000001</ele>
   </trkpt>
   <trkpt lat="38.46226" lon="-121.56902000000001">
    <ele>7.660000000000001</ele>
   </trkpt>
   <trkpt lat="38.462500000000006" lon="-121.56893000000001">
    <ele>7.78</ele>
   </trkpt>
   <trkpt lat="38.46271" lon="-121.56879">
    <ele>7.660000000000001</ele>
   </trkpt>
   <trkpt lat="38.46325" lon="-121.56826000000001">
    <ele>7.680000000000001</ele>
   </trkpt>
   <trkpt lat="38.46345" lon="-121.5682">
    <ele>7.92</ele>
   </trkpt>
   <trkpt lat="38.46378" lon="-121.56821000000001">
    <ele>8.030000000000001</ele>
   </trkpt>
   <trkpt lat="38.4641" lon="-121.56817000000001">
    <ele>7.95</ele>
   </trkpt>
   <trkpt lat="38.464360000000006" lon="-121.56808000000001">
    <ele>7.9300000000000015</ele>
   </trkpt>
   <trkpt lat="38.46463" lon="-121.56784">
    <ele>7.840000000000002</ele>
   </trkpt>
   <trkpt lat="38.465030000000006" lon="-121.5674">
    <ele>7.670000000000001</ele>
   </trkpt>
   <trkpt lat="38.465320000000006" lon="-121.56718000000001">
    <ele>7.620000000000001</ele>
   </trkpt>
   <trkpt lat="38.46562" lon="-121.56704">
    <ele>7.790000000000001</ele>
   </trkpt>
   <trkpt lat="38.466100000000004" lon="-121.56699">
    <ele>7.8100000000000005</ele>
   </trkpt>
   <trkpt lat="38.46665" lon="-121.56695">
    <ele>8.520000000000001</ele>
   </trkpt>
   <trkpt lat="38.46697" lon="-121.56681">
    <ele>8.57</ele>
   </trkpt>
   <trkpt lat="38.4673" lon="-121.56641">
    <ele>8.100000000000001</ele>
   </trkpt>
   <trkpt lat="38.46752" lon="-121.56559000000001">
    <ele>8.540000000000001</ele>
   </trkpt>
   <trkpt lat="38.46752" lon="-121.56561">
    <ele>8.39</ele>
   </trkpt>
   <trkpt lat="38.46781000213337" lon="-121.56491500260239">
    <ele>7.99</ele>
   </trkpt>
   <trkpt lat="38.4681" lon="-121.56422">
    <ele>7.800000000000001</ele>
   </trkpt>
   <trkpt lat="38.46838500089142" lon="-121.56377000172998">
    <ele>7.790000000000001</ele>
   </trkpt>
   <trkpt lat="38.46867" lon="-121.56332">
    <ele>7.82</ele>
   </trkpt>
   <trkpt lat="38.46904" lon="-121.56255000000002">
    <ele>7.87</ele>
   </trkpt>
   <trkpt lat="38.46918" lon="-121.56230000000001">
    <ele>7.87</ele>
   </trkpt>
   <trkpt lat="38.46933000000001" lon="-121.56225">
    <ele>7.83</ele>
   </trkpt>
   <trkpt lat="38.46958" lon="-121.56224000000002">
    <ele>7.840000000000002</ele>
   </trkpt>
   <trkpt lat="38.46981" lon="-121.56229">
    <ele>8.049999999999999</ele>
   </trkpt>
   <trkpt lat="38.47003" lon="-121.56235000000001">
    <ele>8.100000000000001</ele>
   </trkpt>
   <trkpt lat="38.47055" lon="-121.5626">
    <ele>7.760000000000001</ele>
   </trkpt>
   <trkpt lat="38.47093" lon="-121.56265">
    <ele>7.91</ele>
   </trkpt>
   <trkpt lat="38.471250000000005" lon="-121.56266000000001">
    <ele>8.049999999999999</ele>
   </trkpt>
   <trkpt lat="38.47171" lon="-121.56251">
    <ele>8.540000000000001</ele>
   </trkpt>
   <trkpt lat="38.47232" lon="-121.56216">
    <ele>8.55</ele>
   </trkpt>
   <trkpt lat="38.472530000000006" lon="-121.56206000000002">
    <ele>8.540000000000001</ele>
   </trkpt>
   <trkpt lat="38.47294" lon="-121.56162">
    <ele>8.030000000000001</ele>
   </trkpt>
   <trkpt lat="38.473440000000004" lon="-121.56149">
    <ele>7.800000000000001</ele>
   </trkpt>
   <trkpt lat="38.473710000000004" lon="-121.56123000000001">
    <ele>7.87</ele>
   </trkpt>
   <trkpt lat="38.473890000000004" lon="-121.56085000000002">
    <ele>7.790000000000001</ele>
   </trkpt>
   <trkpt lat="38.47430000000001" lon="-121.56027000000002">
    <ele>7.8100000000000005</ele>
   </trkpt>
   <trkpt lat="38.474700000000006" lon="-121.55992">
    <ele>7.710000000000001</ele>
   </trkpt>
   <trkpt lat="38.47489" lon="-121.5596">
    <ele>7.7700000000000005</ele>
   </trkpt>
   <trkpt lat="38.47513" lon="-121.55907">
    <ele>7.96</ele>
   </trkpt>
   <trkpt lat="38.475280000000005" lon="-121.55866">
    <ele>7.98</ele>
   </trkpt>
   <trkpt lat="38.475300000000004" lon="-121.55826">
    <ele>8.4</ele>
   </trkpt>
   <trkpt lat="38.47518000304852" lon="-121.55741499868819">
    <ele>8.100000000000001</ele>
   </trkpt>
   <trkpt lat="38.475060000000006" lon="-121.55657000000001">
    <ele>8.200000000000001</ele>
   </trkpt>
   <trkpt lat="38.47505" lon="-121.55629">
    <ele>8.14</ele>
   </trkpt>
   <trkpt lat="38.47507" lon="-121.55581000000001">
    <ele>7.99</ele>
   </trkpt>
   <trkpt lat="38.475170000000006" lon="-121.55541000000001">
    <ele>7.96</ele>
   </trkpt>
   <trkpt lat="38.47524000000001" lon="-121.55526">
    <ele>8.15</ele>
   </trkpt>
   <trkpt lat="38.475480000000005" lon="-121.5549">
    <ele>8.180000000000001</ele>
   </trkpt>
   <trkpt lat="38.47569" lon="-121.55472">
    <ele>8.100000000000001</ele>
   </trkpt>
   <trkpt lat="38.475950000000005" lon="-121.55458000000002">
    <ele>8.100000000000001</ele>
   </trkpt>
   <trkpt lat="38.47619" lon="-121.5545">
    <ele>8.0</ele>
   </trkpt>
   <trkpt lat="38.47680000022642" lon="-121.55431000324049">
    <ele>7.8100000000000005</ele>
   </trkpt>
   <trkpt lat="38.47741000014595" lon="-121.55412000326558">
    <ele>7.750000000000001</ele>
   </trkpt>
   <trkpt lat="38.47802" lon="-121.55393000000001">
    <ele>7.57</ele>
   </trkpt>
   <trkpt lat="38.478320000000004" lon="-121.55387">
    <ele>7.37</ele>
   </trkpt>
   <trkpt lat="38.478680000000004" lon="-121.55388">
    <ele>7.300000000000001</ele>
   </trkpt>
   <trkpt lat="38.47912" lon="-121.55379">
    <ele>7.34</ele>
   </trkpt>
   <trkpt lat="38.47932" lon="-121.55374">
    <ele>7.34</ele>
   </trkpt>
   <trkpt lat="38.47948" lon="-121.55365">
    <ele>7.38</ele>
   </trkpt>
   <trkpt lat="38.479760000000006" lon="-121.55347">
    <ele>7.450000000000001</ele>
   </trkpt>
   <trkpt lat="38.47986" lon="-121.55338">
    <ele>7.4</ele>
   </trkpt>
   <trkpt lat="38.479980000000005" lon="-121.55316">
    <ele>7.17</ele>
   </trkpt>
   <trkpt lat="38.48001" lon="-121.55289">
    <ele>7.010000000000001</ele>
   </trkpt>
   <trkpt lat="38.480000000000004" lon="-121.55276">
    <ele>7.010000000000001</ele>
   </trkpt>
   <trkpt lat="38.479780000000005" lon="-121.55208">
    <ele>6.44</ele>
   </trkpt>
   <trkpt lat="38.47973" lon="-121.55163">
    <ele>6.42</ele>
   </trkpt>
   <trkpt lat="38.47974" lon="-121.55141">
    <ele>6.5</ele>
   </trkpt>
   <trkpt lat="38.479800000000004" lon="-121.55100000000002">
    <ele>6.9</ele>
   </trkpt>
   <trkpt lat="38.479945002611956" lon="-121.55021000181239">
    <ele>7.6000000000000005</ele>
   </trkpt>
   <trkpt lat="38.480090000000004" lon="-121.54942000000001">
    <ele>10.48</ele>
   </trkpt>
   <trkpt lat="38.480180000000004" lon="-121.54948000000002">
    <ele>10.5</ele>
   </trkpt>
   <trkpt lat="38.48064" lon="-121.54958">
    <ele>10.47</ele>
   </trkpt>
   <trkpt lat="38.4808" lon="-121.54966">
    <ele>10.020000000000001</ele>
   </trkpt>
   <trkpt lat="38.48098" lon="-121.54979000000002">
    <ele>10.020000000000001</ele>
   </trkpt>
   <trkpt lat="38.481370000000005" lon="-121.55016">
    <ele>9.850000000000001</ele>
   </trkpt>
   <trkpt lat="38.481590000000004" lon="-121.55034">
    <ele>9.91</ele>
   </trkpt>
   <trkpt lat="38.48220500063069" lon="-121.55073499660874">
    <ele>9.75</ele>
   </trkpt>
   <trkpt lat="38.482820000000004" lon="-121.55113000000001">
    <ele>9.860000000000001</ele>
   </trkpt>
   <trkpt lat="38.48345000248064" lon="-121.55156998846985">
    <ele>9.45</ele>
   </trkpt>
   <trkpt lat="38.48408000331537" lon="-121.55200998463171">
    <ele>9.46</ele>
   </trkpt>
   <trkpt lat="38.48471000250414" lon="-121.55244998848592">
    <ele>9.4</ele>
   </trkpt>
   <trkpt lat="38.48534" lon="-121.55289">
    <ele>9.850000000000001</ele>
   </trkpt>
   <trkpt lat="38.48576500014478" lon="-121.55310999867105">
    <ele>9.91</ele>
   </trkpt>
   <trkpt lat="38.48619" lon="-121.55333000000002">
    <ele>9.840000000000002</ele>
   </trkpt>
   <trkpt lat="38.48680333460904" lon="-121.55370999356148">
    <ele>9.97</ele>
   </trkpt>
   <trkpt lat="38.48741666799041" lon="-121.5540899935911">
    <ele>10.07</ele>
   </trkpt>
   <trkpt lat="38.48803" lon="-121.55447000000001">
    <ele>9.930000000000001</ele>
   </trkpt>
   <trkpt lat="38.48858000095944" lon="-121.5547799953481">
    <ele>9.780000000000001</ele>
   </trkpt>
   <trkpt lat="38.489130001101834" lon="-121.55508999542829">
    <ele>9.74</ele>
   </trkpt>
   <trkpt lat="38.48968" lon="-121.5554">
    <ele>9.670000000000002</ele>
   </trkpt>
   <trkpt lat="38.49020500035503" lon="-121.55566499809773">
    <ele>9.71</ele>
   </trkpt>
   <trkpt lat="38.490730000000006" lon="-121.55593">
    <ele>9.590000000000002</ele>
   </trkpt>
   <trkpt lat="38.49098" lon="-121.55608000000001">
    <ele>9.88</ele>
   </trkpt>
   <trkpt lat="38.4913" lon="-121.55638">
    <ele>9.97</ele>
   </trkpt>
   <trkpt lat="38.49189333443848" lon="-121.5567366608066">
    <ele>10.13</ele>
   </trkpt>
   <trkpt lat="38.49248666779537" lon="-121.55709332748737">
    <ele>10.32</ele>
   </trkpt>
   <trkpt lat="38.493080000000006" lon="-121.55745">
    <ele>10.280000000000001</ele>
   </trkpt>
   <trkpt lat="38.49335000000001" lon="-121.55764">
    <ele>10.520000000000001</ele>
   </trkpt>
   <trkpt lat="38.49391" lon="-121.55808">
    <ele>10.540000000000001</ele>
   </trkpt>
   <trkpt lat="38.494460000000004" lon="-121.55854000000001">
    <ele>10.88</ele>
   </trkpt>
   <trkpt lat="38.49488" lon="-121.55893">
    <ele>11.01</ele>
   </trkpt>
   <trkpt lat="38.495490000000004" lon="-121.55938">
    <ele>11.1</ele>
   </trkpt>
   <trkpt lat="38.49591000006575" lon="-121.55960499860818">
    <ele>11.09</ele>
   </trkpt>
   <trkpt lat="38.49633" lon="-121.55983">
    <ele>11.06</ele>
   </trkpt>
   <trkpt lat="38.496610000000004" lon="-121.55996">
    <ele>10.89</ele>
   </trkpt>
   <trkpt lat="38.49714" lon="-121.56011000000001">
    <ele>10.23</ele>
   </trkpt>
   <trkpt lat="38.498020000000004" lon="-121.56033000000001">
    <ele>10.17</ele>
   </trkpt>
   <trkpt lat="38.49841" lon="-121.56041">
    <ele>10.23</ele>
   </trkpt>
   <trkpt lat="38.499" lon="-121.56045">
    <ele>10.440000000000001</ele>
   </trkpt>
   <trkpt lat="38.499499999946984" lon="-121.56046999985898">
    <ele>10.97</ele>
   </trkpt>
   <trkpt lat="38.5" lon="-121.56049000000002">
    <ele>11.01</ele>
   </trkpt>
   <trkpt lat="38.50086" lon="-121.56041">
    <ele>10.81</ele>
   </trkpt>
   <trkpt lat="38.50141499996952" lon="-121.56033000062477">
    <ele>10.66</ele>
   </trkpt>
   <trkpt lat="38.50197" lon="-121.56025000000001">
    <ele>10.72</ele>
   </trkpt>
   <trkpt lat="38.502390000000005" lon="-121.56014">
    <ele>10.64</ele>
   </trkpt>
   <trkpt lat="38.502860000000005" lon="-121.56014">
    <ele>10.040000000000001</ele>
   </trkpt>
   <trkpt lat="38.503400000000006" lon="-121.56001">
    <ele>7.33</ele>
   </trkpt>
   <trkpt lat="38.50361" lon="-121.56001">
    <ele>6.540000000000001</ele>
   </trkpt>
   <trkpt lat="38.503820000000005" lon="-121.5601">
    <ele>5.94</ele>
   </trkpt>
   <trkpt lat="38.503930000000004" lon="-121.5601">
    <ele>5.760000000000001</ele>
   </trkpt>
   <trkpt lat="38.50403" lon="-121.56005">
    <ele>5.72</ele>
   </trkpt>
   <trkpt lat="38.504340000000006" lon="-121.55979">
    <ele>5.890000000000001</ele>
   </trkpt>
   <trkpt lat="38.504945000366924" lon="-121.55947500267482">
    <ele>6.17</ele>
   </trkpt>
   <trkpt lat="38.50555000000001" lon="-121.55916">
    <ele>6.08</ele>
   </trkpt>
   <trkpt lat="38.50618" lon="-121.55875">
    <ele>6.140000000000001</ele>
   </trkpt>
   <trkpt lat="38.50690666824875" lon="-121.55832334192418">
    <ele>6.07</ele>
   </trkpt>
   <trkpt lat="38.50763333494954" lon="-121.55789667523763">
    <ele>5.91</ele>
   </trkpt>
   <trkpt lat="38.50836" lon="-121.55747000000001">
    <ele>5.880000000000001</ele>
   </trkpt>
   <trkpt lat="38.50908000194752" lon="-121.55707751178349">
    <ele>5.86</ele>
   </trkpt>
   <trkpt lat="38.50980000258504" lon="-121.55668501571792">
    <ele>5.81</ele>
   </trkpt>
   <trkpt lat="38.51052000191253" lon="-121.55629251180294">
    <ele>6.11</ele>
   </trkpt>
   <trkpt lat="38.51124" lon="-121.55590000000001">
    <ele>6.23</ele>
   </trkpt>
   <trkpt lat="38.51168500007191" lon="-121.55569500131621">
    <ele>6.1000000000000005</ele>
   </trkpt>
   <trkpt lat="38.512130000000006" lon="-121.55549">
    <ele>5.9799999999999995</ele>
   </trkpt>
   <trkpt lat="38.51254" lon="-121.55535">
    <ele>5.81</ele>
   </trkpt>
   <trkpt lat="38.5129" lon="-121.55517">
    <ele>5.580000000000001</ele>
   </trkpt>
   <trkpt lat="38.513220000000004" lon="-121.55496000000001">
    <ele>5.580000000000001</ele>
   </trkpt>
   <trkpt lat="38.51386" lon="-121.55451000000001">
    <ele>5.5600000000000005</ele>
   </trkpt>
   <trkpt lat="38.514410000000005" lon="-121.55420000000001">
    <ele>5.620000000000001</ele>
   </trkpt>
   <trkpt lat="38.514980000719675" lon="-121.55389667150342">
    <ele>5.430000000000001</ele>
   </trkpt>
   <trkpt lat="38.51555000065691" lon="-121.55359333820354">
    <ele>5.29</ele>
   </trkpt>
   <trkpt lat="38.51612" lon="-121.55329">
    <ele>5.280000000000001</ele>
   </trkpt>
   <trkpt lat="38.51623" lon="-121.55325">
    <ele>5.410000000000001</ele>
   </trkpt>
   <trkpt lat="38.51644" lon="-121.5532">
    <ele>5.47</ele>
   </trkpt>
   <trkpt lat="38.51679" lon="-121.55329">
    <ele>5.51</ele>
   </trkpt>
   <trkpt lat="38.51704" lon="-121.55343">
    <ele>5.68</ele>
   </trkpt>
   <trkpt lat="38.5172" lon="-121.55357000000001">
    <ele>5.68</ele>
   </trkpt>
   <trkpt lat="38.517570000000006" lon="-121.55401">
    <ele>5.7700000000000005</ele>
   </trkpt>
   <trkpt lat="38.51803333585221" lon="-121.55455999285604">
    <ele>5.69</ele>
   </trkpt>
   <trkpt lat="38.518496669131935" lon="-121.5551099927923">
    <ele>5.430000000000001</ele>
   </trkpt>
   <trkpt lat="38.51896" lon="-121.55566">
    <ele>5.24</ele>
   </trkpt>
   <trkpt lat="38.51912" lon="-121.55581000000001">
    <ele>5.15</ele>
   </trkpt>
   <trkpt lat="38.51923" lon="-121.55589">
    <ele>4.920000000000001</ele>
   </trkpt>
   <trkpt lat="38.519450000000006" lon="-121.55598">
    <ele>4.85</ele>
   </trkpt>
   <trkpt lat="38.51997" lon="-121.55599000000001">
    <ele>5.390000000000001</ele>
   </trkpt>
   <trkpt lat="38.51999" lon="-121.55527000000001">
    <ele>4.430000000000001</ele>
   </trkpt>
   <trkpt lat="38.520070000000004" lon="-121.55476000000002">
    <ele>4.38</ele>
   </trkpt>
   <trkpt lat="38.520160000000004" lon="-121.55441">
    <ele>4.430000000000001</ele>
   </trkpt>
   <trkpt lat="38.520496685724225" lon="-121.55346335546184">
    <ele>4.7700000000000005</ele>
   </trkpt>
   <trkpt lat="38.520833363827286" lon="-121.55251670206765">
    <ele>4.99</ele>
   </trkpt>
   <trkpt lat="38.521170034309044" lon="-121.55157003981739">
    <ele>4.890000000000001</ele>
   </trkpt>
   <trkpt lat="38.52150669716929" lon="-121.5506233687111">
    <ele>5.24</ele>
   </trkpt>
   <trkpt lat="38.52184335240792" lon="-121.54967668874883">
    <ele>5.540000000000001</ele>
   </trkpt>
   <trkpt lat="38.522180000000006" lon="-121.54873">
    <ele>5.23</ele>
   </trkpt>
   <trkpt lat="38.522400000000005" lon="-121.54828">
    <ele>4.840000000000001</ele>
   </trkpt>
   <trkpt lat="38.52261" lon="-121.54792">
    <ele>4.6000000000000005</ele>
   </trkpt>
   <trkpt lat="38.52295000093119" lon="-121.54747000203305">
    <ele>4.5200000000000005</ele>
   </trkpt>
   <trkpt lat="38.52329" lon="-121.54702">
    <ele>4.73</ele>
   </trkpt>
   <trkpt lat="38.52355" lon="-121.54658">
    <ele>4.95</ele>
   </trkpt>
   <trkpt lat="38.523700000000005" lon="-121.54631">
    <ele>5.13</ele>
   </trkpt>
   <trkpt lat="38.523900000000005" lon="-121.54586">
    <ele>5.180000000000001</ele>
   </trkpt>
   <trkpt lat="38.524260000000005" lon="-121.54483">
    <ele>5.3500000000000005</ele>
   </trkpt>
   <trkpt lat="38.52449" lon="-121.54429">
    <ele>5.16</ele>
   </trkpt>
   <trkpt lat="38.524770000000004" lon="-121.54371">
    <ele>5.010000000000001</ele>
   </trkpt>
   <trkpt lat="38.525090000000006" lon="-121.54314000000001">
    <ele>4.83</ele>
   </trkpt>
   <trkpt lat="38.52519" lon="-121.54291">
    <ele>4.83</ele>
   </trkpt>
   <trkpt lat="38.525330000000004" lon="-121.54251000000001">
    <ele>4.85</ele>
   </trkpt>
   <trkpt lat="38.525450000000006" lon="-121.54202000000001">
    <ele>5.0600000000000005</ele>
   </trkpt>
   <trkpt lat="38.525510000000004" lon="-121.54152">
    <ele>5.23</ele>
   </trkpt>
   <trkpt lat="38.52552" lon="-121.54104000000001">
    <ele>5.48</ele>
   </trkpt>
   <trkpt lat="38.525470000000006" lon="-121.54053">
    <ele>5.390000000000001</ele>
   </trkpt>
   <trkpt lat="38.52537" lon="-121.53995">
    <ele>5.6000000000000005</ele>
   </trkpt>
   <trkpt lat="38.525330000000004" lon="-121.53960000000001">
    <ele>5.6000000000000005</ele>
   </trkpt>
   <trkpt lat="38.525310000000005" lon="-121.53928">
    <ele>5.68</ele>
   </trkpt>
   <trkpt lat="38.52532" lon="-121.53889000000001">
    <ele>5.68</ele>
   </trkpt>
   <trkpt lat="38.52537" lon="-121.53843">
    <ele>5.59</ele>
   </trkpt>
   <trkpt lat="38.525560000000006" lon="-121.53767">
    <ele>5.44</ele>
   </trkpt>
   <trkpt lat="38.525780000000005" lon="-121.53714000000001">
    <ele>5.29</ele>
   </trkpt>
   <trkpt lat="38.52591" lon="-121.53691">
    <ele>5.220000000000001</ele>
   </trkpt>
   <trkpt lat="38.52617" lon="-121.53655">
    <ele>5.11</ele>
   </trkpt>
   <trkpt lat="38.52646" lon="-121.53623">
    <ele>5.1000000000000005</ele>
   </trkpt>
   <trkpt lat="38.52673" lon="-121.53596">
    <ele>5.15</ele>
   </trkpt>
   <trkpt lat="38.52691" lon="-121.53583">
    <ele>5.29</ele>
   </trkpt>
   <trkpt lat="38.5275833344136" lon="-121.53546334022965">
    <ele>5.3</ele>
   </trkpt>
   <trkpt lat="38.528256667683785" lon="-121.53509667359748">
    <ele>5.42</ele>
   </trkpt>
   <trkpt lat="38.52893" lon="-121.53473000000001">
    <ele>5.7700000000000005</ele>
   </trkpt>
   <trkpt lat="38.529622501669685" lon="-121.53437001038576">
    <ele>5.55</ele>
   </trkpt>
   <trkpt lat="38.53031500223717" lon="-121.53401001384218">
    <ele>5.930000000000001</ele>
   </trkpt>
   <trkpt lat="38.5310075017024" lon="-121.53365001036907">
    <ele>6.19</ele>
   </trkpt>
   <trkpt lat="38.5317" lon="-121.53329000000001">
    <ele>6.12</ele>
   </trkpt>
   <trkpt lat="38.53204" lon="-121.53306">
    <ele>5.760000000000001</ele>
   </trkpt>
   <trkpt lat="38.53267500964341" lon="-121.53238669637804">
    <ele>5.580000000000001</ele>
   </trkpt>
   <trkpt lat="38.53331001543099" lon="-121.53171338087061">
    <ele>5.960000000000001</ele>
   </trkpt>
   <trkpt lat="38.533945017362626" lon="-121.53104005347738">
    <ele>6.0600000000000005</ele>
   </trkpt>
   <trkpt lat="38.534580015438124" lon="-121.53036671419791">
    <ele>5.970000000000001</ele>
   </trkpt>
   <trkpt lat="38.53521500965738" lon="-121.52969336303177">
    <ele>6.12</ele>
   </trkpt>
   <trkpt lat="38.53585" lon="-121.52902000000002">
    <ele>5.930000000000001</ele>
   </trkpt>
   <trkpt lat="38.53638" lon="-121.52822">
    <ele>6.07</ele>
   </trkpt>
   <trkpt lat="38.53663" lon="-121.5276">
    <ele>6.24</ele>
   </trkpt>
   <trkpt lat="38.53679" lon="-121.52702000000001">
    <ele>6.66</ele>
   </trkpt>
   <trkpt lat="38.53693000218168" lon="-121.52629500168894">
    <ele>6.66</ele>
   </trkpt>
   <trkpt lat="38.53707" lon="-121.52557000000002">
    <ele>6.630000000000001</ele>
   </trkpt>
   <trkpt lat="38.537330000000004" lon="-121.5245">
    <ele>6.46</ele>
   </trkpt>
   <trkpt lat="38.53761" lon="-121.52371000000001">
    <ele>6.710000000000001</ele>
   </trkpt>
   <trkpt lat="38.53801" lon="-121.5229">
    <ele>6.65</ele>
   </trkpt>
   <trkpt lat="38.538450000000005" lon="-121.52227">
    <ele>6.470000000000001</ele>
   </trkpt>
   <trkpt lat="38.53875" lon="-121.52190000000002">
    <ele>6.44</ele>
   </trkpt>
   <trkpt lat="38.539010000000005" lon="-121.5216">
    <ele>6.53</ele>
   </trkpt>
   <trkpt lat="38.539570000000005" lon="-121.52115">
    <ele>6.73</ele>
   </trkpt>
   <trkpt lat="38.540150000000004" lon="-121.52078000000002">
    <ele>6.410000000000001</ele>
   </trkpt>
   <trkpt lat="38.54076000051259" lon="-121.52043000297316">
    <ele>5.880000000000001</ele>
   </trkpt>
   <trkpt lat="38.54137" lon="-121.52008000000001">
    <ele>5.85</ele>
   </trkpt>
   <trkpt lat="38.5419250004085" lon="-121.51979000221128">
    <ele>5.99</ele>
   </trkpt>
   <trkpt lat="38.542480000000005" lon="-121.51950000000001">
    <ele>6.03</ele>
   </trkpt>
   <trkpt lat="38.542880000000004" lon="-121.51927">
    <ele>5.87</ele>
   </trkpt>
   <trkpt lat="38.54341" lon="-121.51882">
    <ele>5.73</ele>
   </trkpt>
   <trkpt lat="38.54404" lon="-121.51801">
    <ele>5.68</ele>
   </trkpt>
   <trkpt lat="38.54437" lon="-121.51771000000001">
    <ele>5.3500000000000005</ele>
   </trkpt>
   <trkpt lat="38.544920000000005" lon="-121.51737000000001">
    <ele>5.280000000000001</ele>
   </trkpt>
   <trkpt lat="38.54552" lon="-121.51703">
    <ele>5.280000000000001</ele>
   </trkpt>
   <trkpt lat="38.54574" lon="-121.51694">
    <ele>5.32</ele>
   </trkpt>
   <trkpt lat="38.546260000000004" lon="-121.51677000000001">
    <ele>5.24</ele>
   </trkpt>
   <trkpt lat="38.54652" lon="-121.51675000000002">
    <ele>5.280000000000001</ele>
   </trkpt>
   <trkpt lat="38.546960000000006" lon="-121.51675000000002">
    <ele>5.32</ele>
   </trkpt>
   <trkpt lat="38.547230000000006" lon="-121.51677000000001">
    <ele>5.32</ele>
   </trkpt>
   <trkpt lat="38.54755" lon="-121.51686000000001">
    <ele>5.430000000000001</ele>
   </trkpt>
   <trkpt lat="38.548" lon="-121.51707">
    <ele>5.4</ele>
   </trkpt>
   <trkpt lat="38.54881000200177" lon="-121.51754998921048">
    <ele>5.48</ele>
   </trkpt>
   <trkpt lat="38.54962000204373" lon="-121.51802998923513">
    <ele>5.47</ele>
   </trkpt>
   <trkpt lat="38.550430000000006" lon="-121.51851">
    <ele>5.5600000000000005</ele>
   </trkpt>
   <trkpt lat="38.550740000000005" lon="-121.51872000000002">
    <ele>5.53</ele>
   </trkpt>
   <trkpt lat="38.551190000111355" lon="-121.51894999850238">
    <ele>5.2700000000000005</ele>
   </trkpt>
   <trkpt lat="38.551640000000006" lon="-121.51918">
    <ele>5.15</ele>
   </trkpt>
   <trkpt lat="38.551820000000006" lon="-121.51935">
    <ele>5.140000000000001</ele>
   </trkpt>
   <trkpt lat="38.552290001669384" lon="-121.51997999585642">
    <ele>5.19</ele>
   </trkpt>
   <trkpt lat="38.552760000000006" lon="-121.52061">
    <ele>5.04</ele>
   </trkpt>
   <trkpt lat="38.553090000000005" lon="-121.52089000000001">
    <ele>5.0600000000000005</ele>
   </trkpt>
   <trkpt lat="38.55335" lon="-121.52107000000001">
    <ele>5.21</ele>
   </trkpt>
   <trkpt lat="38.55413" lon="-121.52145000000002">
    <ele>5.17</ele>
   </trkpt>
   <trkpt lat="38.554300000000005" lon="-121.52155">
    <ele>5.17</ele>
   </trkpt>
   <trkpt lat="38.554390000000005" lon="-121.52157000000001">
    <ele>5.17</ele>
   </trkpt>
   <trkpt lat="38.554520000000004" lon="-121.52154000000002">
    <ele>5.0200000000000005</ele>
   </trkpt>
   <trkpt lat="38.554610000000004" lon="-121.52147000000001">
    <ele>5.0200000000000005</ele>
   </trkpt>
   <trkpt lat="38.554660000000005" lon="-121.52146">
    <ele>5.0200000000000005</ele>
   </trkpt>
   <trkpt lat="38.554790000000004" lon="-121.52157000000001">
    <ele>5.0200000000000005</ele>
   </trkpt>
   <trkpt lat="38.55514" lon="-121.52169">
    <ele>5.08</ele>
   </trkpt>
   <trkpt lat="38.55534" lon="-121.52177">
    <ele>5.2</ele>
   </trkpt>
   <trkpt lat="38.55565" lon="-121.52195">
    <ele>5.3500000000000005</ele>
   </trkpt>
   <trkpt lat="38.55643000111977" lon="-121.52244499467817">
    <ele>6.08</ele>
   </trkpt>
   <trkpt lat="38.557210000000005" lon="-121.52294">
    <ele>6.800000000000001</ele>
   </trkpt>
   <trkpt lat="38.55782000000001" lon="-121.52325">
    <ele>7.83</ele>
   </trkpt>
   <trkpt lat="38.55792" lon="-121.52325">
    <ele>7.83</ele>
   </trkpt>
   <trkpt lat="38.55809" lon="-121.52317000000001">
    <ele>8.14</ele>
   </trkpt>
   <trkpt lat="38.558130000000006" lon="-121.52312">
    <ele>8.14</ele>
   </trkpt>
   <trkpt lat="38.558240000000005" lon="-121.52312">
    <ele>9.09</ele>
   </trkpt>
   <trkpt lat="38.55829000000001" lon="-121.52313000000001">
    <ele>9.09</ele>
   </trkpt>
   <trkpt lat="38.558330000000005" lon="-121.52318000000001">
    <ele>9.09</ele>
   </trkpt>
   <trkpt lat="38.55877" lon="-121.52327000000001">
    <ele>9.72</ele>
   </trkpt>
   <trkpt lat="38.55937" lon="-121.52334">
    <ele>11.540000000000001</ele>
   </trkpt>
   <trkpt lat="38.560010000000005" lon="-121.52334">
    <ele>12.690000000000001</ele>
   </trkpt>
   <trkpt lat="38.560100000000006" lon="-121.52331000000001">
    <ele>12.690000000000001</ele>
   </trkpt>
   <trkpt lat="38.56026000000001" lon="-121.52331000000001">
    <ele>12.690000000000001</ele>
   </trkpt>
   <trkpt lat="38.56113000006656" lon="-121.52332499981955">
    <ele>13.46</ele>
   </trkpt>
   <trkpt lat="38.562000000000005" lon="-121.52334">
    <ele>13.290000000000001</ele>
   </trkpt>
   <trkpt lat="38.56223000000001" lon="-121.52337000000001">
    <ele>13.280000000000001</ele>
   </trkpt>
   <trkpt lat="38.56248" lon="-121.52338">
    <ele>13.32</ele>
   </trkpt>
   <trkpt lat="38.56261000000001" lon="-121.52336000000001">
    <ele>13.540000000000001</ele>
   </trkpt>
   <trkpt lat="38.562720000000006" lon="-121.52336000000001">
    <ele>13.540000000000001</ele>
   </trkpt>
   <trkpt lat="38.56351000007272" lon="-121.52337499983648">
    <ele>14.010000000000002</ele>
   </trkpt>
   <trkpt lat="38.5643" lon="-121.52339">
    <ele>13.72</ele>
   </trkpt>
   <trkpt lat="38.56505000000001" lon="-121.52342000000002">
    <ele>13.110000000000001</ele>
   </trkpt>
   <trkpt lat="38.565400000000004" lon="-121.52345000000001">
    <ele>12.870000000000001</ele>
   </trkpt>
   <trkpt lat="38.56557" lon="-121.52352">
    <ele>12.700000000000001</ele>
   </trkpt>
   <trkpt lat="38.565780000000004" lon="-121.52363000000001">
    <ele>12.700000000000001</ele>
   </trkpt>
   <trkpt lat="38.565900000000006" lon="-121.52371000000001">
    <ele>12.5</ele>
   </trkpt>
   <trkpt lat="38.56627" lon="-121.52384">
    <ele>12.41</ele>
   </trkpt>
   <trkpt lat="38.56644" lon="-121.52388">
    <ele>12.360000000000001</ele>
   </trkpt>
   <trkpt lat="38.566700000000004" lon="-121.52396000000002">
    <ele>12.290000000000001</ele>
   </trkpt>
   <trkpt lat="38.566810000000004" lon="-121.52394000000001">
    <ele>12.290000000000001</ele>
   </trkpt>
   <trkpt lat="38.56703" lon="-121.52394000000001">
    <ele>12.24</ele>
   </trkpt>
   <trkpt lat="38.567440000000005" lon="-121.52388">
    <ele>12.24</ele>
   </trkpt>
   <trkpt lat="38.567890000000006" lon="-121.52371000000001">
    <ele>12.22</ele>
   </trkpt>
   <trkpt lat="38.568430000000006" lon="-121.52331000000001">
    <ele>12.23</ele>
   </trkpt>
   <trkpt lat="38.5690166693617" lon="-121.5227500091189">
    <ele>12.17</ele>
   </trkpt>
   <trkpt lat="38.569603336055415" lon="-121.52219000909318">
    <ele>12.100000000000001</ele>
   </trkpt>
   <trkpt lat="38.570190000000004" lon="-121.52163000000002">
    <ele>11.83</ele>
   </trkpt>
   <trkpt lat="38.57060000072131" lon="-121.52123000224289">
    <ele>10.83</ele>
   </trkpt>
   <trkpt lat="38.57101" lon="-121.52083">
    <ele>10.110000000000001</ele>
   </trkpt>
   <trkpt lat="38.571560000000005" lon="-121.52041000000001">
    <ele>7.94</ele>
   </trkpt>
   <trkpt lat="38.57155" lon="-121.52035000000001">
    <ele>7.94</ele>
   </trkpt>
   <trkpt lat="38.57224400398703" lon="-121.51986601870088">
    <ele>7.410000000000001</ele>
   </trkpt>
   <trkpt lat="38.57293800598116" lon="-121.51938202805133">
    <ele>6.960000000000001</ele>
   </trkpt>
   <trkpt lat="38.57363200598227" lon="-121.51889802805098">
    <ele>7.710000000000001</ele>
   </trkpt>
   <trkpt lat="38.57432600399029" lon="-121.51841401869949">
    <ele>6.7</ele>
   </trkpt>
   <trkpt lat="38.57502" lon="-121.51793">
    <ele>8.200000000000001</ele>
   </trkpt>
   <trkpt lat="38.57452500224538" lon="-121.51720499501815">
    <ele>9.02</ele>
   </trkpt>
   <trkpt lat="38.57403" lon="-121.51648000000002">
    <ele>9.680000000000001</ele>
   </trkpt>
   <trkpt lat="38.57466000229926" lon="-121.51573500660658">
    <ele>10.16</ele>
   </trkpt>
   <trkpt lat="38.57529" lon="-121.51499000000001">
    <ele>10.540000000000001</ele>
   </trkpt>
   <trkpt lat="38.575810001494084" lon="-121.51439500432078">
    <ele>10.71</ele>
   </trkpt>
   <trkpt lat="38.576330000000006" lon="-121.5138">
    <ele>10.97</ele>
   </trkpt>
   <trkpt lat="38.57672" lon="-121.51348000000002">
    <ele>11.1</ele>
   </trkpt>
   <trkpt lat="38.577000000000005" lon="-121.51331">
    <ele>11.02</ele>
   </trkpt>
   <trkpt lat="38.57762250177512" lon="-121.51294000960297">
    <ele>11.200000000000001</ele>
   </trkpt>
   <trkpt lat="38.5782450023855" lon="-121.51257001279303">
    <ele>11.1</ele>
   </trkpt>
   <trkpt lat="38.57886750183109" lon="-121.51220000956998">
    <ele>11.35</ele>
   </trkpt>
   <trkpt lat="38.57949" lon="-121.51183">
    <ele>11.15</ele>
   </trkpt>
   <trkpt lat="38.57965" lon="-121.51179">
    <ele>11.11</ele>
   </trkpt>
   <trkpt lat="38.57983" lon="-121.51179">
    <ele>11.11</ele>
   </trkpt>
   <trkpt lat="38.579890000000006" lon="-121.51155000000001">
    <ele>11.02</ele>
   </trkpt>
  </trkseg>
 </trk>
</gpx>
