<?xml version="1.0" encoding="UTF-8"?>
<gpx creator="StravaGPX" version="1.1" xmlns="http://www.topografix.com/GPX/1/1" xmlns:xsi="http://www.w3.org/2001/XMLSchema-instance" xsi:schemaLocation="http://www.topografix.com/GPX/1/1 http://www.topografix.com/GPX/1/1/gpx.xsd">
 <metadata>
  <name>IRONMAN 70.3 La Quinta - ZOOT Bike Course</name>
  <author>
   <name>IRONMAN North America Admin</name>
   <link href="https://www.strava.com/athletes/152522621"/>
  </author>
  <copyright author="OpenStreetMap contributors">
   <year>2020</year>
   <license>https://www.openstreetmap.org/copyright</license>
  </copyright>
  <link href="https://www.strava.com/routes/3313979455385330672"/>
 </metadata>
 <trk>
  <name>IRONMAN 70.3 La Quinta - ZOOT Bike Course</name>
  <link href="https://www.strava.com/routes/3313979455385330672"/>
  <type>cycling</type>
  <trkseg>
   <trkpt lat="33.629380000000005" lon="-116.27702000000001">
    <ele>9.590000000000002</ele>
   </trkpt>
   <trkpt lat="33.62961" lon="-116.27739000000001">
    <ele>11.370000000000001</ele>
   </trkpt>
   <trkpt lat="33.629400000000004" lon="-116.27755">
    <ele>13.38</ele>
   </trkpt>
   <trkpt lat="33.62924" lon="-116.27779000000001">
    <ele>14.72</ele>
   </trkpt>
   <trkpt lat="33.62919" lon="-116.27783000000001">
    <ele>14.900000000000002</ele>
   </trkpt>
   <trkpt lat="33.6289" lon="-116.27787000000001">
    <ele>15.09</ele>
   </trkpt>
   <trkpt lat="33.62861" lon="-116.27769">
    <ele>14.690000000000001</ele>
   </trkpt>
   <trkpt lat="33.628600000000006" lon="-116.2776">
    <ele>14.690000000000001</ele>
   </trkpt>
   <trkpt lat="33.62852" lon="-116.27747000000001">
    <ele>14.24</ele>
   </trkpt>
   <trkpt lat="33.62827" lon="-116.27674">
    <ele>10.71</ele>
   </trkpt>
   <trkpt lat="33.628080000000004" lon="-116.27634">
    <ele>8.64</ele>
   </trkpt>
   <trkpt lat="33.627805000742775" lon="-116.2758749983003">
    <ele>7.2700000000000005</ele>
   </trkpt>
   <trkpt lat="33.62753" lon="-116.27541000000001">
    <ele>5.61</ele>
   </trkpt>
   <trkpt lat="33.62707" lon="-116.27477">
    <ele>3.8300000000000005</ele>
   </trkpt>
   <trkpt lat="33.62645500218413" lon="-116.27403999483599">
    <ele>4.0</ele>
   </trkpt>
   <trkpt lat="33.625840000000004" lon="-116.27331000000001">
    <ele>4.670000000000001</ele>
   </trkpt>
   <trkpt lat="33.62534" lon="-116.27253">
    <ele>5.390000000000001</ele>
   </trkpt>
   <trkpt lat="33.62501" lon="-116.27190000000002">
    <ele>6.3500000000000005</ele>
   </trkpt>
   <trkpt lat="33.62471000194489" lon="-116.27120499758293">
    <ele>6.540000000000001</ele>
   </trkpt>
   <trkpt lat="33.624410000000005" lon="-116.27051000000002">
    <ele>6.390000000000001</ele>
   </trkpt>
   <trkpt lat="33.62429" lon="-116.27010000000001">
    <ele>6.87</ele>
   </trkpt>
   <trkpt lat="33.62435" lon="-116.2699">
    <ele>7.03</ele>
   </trkpt>
   <trkpt lat="33.624460000000006" lon="-116.26966000000002">
    <ele>7.9</ele>
   </trkpt>
   <trkpt lat="33.62471" lon="-116.26923000000001">
    <ele>9.63</ele>
   </trkpt>
   <trkpt lat="33.625040000000006" lon="-116.26886">
    <ele>9.959999999999999</ele>
   </trkpt>
   <trkpt lat="33.62547" lon="-116.2685">
    <ele>7.25</ele>
   </trkpt>
   <trkpt lat="33.62592" lon="-116.26828">
    <ele>2.95</ele>
   </trkpt>
   <trkpt lat="33.626380000000005" lon="-116.26814">
    <ele>0.34</ele>
   </trkpt>
   <trkpt lat="33.626670000000004" lon="-116.2681">
    <ele>-1.1500000000000001</ele>
   </trkpt>
   <trkpt lat="33.627410000000005" lon="-116.26814">
    <ele>-1.5</ele>
   </trkpt>
   <trkpt lat="33.62754" lon="-116.26802">
    <ele>-1.6</ele>
   </trkpt>
   <trkpt lat="33.627570000000006" lon="-116.26792">
    <ele>-2.14</ele>
   </trkpt>
   <trkpt lat="33.62756501189168" lon="-116.26692749983668">
    <ele>-3.06</ele>
   </trkpt>
   <trkpt lat="33.6275600158556" lon="-116.26593499978844">
    <ele>-4.109999999999999</ele>
   </trkpt>
   <trkpt lat="33.62755501189178" lon="-116.26494249985538">
    <ele>-6.15</ele>
   </trkpt>
   <trkpt lat="33.62755" lon="-116.26395000000001">
    <ele>-7.04</ele>
   </trkpt>
   <trkpt lat="33.62755335073514" lon="-116.26302000018458">
    <ele>-7.74</ele>
   </trkpt>
   <trkpt lat="33.62755669450957" lon="-116.26209000029684">
    <ele>-8.38</ele>
   </trkpt>
   <trkpt lat="33.627560031323256" lon="-116.26116000033701">
    <ele>-9.49</ele>
   </trkpt>
   <trkpt lat="33.62756336117621" lon="-116.2602300003052">
    <ele>-9.87</ele>
   </trkpt>
   <trkpt lat="33.627566684068434" lon="-116.25930000020156">
    <ele>-10.83</ele>
   </trkpt>
   <trkpt lat="33.627570000000006" lon="-116.25837000000001">
    <ele>-11.06</ele>
   </trkpt>
   <trkpt lat="33.627560015648804" lon="-116.25738399956968">
    <ele>-10.81</ele>
   </trkpt>
   <trkpt lat="33.627550023473326" lon="-116.25639799936803">
    <ele>-10.75</ele>
   </trkpt>
   <trkpt lat="33.6275400234736" lon="-116.25541199939518">
    <ele>-10.96</ele>
   </trkpt>
   <trkpt lat="33.627530015649626" lon="-116.25442599965132">
    <ele>-11.28</ele>
   </trkpt>
   <trkpt lat="33.627520000000004" lon="-116.25344000000001">
    <ele>-12.110000000000001</ele>
   </trkpt>
   <trkpt lat="33.627530006045056" lon="-116.2525733335258">
    <ele>-12.59</ele>
   </trkpt>
   <trkpt lat="33.62754000604516" lon="-116.25170666685032">
    <ele>-13.18</ele>
   </trkpt>
   <trkpt lat="33.62755" lon="-116.25084000000001">
    <ele>-13.27</ele>
   </trkpt>
   <trkpt lat="33.6275500136237" lon="-116.24991999999133">
    <ele>-13.82</ele>
   </trkpt>
   <trkpt lat="33.62755002043553" lon="-116.24899999998246">
    <ele>-14.120000000000001</ele>
   </trkpt>
   <trkpt lat="33.627550020435535" lon="-116.24807999997347">
    <ele>-14.620000000000001</ele>
   </trkpt>
   <trkpt lat="33.62755001362368" lon="-116.24715999996458">
    <ele>-14.71</ele>
   </trkpt>
   <trkpt lat="33.62755" lon="-116.24624000000001">
    <ele>-14.89</ele>
   </trkpt>
   <trkpt lat="33.6275380159676" lon="-116.2452439994514">
    <ele>-15.18</ele>
   </trkpt>
   <trkpt lat="33.62752602395143" lon="-116.24424799917999">
    <ele>-15.520000000000001</ele>
   </trkpt>
   <trkpt lat="33.627514023951505" lon="-116.24325199918599">
    <ele>-15.84</ele>
   </trkpt>
   <trkpt lat="33.62750201596783" lon="-116.24225599946955">
    <ele>-16.05</ele>
   </trkpt>
   <trkpt lat="33.62749" lon="-116.24126000000001">
    <ele>-16.42</ele>
   </trkpt>
   <trkpt lat="33.62748500892832" lon="-116.2403999998235">
    <ele>-16.580000000000002</ele>
   </trkpt>
   <trkpt lat="33.627480011904304" lon="-116.23953999974665">
    <ele>-16.86</ele>
   </trkpt>
   <trkpt lat="33.627475008928" lon="-116.23867999976967">
    <ele>-17.19</ele>
   </trkpt>
   <trkpt lat="33.62747" lon="-116.23782000000001">
    <ele>-17.51</ele>
   </trkpt>
   <trkpt lat="33.627470005367584" lon="-116.23700333336828">
    <ele>-17.54</ele>
   </trkpt>
   <trkpt lat="33.627470005367584" lon="-116.23618666673647">
    <ele>-17.6</ele>
   </trkpt>
   <trkpt lat="33.62747" lon="-116.23537">
    <ele>-17.92</ele>
   </trkpt>
   <trkpt lat="33.62745000410852" lon="-116.23435999994874">
    <ele>-18.28</ele>
   </trkpt>
   <trkpt lat="33.627430000000004" lon="-116.23335000000002">
    <ele>-18.37</ele>
   </trkpt>
   <trkpt lat="33.62743712526897" lon="-116.23233411898251">
    <ele>-19.200000000000003</ele>
   </trkpt>
   <trkpt lat="33.62744424223227" lon="-116.23131823779703">
    <ele>-19.05</ele>
   </trkpt>
   <trkpt lat="33.627451350889906" lon="-116.23030235644384">
    <ele>-18.94</ele>
   </trkpt>
   <trkpt lat="33.62745845124188" lon="-116.22928647492307">
    <ele>-19.05</ele>
   </trkpt>
   <trkpt lat="33.627465543288174" lon="-116.22827059323492">
    <ele>-19.23</ele>
   </trkpt>
   <trkpt lat="33.62747262702879" lon="-116.22725471137963">
    <ele>-19.41</ele>
   </trkpt>
   <trkpt lat="33.62747970246374" lon="-116.22623882935737">
    <ele>-19.4</ele>
   </trkpt>
   <trkpt lat="33.627486769593" lon="-116.22522294716832">
    <ele>-19.64</ele>
   </trkpt>
   <trkpt lat="33.62749382841656" lon="-116.2242070648127">
    <ele>-20.150000000000002</ele>
   </trkpt>
   <trkpt lat="33.627500878934455" lon="-116.2231911822907">
    <ele>-20.39</ele>
   </trkpt>
   <trkpt lat="33.62750792114665" lon="-116.22217529960253">
    <ele>-20.66</ele>
   </trkpt>
   <trkpt lat="33.62751495505314" lon="-116.22115941674834">
    <ele>-20.75</ele>
   </trkpt>
   <trkpt lat="33.62752198065393" lon="-116.22014353372835">
    <ele>-20.900000000000002</ele>
   </trkpt>
   <trkpt lat="33.62752899794902" lon="-116.21912765054277">
    <ele>-21.1</ele>
   </trkpt>
   <trkpt lat="33.627536006938406" lon="-116.21811176719181">
    <ele>-21.490000000000002</ele>
   </trkpt>
   <trkpt lat="33.627543007622066" lon="-116.21709588367563">
    <ele>-22.0</ele>
   </trkpt>
   <trkpt lat="33.62755" lon="-116.21608">
    <ele>-22.13</ele>
   </trkpt>
   <trkpt lat="33.62754477379801" lon="-116.21505294017177">
    <ele>-22.46</ele>
   </trkpt>
   <trkpt lat="33.627539539106536" lon="-116.21402588046826">
    <ele>-22.860000000000003</ele>
   </trkpt>
   <trkpt lat="33.627534295925614" lon="-116.21299882088965">
    <ele>-22.89</ele>
   </trkpt>
   <trkpt lat="33.627529044255205" lon="-116.21197176143616">
    <ele>-23.28</ele>
   </trkpt>
   <trkpt lat="33.627523784095345" lon="-116.21094470210801">
    <ele>-23.62</ele>
   </trkpt>
   <trkpt lat="33.62751851544605" lon="-116.20991764290537">
    <ele>-24.07</ele>
   </trkpt>
   <trkpt lat="33.62751323830727" lon="-116.20889058382848">
    <ele>-24.25</ele>
   </trkpt>
   <trkpt lat="33.62750795267905" lon="-116.2078635248775">
    <ele>-24.73</ele>
   </trkpt>
   <trkpt lat="33.627502658561376" lon="-116.20683646605266">
    <ele>-24.810000000000002</ele>
   </trkpt>
   <trkpt lat="33.62749735595425" lon="-116.20580940735415">
    <ele>-25.240000000000002</ele>
   </trkpt>
   <trkpt lat="33.62749204485769" lon="-116.20478234878217">
    <ele>-25.86</ele>
   </trkpt>
   <trkpt lat="33.62748672527168" lon="-116.20375529033694">
    <ele>-26.26</ele>
   </trkpt>
   <trkpt lat="33.627481397196235" lon="-116.20272823201867">
    <ele>-26.35</ele>
   </trkpt>
   <trkpt lat="33.627476060631345" lon="-116.20170117382752">
    <ele>-26.69</ele>
   </trkpt>
   <trkpt lat="33.627470715577026" lon="-116.20067411576373">
    <ele>-27.200000000000003</ele>
   </trkpt>
   <trkpt lat="33.62746536203328" lon="-116.1996470578275">
    <ele>-27.880000000000003</ele>
   </trkpt>
   <trkpt lat="33.62746" lon="-116.19862">
    <ele>-27.31</ele>
   </trkpt>
   <trkpt lat="33.62746" lon="-116.19861000000002">
    <ele>-27.31</ele>
   </trkpt>
   <trkpt lat="33.62673399997644" lon="-116.19860599986505">
    <ele>-28.3</ele>
   </trkpt>
   <trkpt lat="33.62600799995275" lon="-116.1986019997975">
    <ele>-28.220000000000002</ele>
   </trkpt>
   <trkpt lat="33.62528199992892" lon="-116.1985979997974">
    <ele>-28.220000000000002</ele>
   </trkpt>
   <trkpt lat="33.62455599990497" lon="-116.19859399986468">
    <ele>-27.82</ele>
   </trkpt>
   <trkpt lat="33.623830000000005" lon="-116.19859000000001">
    <ele>-27.560000000000002</ele>
   </trkpt>
   <trkpt lat="33.622987692307866" lon="-116.198588461358">
    <ele>-27.48</ele>
   </trkpt>
   <trkpt lat="33.62214538461572" lon="-116.19858692274606">
    <ele>-27.57</ele>
   </trkpt>
   <trkpt lat="33.62130307692355" lon="-116.19858538416423">
    <ele>-27.71</ele>
   </trkpt>
   <trkpt lat="33.62046076923135" lon="-116.19858384561249">
    <ele>-27.89</ele>
   </trkpt>
   <trkpt lat="33.61961846153914" lon="-116.19858230709079">
    <ele>-27.970000000000002</ele>
   </trkpt>
   <trkpt lat="33.618776153846916" lon="-116.19858076859919">
    <ele>-27.96</ele>
   </trkpt>
   <trkpt lat="33.61793384615467" lon="-116.19857923013765">
    <ele>-27.96</ele>
   </trkpt>
   <trkpt lat="33.6170915384624" lon="-116.1985776917062">
    <ele>-28.39</ele>
   </trkpt>
   <trkpt lat="33.616249230770116" lon="-116.19857615330483">
    <ele>-28.51</ele>
   </trkpt>
   <trkpt lat="33.61540692307781" lon="-116.1985746149335">
    <ele>-29.5</ele>
   </trkpt>
   <trkpt lat="33.61456461538548" lon="-116.19857307659225">
    <ele>-29.51</ele>
   </trkpt>
   <trkpt lat="33.613722307693145" lon="-116.19857153828109">
    <ele>-29.34</ele>
   </trkpt>
   <trkpt lat="33.612880000000004" lon="-116.19857">
    <ele>-28.93</ele>
   </trkpt>
   <trkpt lat="33.61287780840866" lon="-116.19954555576582">
    <ele>-29.48</ele>
   </trkpt>
   <trkpt lat="33.61287560915961" lon="-116.20052111148198">
    <ele>-29.580000000000002</ele>
   </trkpt>
   <trkpt lat="33.612873402252795" lon="-116.20149666714828">
    <ele>-29.48</ele>
   </trkpt>
   <trkpt lat="33.612871187688285" lon="-116.2024722227645">
    <ele>-29.16</ele>
   </trkpt>
   <trkpt lat="33.61286896546603" lon="-116.20344777833053">
    <ele>-29.240000000000002</ele>
   </trkpt>
   <trkpt lat="33.61286673558606" lon="-116.20442333384614">
    <ele>-29.07</ele>
   </trkpt>
   <trkpt lat="33.61286449804836" lon="-116.20539888931124">
    <ele>-28.93</ele>
   </trkpt>
   <trkpt lat="33.612862252852935" lon="-116.20637444472555">
    <ele>-28.59</ele>
   </trkpt>
   <trkpt lat="33.612860000000005" lon="-116.20735">
    <ele>-28.46</ele>
   </trkpt>
   <trkpt lat="33.61286401268979" lon="-116.20823799985456">
    <ele>-28.68</ele>
   </trkpt>
   <trkpt lat="33.61286801903474" lon="-116.20912599979171">
    <ele>-28.900000000000002</ele>
   </trkpt>
   <trkpt lat="33.61287201903483" lon="-116.21001399981138">
    <ele>-28.900000000000002</ele>
   </trkpt>
   <trkpt lat="33.612876012690066" lon="-116.21090199991336">
    <ele>-28.59</ele>
   </trkpt>
   <trkpt lat="33.612880000000004" lon="-116.21179000000001">
    <ele>-28.39</ele>
   </trkpt>
   <trkpt lat="33.61289751388337" lon="-116.21286249937182">
    <ele>-28.220000000000002</ele>
   </trkpt>
   <trkpt lat="33.61291501851143" lon="-116.21393499917937">
    <ele>-28.130000000000003</ele>
   </trkpt>
   <trkpt lat="33.6129325138842" lon="-116.21500749942243">
    <ele>-27.62</ele>
   </trkpt>
   <trkpt lat="33.612950000000005" lon="-116.21608">
    <ele>-27.020000000000003</ele>
   </trkpt>
   <trkpt lat="33.61294127872816" lon="-116.21709000071226">
    <ele>-27.15</ele>
   </trkpt>
   <trkpt lat="33.61293254924827" lon="-116.21810000122004">
    <ele>-26.860000000000003</ele>
   </trkpt>
   <trkpt lat="33.61292381156035" lon="-116.21911000152312">
    <ele>-26.53</ele>
   </trkpt>
   <trkpt lat="33.61291506566439" lon="-116.22012000162132">
    <ele>-26.38</ele>
   </trkpt>
   <trkpt lat="33.61290631156041" lon="-116.22113000151448">
    <ele>-25.92</ele>
   </trkpt>
   <trkpt lat="33.6128975492484" lon="-116.22214000120242">
    <ele>-25.75</ele>
   </trkpt>
   <trkpt lat="33.61288877872837" lon="-116.22315000068488">
    <ele>-25.490000000000002</ele>
   </trkpt>
   <trkpt lat="33.612880000000004" lon="-116.22416000000001">
    <ele>-25.150000000000002</ele>
   </trkpt>
   <trkpt lat="33.612874478589674" lon="-116.22519000053472">
    <ele>-25.150000000000002</ele>
   </trkpt>
   <trkpt lat="33.612868948643026" lon="-116.22622000093736">
    <ele>-24.830000000000002</ele>
   </trkpt>
   <trkpt lat="33.61286341016006" lon="-116.22725000120774">
    <ele>-24.39</ele>
   </trkpt>
   <trkpt lat="33.61285786314078" lon="-116.22828000134568">
    <ele>-24.21</ele>
   </trkpt>
   <trkpt lat="33.61285230758519" lon="-116.22931000135091">
    <ele>-24.17</ele>
   </trkpt>
   <trkpt lat="33.612846743493286" lon="-116.23034000122325">
    <ele>-24.040000000000003</ele>
   </trkpt>
   <trkpt lat="33.61284117086509" lon="-116.23137000096257">
    <ele>-23.700000000000003</ele>
   </trkpt>
   <trkpt lat="33.61283558970059" lon="-116.23240000056856">
    <ele>-23.19</ele>
   </trkpt>
   <trkpt lat="33.61283" lon="-116.23343000000001">
    <ele>-22.7</ele>
   </trkpt>
   <trkpt lat="33.611953333376405" lon="-116.23345000040592">
    <ele>-23.37</ele>
   </trkpt>
   <trkpt lat="33.61107666674958" lon="-116.23347000040499">
    <ele>-23.450000000000003</ele>
   </trkpt>
   <trkpt lat="33.610200000000006" lon="-116.23349">
    <ele>-23.290000000000003</ele>
   </trkpt>
   <trkpt lat="33.60942000001219" lon="-116.2334733325795">
    <ele>-23.07</ele>
   </trkpt>
   <trkpt lat="33.608640000022156" lon="-116.23345666546061">
    <ele>-22.85</ele>
   </trkpt>
   <trkpt lat="33.60786000002987" lon="-116.23343999864332">
    <ele>-22.88</ele>
   </trkpt>
   <trkpt lat="33.607080000035346" lon="-116.23342333212759">
    <ele>-23.200000000000003</ele>
   </trkpt>
   <trkpt lat="33.606300000038594" lon="-116.23340666591346">
    <ele>-23.37</ele>
   </trkpt>
   <trkpt lat="33.605520000000006" lon="-116.23339000000001">
    <ele>-23.32</ele>
   </trkpt>
   <trkpt lat="33.605525390859164" lon="-116.23237933421076">
    <ele>-24.130000000000003</ele>
   </trkpt>
   <trkpt lat="33.60553077350038" lon="-116.2313686682952">
    <ele>-24.560000000000002</ele>
   </trkpt>
   <trkpt lat="33.60553614792361" lon="-116.23035800225358">
    <ele>-24.720000000000002</ele>
   </trkpt>
   <trkpt lat="33.60554151412887" lon="-116.22934733608602">
    <ele>-24.66</ele>
   </trkpt>
   <trkpt lat="33.605546872116165" lon="-116.22833666979275">
    <ele>-25.060000000000002</ele>
   </trkpt>
   <trkpt lat="33.605552221885475" lon="-116.22732600337399">
    <ele>-25.6</ele>
   </trkpt>
   <trkpt lat="33.60555756343682" lon="-116.22631533682991">
    <ele>-26.01</ele>
   </trkpt>
   <trkpt lat="33.605562896770174" lon="-116.22530467016067">
    <ele>-26.09</ele>
   </trkpt>
   <trkpt lat="33.60556822188556" lon="-116.22429400336651">
    <ele>-26.18</ele>
   </trkpt>
   <trkpt lat="33.60557353878296" lon="-116.22328333644758">
    <ele>-26.430000000000003</ele>
   </trkpt>
   <trkpt lat="33.60557884746236" lon="-116.2222726694041">
    <ele>-26.770000000000003</ele>
   </trkpt>
   <trkpt lat="33.605584147923786" lon="-116.22126200223629">
    <ele>-26.94</ele>
   </trkpt>
   <trkpt lat="33.60558944016721" lon="-116.2202513349443">
    <ele>-26.96</ele>
   </trkpt>
   <trkpt lat="33.60559472419263" lon="-116.2192406675283">
    <ele>-27.14</ele>
   </trkpt>
   <trkpt lat="33.6056" lon="-116.21823">
    <ele>-27.39</ele>
   </trkpt>
   <trkpt lat="33.605600004248345" lon="-116.21750333333519">
    <ele>-27.900000000000002</ele>
   </trkpt>
   <trkpt lat="33.60560000424834" lon="-116.21677666667031">
    <ele>-28.240000000000002</ele>
   </trkpt>
   <trkpt lat="33.6056" lon="-116.21605000000001">
    <ele>-27.950000000000003</ele>
   </trkpt>
   <trkpt lat="33.60478555555402" lon="-116.2160466664148">
    <ele>-28.23</ele>
   </trkpt>
   <trkpt lat="33.603971111107924" lon="-116.21604333289253">
    <ele>-28.48</ele>
   </trkpt>
   <trkpt lat="33.603156666661754" lon="-116.21603999943326">
    <ele>-28.990000000000002</ele>
   </trkpt>
   <trkpt lat="33.6023422222155" lon="-116.21603666603697">
    <ele>-29.16</ele>
   </trkpt>
   <trkpt lat="33.60152777776916" lon="-116.21603333270365">
    <ele>-29.34</ele>
   </trkpt>
   <trkpt lat="33.60071333332271" lon="-116.21602999943327">
    <ele>-30.26</ele>
   </trkpt>
   <trkpt lat="33.599898888876176" lon="-116.21602666622586">
    <ele>-30.7</ele>
   </trkpt>
   <trkpt lat="33.59908444442956" lon="-116.21602333308144">
    <ele>-31.14</ele>
   </trkpt>
   <trkpt lat="33.59827" lon="-116.21602000000001">
    <ele>-31.020000000000003</ele>
   </trkpt>
   <trkpt lat="33.59752000002654" lon="-116.21604000069516">
    <ele>-32.230000000000004</ele>
   </trkpt>
   <trkpt lat="33.596770000049844" lon="-116.21606000104242">
    <ele>-32.43</ele>
   </trkpt>
   <trkpt lat="33.59602000006994" lon="-116.2160800010419">
    <ele>-32.43</ele>
   </trkpt>
   <trkpt lat="33.59527000008682" lon="-116.21610000069352">
    <ele>-32.18</ele>
   </trkpt>
   <trkpt lat="33.59452" lon="-116.21612">
    <ele>-31.8</ele>
   </trkpt>
   <trkpt lat="33.5936950000453" lon="-116.21611999999999">
    <ele>-31.84</ele>
   </trkpt>
   <trkpt lat="33.592870000000005" lon="-116.21612">
    <ele>-32.019999999999996</ele>
   </trkpt>
   <trkpt lat="33.59208857143772" lon="-116.21610714215842">
    <ele>-32.269999999999996</ele>
   </trkpt>
   <trkpt lat="33.59130714287409" lon="-116.21609428454983">
    <ele>-32.32</ele>
   </trkpt>
   <trkpt lat="33.59052571430915" lon="-116.21608142717413">
    <ele>-32.480000000000004</ele>
   </trkpt>
   <trkpt lat="33.589744285742874" lon="-116.2160685700314">
    <ele>-32.57</ele>
   </trkpt>
   <trkpt lat="33.588962857175275" lon="-116.21605571312156">
    <ele>-32.699999999999996</ele>
   </trkpt>
   <trkpt lat="33.58818142860633" lon="-116.21604285644462">
    <ele>-32.910000000000004</ele>
   </trkpt>
   <trkpt lat="33.5874" lon="-116.21603">
    <ele>-32.97</ele>
   </trkpt>
   <trkpt lat="33.586671999997876" lon="-116.21604000033756">
    <ele>-33.160000000000004</ele>
   </trkpt>
   <trkpt lat="33.58594399999495" lon="-116.21605000050634">
    <ele>-33.22</ele>
   </trkpt>
   <trkpt lat="33.585215999991206" lon="-116.21606000050639">
    <ele>-33.160000000000004</ele>
   </trkpt>
   <trkpt lat="33.58448799998668" lon="-116.21607000033768">
    <ele>-33.25</ele>
   </trkpt>
   <trkpt lat="33.583760000000005" lon="-116.21608">
    <ele>-33.11</ele>
   </trkpt>
   <trkpt lat="33.58287583333387" lon="-116.21607499943653">
    <ele>-33.160000000000004</ele>
   </trkpt>
   <trkpt lat="33.58199166666754" lon="-116.2160699989755">
    <ele>-33.0</ele>
   </trkpt>
   <trkpt lat="33.581107500000996" lon="-116.21606499861696">
    <ele>-32.629999999999995</ele>
   </trkpt>
   <trkpt lat="33.58022333333425" lon="-116.21605999836086">
    <ele>-32.230000000000004</ele>
   </trkpt>
   <trkpt lat="33.57933916666731" lon="-116.21605499820721">
    <ele>-31.59</ele>
   </trkpt>
   <trkpt lat="33.57845500000017" lon="-116.21604999815601">
    <ele>-31.020000000000003</ele>
   </trkpt>
   <trkpt lat="33.57757083333283" lon="-116.21604499820728">
    <ele>-30.6</ele>
   </trkpt>
   <trkpt lat="33.57668666666528" lon="-116.21603999836097">
    <ele>-30.03</ele>
   </trkpt>
   <trkpt lat="33.575802499997536" lon="-116.21603499861709">
    <ele>-29.76</ele>
   </trkpt>
   <trkpt lat="33.5749183333296" lon="-116.21602999897564">
    <ele>-29.310000000000002</ele>
   </trkpt>
   <trkpt lat="33.57403416666144" lon="-116.21602499943658">
    <ele>-28.64</ele>
   </trkpt>
   <trkpt lat="33.573150000000005" lon="-116.21602000000001">
    <ele>-27.950000000000003</ele>
   </trkpt>
   <trkpt lat="33.572480000000006" lon="-116.21603">
    <ele>-26.53</ele>
   </trkpt>
   <trkpt lat="33.572100000000006" lon="-116.21600000000001">
    <ele>-25.68</ele>
   </trkpt>
   <trkpt lat="33.571940000000005" lon="-116.21594">
    <ele>-25.32</ele>
   </trkpt>
   <trkpt lat="33.57124000158302" lon="-116.2153149949434">
    <ele>-24.07</ele>
   </trkpt>
   <trkpt lat="33.57054" lon="-116.21469">
    <ele>-23.15</ele>
   </trkpt>
   <trkpt lat="33.569980000731896" lon="-116.21421999682028">
    <ele>-21.580000000000002</ele>
   </trkpt>
   <trkpt lat="33.56942" lon="-116.21375">
    <ele>-19.630000000000003</ele>
   </trkpt>
   <trkpt lat="33.56933" lon="-116.21362">
    <ele>-19.630000000000003</ele>
   </trkpt>
   <trkpt lat="33.56929" lon="-116.21348">
    <ele>-19.57</ele>
   </trkpt>
   <trkpt lat="33.569300000000005" lon="-116.21349000000001">
    <ele>-19.57</ele>
   </trkpt>
   <trkpt lat="33.56929720349976" lon="-116.21241285668175">
    <ele>-20.240000000000002</ele>
   </trkpt>
   <trkpt lat="33.56929439766987" lon="-116.21133571343344">
    <ele>-21.490000000000002</ele>
   </trkpt>
   <trkpt lat="33.569291582510346" lon="-116.2102585702552">
    <ele>-22.26</ele>
   </trkpt>
   <trkpt lat="33.56928875802119" lon="-116.20918142714736">
    <ele>-22.51</ele>
   </trkpt>
   <trkpt lat="33.56928592420238" lon="-116.2081042841101">
    <ele>-22.17</ele>
   </trkpt>
   <trkpt lat="33.56928308105396" lon="-116.20702714114368">
    <ele>-21.87</ele>
   </trkpt>
   <trkpt lat="33.569280228575906" lon="-116.20594999824829">
    <ele>-21.95</ele>
   </trkpt>
   <trkpt lat="33.569277366768226" lon="-116.20487285542423">
    <ele>-22.05</ele>
   </trkpt>
   <trkpt lat="33.5692744956309" lon="-116.20379571267166">
    <ele>-22.02</ele>
   </trkpt>
   <trkpt lat="33.56927161516397" lon="-116.20271856999085">
    <ele>-21.67</ele>
   </trkpt>
   <trkpt lat="33.569268725367394" lon="-116.20164142738204">
    <ele>-21.71</ele>
   </trkpt>
   <trkpt lat="33.569265826241214" lon="-116.20056428484546">
    <ele>-21.75</ele>
   </trkpt>
   <trkpt lat="33.56926291778541" lon="-116.19948714238133">
    <ele>-22.09</ele>
   </trkpt>
   <trkpt lat="33.56926" lon="-116.19841000000001">
    <ele>-22.09</ele>
   </trkpt>
   <trkpt lat="33.570132499999836" lon="-116.19842749946936">
    <ele>-24.34</ele>
   </trkpt>
   <trkpt lat="33.57100499999721" lon="-116.19844499929243">
    <ele>-25.240000000000002</ele>
   </trkpt>
   <trkpt lat="33.57187749999212" lon="-116.1984624994692">
    <ele>-26.09</ele>
   </trkpt>
   <trkpt lat="33.57275" lon="-116.19848">
    <ele>-27.110000000000003</ele>
   </trkpt>
   <trkpt lat="33.57359923076746" lon="-116.19847538516034">
    <ele>-28.470000000000002</ele>
   </trkpt>
   <trkpt lat="33.57444846153474" lon="-116.19847077022985">
    <ele>-29.330000000000002</ele>
   </trkpt>
   <trkpt lat="33.57529769230187" lon="-116.19846615520854">
    <ele>-30.27</ele>
   </trkpt>
   <trkpt lat="33.57614692306881" lon="-116.19846154009642">
    <ele>-31.21</ele>
   </trkpt>
   <trkpt lat="33.57699615383558" lon="-116.19845692489349">
    <ele>-32.14</ele>
   </trkpt>
   <trkpt lat="33.57784538460219" lon="-116.19845230959976">
    <ele>-33.38</ele>
   </trkpt>
   <trkpt lat="33.57869461536862" lon="-116.19844769421519">
    <ele>-33.86</ele>
   </trkpt>
   <trkpt lat="33.579543846134875" lon="-116.1984430787398">
    <ele>-34.7</ele>
   </trkpt>
   <trkpt lat="33.58039307690096" lon="-116.19843846317357">
    <ele>-34.95</ele>
   </trkpt>
   <trkpt lat="33.58124230766688" lon="-116.19843384751651">
    <ele>-35.72</ele>
   </trkpt>
   <trkpt lat="33.58209153843263" lon="-116.19842923176859">
    <ele>-36.26</ele>
   </trkpt>
   <trkpt lat="33.5829407691982" lon="-116.19842461592984">
    <ele>-36.6</ele>
   </trkpt>
   <trkpt lat="33.58379" lon="-116.19842000000001">
    <ele>-36.58</ele>
   </trkpt>
   <trkpt lat="33.584517999983" lon="-116.19842199993246">
    <ele>-36.99</ele>
   </trkpt>
   <trkpt lat="33.58524599996596" lon="-116.1984239998987">
    <ele>-36.94</ele>
   </trkpt>
   <trkpt lat="33.58597399994889" lon="-116.19842599989862">
    <ele>-36.94</ele>
   </trkpt>
   <trkpt lat="33.586701999931805" lon="-116.19842799993232">
    <ele>-36.96</ele>
   </trkpt>
   <trkpt lat="33.587430000000005" lon="-116.19843000000002">
    <ele>-36.87</ele>
   </trkpt>
   <trkpt lat="33.58826615385225" lon="-116.19843769141306">
    <ele>-36.94</ele>
   </trkpt>
   <trkpt lat="33.58910230770403" lon="-116.19844538297517">
    <ele>-36.9</ele>
   </trkpt>
   <trkpt lat="33.58993846155534" lon="-116.19845307468637">
    <ele>-36.53</ele>
   </trkpt>
   <trkpt lat="33.59077461540617" lon="-116.19846076654669">
    <ele>-36.33</ele>
   </trkpt>
   <trkpt lat="33.59161076925652" lon="-116.19846845855614">
    <ele>-36.35</ele>
   </trkpt>
   <trkpt lat="33.592446923106394" lon="-116.19847615071468">
    <ele>-36.42</ele>
   </trkpt>
   <trkpt lat="33.59328307695579" lon="-116.19848384302233">
    <ele>-36.56</ele>
   </trkpt>
   <trkpt lat="33.59411923080471" lon="-116.19849153547915">
    <ele>-36.44</ele>
   </trkpt>
   <trkpt lat="33.594955384653154" lon="-116.19849922808507">
    <ele>-36.14000000000001</ele>
   </trkpt>
   <trkpt lat="33.59579153850113" lon="-116.19850692084017">
    <ele>-35.92</ele>
   </trkpt>
   <trkpt lat="33.596627692348626" lon="-116.19851461374441">
    <ele>-35.83</ele>
   </trkpt>
   <trkpt lat="33.597463846195645" lon="-116.19852230679781">
    <ele>-35.69</ele>
   </trkpt>
   <trkpt lat="33.5983" lon="-116.19853">
    <ele>-34.67</ele>
   </trkpt>
   <trkpt lat="33.598304772684564" lon="-116.19751117736428">
    <ele>-35.56</ele>
   </trkpt>
   <trkpt lat="33.598309537018864" lon="-116.19649235461588">
    <ele>-35.81</ele>
   </trkpt>
   <trkpt lat="33.5983142930029" lon="-116.19547353175503">
    <ele>-35.97</ele>
   </trkpt>
   <trkpt lat="33.59831904063666" lon="-116.19445470878189">
    <ele>-36.17</ele>
   </trkpt>
   <trkpt lat="33.598323779920165" lon="-116.19343588569666">
    <ele>-36.37</ele>
   </trkpt>
   <trkpt lat="33.59832851085338" lon="-116.19241706249957">
    <ele>-36.65</ele>
   </trkpt>
   <trkpt lat="33.598333233436314" lon="-116.19139823919082">
    <ele>-36.83</ele>
   </trkpt>
   <trkpt lat="33.59833794766897" lon="-116.19037941577058">
    <ele>-36.94</ele>
   </trkpt>
   <trkpt lat="33.598342653551356" lon="-116.18936059223905">
    <ele>-37.17</ele>
   </trkpt>
   <trkpt lat="33.59834735108346" lon="-116.1883417685964">
    <ele>-37.35</ele>
   </trkpt>
   <trkpt lat="33.59835204026526" lon="-116.1873229448429">
    <ele>-37.8</ele>
   </trkpt>
   <trkpt lat="33.59835672109679" lon="-116.18630412097869">
    <ele>-38.3</ele>
   </trkpt>
   <trkpt lat="33.598361393578024" lon="-116.18528529700403">
    <ele>-38.53</ele>
   </trkpt>
   <trkpt lat="33.59836605770896" lon="-116.184266472919">
    <ele>-38.82</ele>
   </trkpt>
   <trkpt lat="33.598370713489594" lon="-116.18324764872393">
    <ele>-39.21</ele>
   </trkpt>
   <trkpt lat="33.59837536091994" lon="-116.18222882441893">
    <ele>-39.39</ele>
   </trkpt>
   <trkpt lat="33.598380000000006" lon="-116.18121000000001">
    <ele>-39.21</ele>
   </trkpt>
   <trkpt lat="33.598380029793006" lon="-116.18024777777504">
    <ele>-39.57</ele>
   </trkpt>
   <trkpt lat="33.59838005213776" lon="-116.17928555554951">
    <ele>-39.5</ele>
   </trkpt>
   <trkpt lat="33.59838006703425" lon="-116.17832333332356">
    <ele>-39.39</ele>
   </trkpt>
   <trkpt lat="33.598380074482506" lon="-116.17736111109735">
    <ele>-39.68</ele>
   </trkpt>
   <trkpt lat="33.5983800744825" lon="-116.17639888887108">
    <ele>-39.93</ele>
   </trkpt>
   <trkpt lat="33.598380067034256" lon="-116.17543666664486">
    <ele>-40.32</ele>
   </trkpt>
   <trkpt lat="33.59838005213776" lon="-116.1744744444189">
    <ele>-40.550000000000004</ele>
   </trkpt>
   <trkpt lat="33.598380029793006" lon="-116.1735122221934">
    <ele>-40.82</ele>
   </trkpt>
   <trkpt lat="33.598380000000006" lon="-116.17255000000002">
    <ele>-40.95</ele>
   </trkpt>
   <trkpt lat="33.5983862821606" lon="-116.17148125053755">
    <ele>-41.11</ele>
   </trkpt>
   <trkpt lat="33.59839255513248" lon="-116.17041250091953">
    <ele>-41.43</ele>
   </trkpt>
   <trkpt lat="33.59839881891563" lon="-116.16934375114616">
    <ele>-41.52</ele>
   </trkpt>
   <trkpt lat="33.59840507351005" lon="-116.16827500121761">
    <ele>-41.79</ele>
   </trkpt>
   <trkpt lat="33.598411318915716" lon="-116.1672062511342">
    <ele>-42.0</ele>
   </trkpt>
   <trkpt lat="33.598417555132635" lon="-116.16613750089608">
    <ele>-42.25</ele>
   </trkpt>
   <trkpt lat="33.59842378216082" lon="-116.16506875050352">
    <ele>-42.47</ele>
   </trkpt>
   <trkpt lat="33.59843" lon="-116.16400000000002">
    <ele>-42.59</ele>
   </trkpt>
   <trkpt lat="33.59843385732483" lon="-116.16292291775362">
    <ele>-42.910000000000004</ele>
   </trkpt>
   <trkpt lat="33.598437705317075" lon="-116.16184583541097">
    <ele>-43.25</ele>
   </trkpt>
   <trkpt lat="33.59844154397674" lon="-116.16076875297234">
    <ele>-43.38</ele>
   </trkpt>
   <trkpt lat="33.59844537330383" lon="-116.15969167043792">
    <ele>-43.49</ele>
   </trkpt>
   <trkpt lat="33.598449193298336" lon="-116.158614587808">
    <ele>-43.83</ele>
   </trkpt>
   <trkpt lat="33.59845300396025" lon="-116.15753750508274">
    <ele>-44.11</ele>
   </trkpt>
   <trkpt lat="33.59845680528959" lon="-116.15646042226248">
    <ele>-44.4</ele>
   </trkpt>
   <trkpt lat="33.598460597286326" lon="-116.15538333934732">
    <ele>-44.69</ele>
   </trkpt>
   <trkpt lat="33.59846437995046" lon="-116.1543062563376">
    <ele>-45.06</ele>
   </trkpt>
   <trkpt lat="33.59846815328201" lon="-116.15322917323348">
    <ele>-45.33</ele>
   </trkpt>
   <trkpt lat="33.59847191728096" lon="-116.15215209003526">
    <ele>-45.74</ele>
   </trkpt>
   <trkpt lat="33.59847567194732" lon="-116.1510750067431">
    <ele>-45.88</ele>
   </trkpt>
   <trkpt lat="33.59847941728107" lon="-116.1499979233573">
    <ele>-46.26</ele>
   </trkpt>
   <trkpt lat="33.5984831532822" lon="-116.14892083987806">
    <ele>-46.510000000000005</ele>
   </trkpt>
   <trkpt lat="33.59848687995076" lon="-116.14784375630563">
    <ele>-46.73</ele>
   </trkpt>
   <trkpt lat="33.59849059728669" lon="-116.1467666726402">
    <ele>-46.940000000000005</ele>
   </trkpt>
   <trkpt lat="33.59849430529001" lon="-116.14568958888206">
    <ele>-47.440000000000005</ele>
   </trkpt>
   <trkpt lat="33.59849800396072" lon="-116.14461250503142">
    <ele>-47.440000000000005</ele>
   </trkpt>
   <trkpt lat="33.598501693298815" lon="-116.14353542108852">
    <ele>-47.580000000000005</ele>
   </trkpt>
   <trkpt lat="33.5985053733043" lon="-116.14245833705354">
    <ele>-47.64</ele>
   </trkpt>
   <trkpt lat="33.59850904397716" lon="-116.14138125292679">
    <ele>-47.53</ele>
   </trkpt>
   <trkpt lat="33.598512705317404" lon="-116.14030416870847">
    <ele>-47.550000000000004</ele>
   </trkpt>
   <trkpt lat="33.59851635732502" lon="-116.13922708439878">
    <ele>-47.870000000000005</ele>
   </trkpt>
   <trkpt lat="33.59852" lon="-116.13815000000001">
    <ele>-47.89</ele>
   </trkpt>
   <trkpt lat="33.59852339853023" lon="-116.13707400058671">
    <ele>-48.07</ele>
   </trkpt>
   <trkpt lat="33.59852678774662" lon="-116.13599800108872">
    <ele>-48.160000000000004</ele>
   </trkpt>
   <trkpt lat="33.59853016764919" lon="-116.13492200150625">
    <ele>-48.260000000000005</ele>
   </trkpt>
   <trkpt lat="33.598533538237916" lon="-116.1338460018396">
    <ele>-48.260000000000005</ele>
   </trkpt>
   <trkpt lat="33.5985368995128" lon="-116.13277000208893">
    <ele>-48.03</ele>
   </trkpt>
   <trkpt lat="33.59854025147383" lon="-116.1316940022545">
    <ele>-48.190000000000005</ele>
   </trkpt>
   <trkpt lat="33.598543594121026" lon="-116.13061800233656">
    <ele>-48.410000000000004</ele>
   </trkpt>
   <trkpt lat="33.598546927454365" lon="-116.12954200233536">
    <ele>-48.39</ele>
   </trkpt>
   <trkpt lat="33.59855025147388" lon="-116.12846600225103">
    <ele>-48.53</ele>
   </trkpt>
   <trkpt lat="33.59855356617952" lon="-116.12739000208391">
    <ele>-48.410000000000004</ele>
   </trkpt>
   <trkpt lat="33.598556871571326" lon="-116.1263140018342">
    <ele>-48.660000000000004</ele>
   </trkpt>
   <trkpt lat="33.59856016764927" lon="-116.1252380015021">
    <ele>-48.730000000000004</ele>
   </trkpt>
   <trkpt lat="33.59856345441336" lon="-116.12416200108787">
    <ele>-48.64</ele>
   </trkpt>
   <trkpt lat="33.59856673186359" lon="-116.12308600059175">
    <ele>-47.46</ele>
   </trkpt>
   <trkpt lat="33.59857" lon="-116.12201">
    <ele>-45.78</ele>
   </trkpt>
   <trkpt lat="33.59857003413153" lon="-116.12103899999777">
    <ele>-45.36000000000001</ele>
   </trkpt>
   <trkpt lat="33.59857006067827" lon="-116.12006799999492">
    <ele>-46.28</ele>
   </trkpt>
   <trkpt lat="33.598570079640226" lon="-116.1190969999915">
    <ele>-47.46</ele>
   </trkpt>
   <trkpt lat="33.5985700910174" lon="-116.11812599998777">
    <ele>-48.410000000000004</ele>
   </trkpt>
   <trkpt lat="33.598570094809794" lon="-116.11715499998384">
    <ele>-48.59</ele>
   </trkpt>
   <trkpt lat="33.5985700910174" lon="-116.11618399997994">
    <ele>-48.6</ele>
   </trkpt>
   <trkpt lat="33.598570079640226" lon="-116.1152129999762">
    <ele>-48.64</ele>
   </trkpt>
   <trkpt lat="33.59857006067826" lon="-116.11424199997279">
    <ele>-48.71</ele>
   </trkpt>
   <trkpt lat="33.59857003413153" lon="-116.11327099996991">
    <ele>-48.980000000000004</ele>
   </trkpt>
   <trkpt lat="33.59857" lon="-116.1123">
    <ele>-48.82</ele>
   </trkpt>
   <trkpt lat="33.59767999998368" lon="-116.11231500046472">
    <ele>-50.11</ele>
   </trkpt>
   <trkpt lat="33.596789999965544" lon="-116.1123300006198">
    <ele>-50.0</ele>
   </trkpt>
   <trkpt lat="33.595899999945594" lon="-116.11234500046534">
    <ele>-49.75</ele>
   </trkpt>
   <trkpt lat="33.59501" lon="-116.11236000000001">
    <ele>-49.68</ele>
   </trkpt>
   <trkpt lat="33.59418888889377" lon="-116.11236777837009">
    <ele>-50.22</ele>
   </trkpt>
   <trkpt lat="33.59336777778706" lon="-116.11237555659201">
    <ele>-50.32</ele>
   </trkpt>
   <trkpt lat="33.59254666667985" lon="-116.11238333466588">
    <ele>-50.81</ele>
   </trkpt>
   <trkpt lat="33.59172555557216" lon="-116.11239111259167">
    <ele>-50.84</ele>
   </trkpt>
   <trkpt lat="33.59090444446397" lon="-116.11239889036942">
    <ele>-51.06</ele>
   </trkpt>
   <trkpt lat="33.59008333335531" lon="-116.11240666799908">
    <ele>-51.65</ele>
   </trkpt>
   <trkpt lat="33.58926222224616" lon="-116.1124144454807">
    <ele>-51.92</ele>
   </trkpt>
   <trkpt lat="33.588441111136525" lon="-116.11242222281423">
    <ele>-52.2</ele>
   </trkpt>
   <trkpt lat="33.58762" lon="-116.11243">
    <ele>-52.2</ele>
   </trkpt>
   <trkpt lat="33.586880000012194" lon="-116.11244400048014">
    <ele>-52.45</ele>
   </trkpt>
   <trkpt lat="33.5861400000228" lon="-116.11245800072011">
    <ele>-52.31</ele>
   </trkpt>
   <trkpt lat="33.58540000003184" lon="-116.11247200071993">
    <ele>-52.51</ele>
   </trkpt>
   <trkpt lat="33.584660000039314" lon="-116.1124860004796">
    <ele>-52.7</ele>
   </trkpt>
   <trkpt lat="33.583920000000006" lon="-116.11250000000001">
    <ele>-53.1</ele>
   </trkpt>
   <trkpt lat="33.583120000003554" lon="-116.11250000000001">
    <ele>-53.51</ele>
   </trkpt>
   <trkpt lat="33.58232000000711" lon="-116.11250000000001">
    <ele>-53.720000000000006</ele>
   </trkpt>
   <trkpt lat="33.581520000010656" lon="-116.11250000000001">
    <ele>-53.78</ele>
   </trkpt>
   <trkpt lat="33.5807200000142" lon="-116.11250000000001">
    <ele>-53.81</ele>
   </trkpt>
   <trkpt lat="33.57992000001776" lon="-116.11250000000001">
    <ele>-53.94</ele>
   </trkpt>
   <trkpt lat="33.57912000002131" lon="-116.11250000000001">
    <ele>-54.080000000000005</ele>
   </trkpt>
   <trkpt lat="33.57832000002486" lon="-116.11250000000001">
    <ele>-54.19</ele>
   </trkpt>
   <trkpt lat="33.57752000002841" lon="-116.11250000000001">
    <ele>-54.470000000000006</ele>
   </trkpt>
   <trkpt lat="33.57672" lon="-116.11250000000001">
    <ele>-54.35</ele>
   </trkpt>
   <trkpt lat="33.576130000000006" lon="-116.11247000000002">
    <ele>-54.49</ele>
   </trkpt>
   <trkpt lat="33.57584" lon="-116.11239">
    <ele>-54.49</ele>
   </trkpt>
   <trkpt lat="33.575590000000005" lon="-116.1123">
    <ele>-54.6</ele>
   </trkpt>
   <trkpt lat="33.575050000000005" lon="-116.11203">
    <ele>-54.6</ele>
   </trkpt>
   <trkpt lat="33.574510000000004" lon="-116.11163">
    <ele>-54.99</ele>
   </trkpt>
   <trkpt lat="33.57411000037441" lon="-116.111314998521">
    <ele>-55.260000000000005</ele>
   </trkpt>
   <trkpt lat="33.573710000000005" lon="-116.111">
    <ele>-55.510000000000005</ele>
   </trkpt>
   <trkpt lat="33.57318666841515" lon="-116.11053999446382">
    <ele>-55.980000000000004</ele>
   </trkpt>
   <trkpt lat="33.57266333512865" lon="-116.11007999450507">
    <ele>-56.190000000000005</ele>
   </trkpt>
   <trkpt lat="33.572140000000005" lon="-116.10962">
    <ele>-56.370000000000005</ele>
   </trkpt>
   <trkpt lat="33.571690000000004" lon="-116.10921">
    <ele>-56.660000000000004</ele>
   </trkpt>
   <trkpt lat="33.571360000000006" lon="-116.10881">
    <ele>-56.75</ele>
   </trkpt>
   <trkpt lat="33.571000000000005" lon="-116.10818">
    <ele>-57.18</ele>
   </trkpt>
   <trkpt lat="33.5707" lon="-116.10773">
    <ele>-57.34</ele>
   </trkpt>
   <trkpt lat="33.57039" lon="-116.10746">
    <ele>-57.300000000000004</ele>
   </trkpt>
   <trkpt lat="33.57012" lon="-116.10733">
    <ele>-56.980000000000004</ele>
   </trkpt>
   <trkpt lat="33.56978" lon="-116.10724">
    <ele>-56.78</ele>
   </trkpt>
   <trkpt lat="33.569340000000004" lon="-116.1072">
    <ele>-56.25</ele>
   </trkpt>
   <trkpt lat="33.569338018070034" lon="-116.10826000012479">
    <ele>-59.81</ele>
   </trkpt>
   <trkpt lat="33.569336027105" lon="-116.10932000020074">
    <ele>-57.410000000000004</ele>
   </trkpt>
   <trkpt lat="33.56933402710495" lon="-116.11038000022774">
    <ele>-56.39</ele>
   </trkpt>
   <trkpt lat="33.569332018069865" lon="-116.11144000020552">
    <ele>-57.21</ele>
   </trkpt>
   <trkpt lat="33.56933" lon="-116.11250000000001">
    <ele>-56.14</ele>
   </trkpt>
   <trkpt lat="33.568457500031684" lon="-116.11253625256437">
    <ele>-56.68</ele>
   </trkpt>
   <trkpt lat="33.56758500005281" lon="-116.11257250439601">
    <ele>-56.620000000000005</ele>
   </trkpt>
   <trkpt lat="33.566712500063375" lon="-116.11260875549503">
    <ele>-56.59</ele>
   </trkpt>
   <trkpt lat="33.56584000006336" lon="-116.11264500586144">
    <ele>-56.730000000000004</ele>
   </trkpt>
   <trkpt lat="33.56496750005278" lon="-116.11268125549527">
    <ele>-56.89</ele>
   </trkpt>
   <trkpt lat="33.564095000031635" lon="-116.11271750439657">
    <ele>-57.09</ele>
   </trkpt>
   <trkpt lat="33.563222499999924" lon="-116.1127537525654">
    <ele>-57.32</ele>
   </trkpt>
   <trkpt lat="33.56235" lon="-116.11279">
    <ele>-57.39</ele>
   </trkpt>
   <trkpt lat="33.561743333360866" lon="-116.11278999999999">
    <ele>-57.7</ele>
   </trkpt>
   <trkpt lat="33.561136666721744" lon="-116.11278999999999">
    <ele>-57.84</ele>
   </trkpt>
   <trkpt lat="33.56053" lon="-116.11279">
    <ele>-57.980000000000004</ele>
   </trkpt>
   <trkpt lat="33.55978249995336" lon="-116.11277749967462">
    <ele>-58.160000000000004</ele>
   </trkpt>
   <trkpt lat="33.55903499990545" lon="-116.11276499956567">
    <ele>-58.32</ele>
   </trkpt>
   <trkpt lat="33.558287499856284" lon="-116.11275249967302">
    <ele>-58.38</ele>
   </trkpt>
   <trkpt lat="33.55754" lon="-116.11274000000002">
    <ele>-58.27</ele>
   </trkpt>
   <trkpt lat="33.55683499998078" lon="-116.11273249981618">
    <ele>-58.480000000000004</ele>
   </trkpt>
   <trkpt lat="33.556129999961094" lon="-116.11272499975476">
    <ele>-58.57</ele>
   </trkpt>
   <trkpt lat="33.55542499994095" lon="-116.11271749981576">
    <ele>-58.660000000000004</ele>
   </trkpt>
   <trkpt lat="33.55472" lon="-116.11271">
    <ele>-58.68</ele>
   </trkpt>
   <trkpt lat="33.55389000008199" lon="-116.11271500004756">
    <ele>-59.18</ele>
   </trkpt>
   <trkpt lat="33.55306" lon="-116.11272000000001">
    <ele>-59.36</ele>
   </trkpt>
   <trkpt lat="33.55234249997662" lon="-116.11273750043665">
    <ele>-59.52</ele>
   </trkpt>
   <trkpt lat="33.551624999950775" lon="-116.11275500058265">
    <ele>-59.5</ele>
   </trkpt>
   <trkpt lat="33.55090749992247" lon="-116.11277250043797">
    <ele>-59.68</ele>
   </trkpt>
   <trkpt lat="33.55019" lon="-116.11279">
    <ele>-59.74</ele>
   </trkpt>
   <trkpt lat="33.54947249998848" lon="-116.11278749993768">
    <ele>-59.84</ele>
   </trkpt>
   <trkpt lat="33.54875499997692" lon="-116.11278499991687">
    <ele>-59.59</ele>
   </trkpt>
   <trkpt lat="33.54803749996531" lon="-116.11278249993761">
    <ele>-59.52</ele>
   </trkpt>
   <trkpt lat="33.547320000000006" lon="-116.11278000000001">
    <ele>-59.45</ele>
   </trkpt>
   <trkpt lat="33.54656666661981" lon="-116.1128066671335">
    <ele>-59.52</ele>
   </trkpt>
   <trkpt lat="33.54581333323388" lon="-116.11283333380199">
    <ele>-59.45</ele>
   </trkpt>
   <trkpt lat="33.54506" lon="-116.11286000000001">
    <ele>-59.54</ele>
   </trkpt>
   <trkpt lat="33.544213333334625" lon="-116.11286500024494">
    <ele>-59.61</ele>
   </trkpt>
   <trkpt lat="33.54336666666905" lon="-116.11287000039187">
    <ele>-59.68</ele>
   </trkpt>
   <trkpt lat="33.54252000000327" lon="-116.11287500044084">
    <ele>-59.56</ele>
   </trkpt>
   <trkpt lat="33.5416733333373" lon="-116.11288000039184">
    <ele>-59.59</ele>
   </trkpt>
   <trkpt lat="33.54082666667114" lon="-116.11288500024489">
    <ele>-59.45</ele>
   </trkpt>
   <trkpt lat="33.53998" lon="-116.11289000000001">
    <ele>-59.31</ele>
   </trkpt>
   <trkpt lat="33.539124117647184" lon="-116.11289000000001">
    <ele>-59.27</ele>
   </trkpt>
   <trkpt lat="33.53826823529438" lon="-116.11289000000001">
    <ele>-59.27</ele>
   </trkpt>
   <trkpt lat="33.53741235294155" lon="-116.11289000000001">
    <ele>-59.56</ele>
   </trkpt>
   <trkpt lat="33.536556470588735" lon="-116.11289000000001">
    <ele>-59.410000000000004</ele>
   </trkpt>
   <trkpt lat="33.53570058823592" lon="-116.11289000000001">
    <ele>-59.31</ele>
   </trkpt>
   <trkpt lat="33.5348447058831" lon="-116.11289000000001">
    <ele>-59.2</ele>
   </trkpt>
   <trkpt lat="33.53398882353029" lon="-116.11289000000001">
    <ele>-59.04</ele>
   </trkpt>
   <trkpt lat="33.53313294117746" lon="-116.11289000000001">
    <ele>-59.13</ele>
   </trkpt>
   <trkpt lat="33.53227705882466" lon="-116.11289000000001">
    <ele>-59.04</ele>
   </trkpt>
   <trkpt lat="33.53142117647183" lon="-116.11289000000001">
    <ele>-58.86</ele>
   </trkpt>
   <trkpt lat="33.53056529411903" lon="-116.11289000000001">
    <ele>-58.78</ele>
   </trkpt>
   <trkpt lat="33.529709411766206" lon="-116.11289000000001">
    <ele>-58.82</ele>
   </trkpt>
   <trkpt lat="33.52885352941338" lon="-116.11289000000001">
    <ele>-58.75</ele>
   </trkpt>
   <trkpt lat="33.52799764706058" lon="-116.11289000000001">
    <ele>-58.480000000000004</ele>
   </trkpt>
   <trkpt lat="33.527141764707764" lon="-116.11289000000001">
    <ele>-58.32</ele>
   </trkpt>
   <trkpt lat="33.526285882354934" lon="-116.11289000000001">
    <ele>-58.14</ele>
   </trkpt>
   <trkpt lat="33.52543" lon="-116.11289000000001">
    <ele>-58.2</ele>
   </trkpt>
   <trkpt lat="33.52462571429391" lon="-116.11287857079097">
    <ele>-58.36</ele>
   </trkpt>
   <trkpt lat="33.52382142858677" lon="-116.11286714179451">
    <ele>-58.32</ele>
   </trkpt>
   <trkpt lat="33.52301714287858" lon="-116.1128557130106">
    <ele>-58.29</ele>
   </trkpt>
   <trkpt lat="33.52221285716934" lon="-116.11284428443928">
    <ele>-58.230000000000004</ele>
   </trkpt>
   <trkpt lat="33.521408571459055" lon="-116.1128328560805">
    <ele>-58.160000000000004</ele>
   </trkpt>
   <trkpt lat="33.520604285747716" lon="-116.11282142793424">
    <ele>-58.160000000000004</ele>
   </trkpt>
   <trkpt lat="33.519800000000004" lon="-116.11281000000001">
    <ele>-58.04</ele>
   </trkpt>
   <trkpt lat="33.519156666681106" lon="-116.11281666676571">
    <ele>-58.04</ele>
   </trkpt>
   <trkpt lat="33.51851333336187" lon="-116.11282333343223">
    <ele>-57.84</ele>
   </trkpt>
   <trkpt lat="33.51787" lon="-116.11283">
    <ele>-57.75</ele>
   </trkpt>
   <trkpt lat="33.5185133333196" lon="-116.11282333343263">
    <ele>-57.84</ele>
   </trkpt>
   <trkpt lat="33.519156666638864" lon="-116.11281666676612">
    <ele>-58.04</ele>
   </trkpt>
   <trkpt lat="33.519800000000004" lon="-116.11281000000001">
    <ele>-58.0</ele>
   </trkpt>
   <trkpt lat="33.520604285712395" lon="-116.11282142793375">
    <ele>-58.160000000000004</ele>
   </trkpt>
   <trkpt lat="33.52140857142373" lon="-116.11283285608002">
    <ele>-58.160000000000004</ele>
   </trkpt>
   <trkpt lat="33.52221285713402" lon="-116.1128442844388">
    <ele>-58.230000000000004</ele>
   </trkpt>
   <trkpt lat="33.52301714284325" lon="-116.11285571301013">
    <ele>-58.29</ele>
   </trkpt>
   <trkpt lat="33.52382142855144" lon="-116.11286714179401">
    <ele>-58.32</ele>
   </trkpt>
   <trkpt lat="33.52462571425858" lon="-116.11287857079047">
    <ele>-58.36</ele>
   </trkpt>
   <trkpt lat="33.52543" lon="-116.11289000000001">
    <ele>-58.2</ele>
   </trkpt>
   <trkpt lat="33.526285882352816" lon="-116.11289000000001">
    <ele>-58.14</ele>
   </trkpt>
   <trkpt lat="33.52714176470564" lon="-116.11289000000001">
    <ele>-58.32</ele>
   </trkpt>
   <trkpt lat="33.52799764705845" lon="-116.11289000000001">
    <ele>-58.59</ele>
   </trkpt>
   <trkpt lat="33.52885352941128" lon="-116.11289000000001">
    <ele>-58.75</ele>
   </trkpt>
   <trkpt lat="33.52970941176409" lon="-116.11289000000001">
    <ele>-58.75</ele>
   </trkpt>
   <trkpt lat="33.530565294116904" lon="-116.11289000000001">
    <ele>-58.72</ele>
   </trkpt>
   <trkpt lat="33.53142117646973" lon="-116.11289000000001">
    <ele>-58.86</ele>
   </trkpt>
   <trkpt lat="33.53227705882254" lon="-116.11289000000001">
    <ele>-59.04</ele>
   </trkpt>
   <trkpt lat="33.53313294117536" lon="-116.11289000000001">
    <ele>-59.13</ele>
   </trkpt>
   <trkpt lat="33.533988823528176" lon="-116.11289000000001">
    <ele>-59.11</ele>
   </trkpt>
   <trkpt lat="33.53484470588099" lon="-116.11289000000001">
    <ele>-59.2</ele>
   </trkpt>
   <trkpt lat="33.535700588233816" lon="-116.11289000000001">
    <ele>-59.47</ele>
   </trkpt>
   <trkpt lat="33.53655647058663" lon="-116.11289000000001">
    <ele>-59.410000000000004</ele>
   </trkpt>
   <trkpt lat="33.53741235293945" lon="-116.11289000000001">
    <ele>-59.56</ele>
   </trkpt>
   <trkpt lat="33.538268235292264" lon="-116.11289000000001">
    <ele>-59.27</ele>
   </trkpt>
   <trkpt lat="33.53912411764508" lon="-116.11289000000001">
    <ele>-59.27</ele>
   </trkpt>
   <trkpt lat="33.53998" lon="-116.11289000000001">
    <ele>-59.31</ele>
   </trkpt>
   <trkpt lat="33.54082666666638" lon="-116.11288500024492">
    <ele>-59.45</ele>
   </trkpt>
   <trkpt lat="33.54167333333256" lon="-116.11288000039185">
    <ele>-59.59</ele>
   </trkpt>
   <trkpt lat="33.54251999999853" lon="-116.11287500044088">
    <ele>-59.56</ele>
   </trkpt>
   <trkpt lat="33.543366666664305" lon="-116.11287000039191">
    <ele>-59.68</ele>
   </trkpt>
   <trkpt lat="33.54421333332989" lon="-116.11286500024497">
    <ele>-59.63</ele>
   </trkpt>
   <trkpt lat="33.54506" lon="-116.11286000000001">
    <ele>-59.54</ele>
   </trkpt>
   <trkpt lat="33.54581333339164" lon="-116.11283333379642">
    <ele>-59.45</ele>
   </trkpt>
   <trkpt lat="33.546566666777565" lon="-116.11280666712791">
    <ele>-59.52</ele>
   </trkpt>
   <trkpt lat="33.547320000000006" lon="-116.11278000000001">
    <ele>-59.45</ele>
   </trkpt>
   <trkpt lat="33.548037500011674" lon="-116.11278249993778">
    <ele>-59.52</ele>
   </trkpt>
   <trkpt lat="33.548755000023284" lon="-116.11278499991705">
    <ele>-59.59</ele>
   </trkpt>
   <trkpt lat="33.54947250003485" lon="-116.11278749993784">
    <ele>-59.84</ele>
   </trkpt>
   <trkpt lat="33.55019" lon="-116.11279">
    <ele>-59.74</ele>
   </trkpt>
   <trkpt lat="33.55090750003077" lon="-116.11277250043534">
    <ele>-59.65</ele>
   </trkpt>
   <trkpt lat="33.551625000059076" lon="-116.11275500058001">
    <ele>-59.5</ele>
   </trkpt>
   <trkpt lat="33.55234250008491" lon="-116.11273750043402">
    <ele>-59.410000000000004</ele>
   </trkpt>
   <trkpt lat="33.55306" lon="-116.11272000000001">
    <ele>-59.25</ele>
   </trkpt>
   <trkpt lat="33.55388999991821" lon="-116.11271500004851">
    <ele>-59.18</ele>
   </trkpt>
   <trkpt lat="33.55472" lon="-116.11271">
    <ele>-58.68</ele>
   </trkpt>
   <trkpt lat="33.55542500002059" lon="-116.11271749981658">
    <ele>-58.660000000000004</ele>
   </trkpt>
   <trkpt lat="33.556130000040724" lon="-116.11272499975559">
    <ele>-58.57</ele>
   </trkpt>
   <trkpt lat="33.55683500006041" lon="-116.11273249981701">
    <ele>-58.480000000000004</ele>
   </trkpt>
   <trkpt lat="33.55754" lon="-116.11274000000002">
    <ele>-58.27</ele>
   </trkpt>
   <trkpt lat="33.55828750005041" lon="-116.11275249967629">
    <ele>-58.38</ele>
   </trkpt>
   <trkpt lat="33.55903500009958" lon="-116.11276499956892">
    <ele>-58.32</ele>
   </trkpt>
   <trkpt lat="33.559782500147485" lon="-116.11277749967792">
    <ele>-58.160000000000004</ele>
   </trkpt>
   <trkpt lat="33.56053" lon="-116.11279">
    <ele>-57.95</ele>
   </trkpt>
   <trkpt lat="33.56113666663913" lon="-116.11278999999999">
    <ele>-57.84</ele>
   </trkpt>
   <trkpt lat="33.56174333327825" lon="-116.11278999999999">
    <ele>-57.52</ele>
   </trkpt>
   <trkpt lat="33.56235" lon="-116.11279">
    <ele>-57.39</ele>
   </trkpt>
   <trkpt lat="33.563222500042265" lon="-116.1127537525636">
    <ele>-57.32</ele>
   </trkpt>
   <trkpt lat="33.564095000073976" lon="-116.11271750439481">
    <ele>-57.09</ele>
   </trkpt>
   <trkpt lat="33.564967500095115" lon="-116.1126812554935">
    <ele>-56.89</ele>
   </trkpt>
   <trkpt lat="33.565840000105695" lon="-116.11264500585965">
    <ele>-56.730000000000004</ele>
   </trkpt>
   <trkpt lat="33.56671250010571" lon="-116.11260875549324">
    <ele>-56.59</ele>
   </trkpt>
   <trkpt lat="33.56758500009515" lon="-116.11257250439424">
    <ele>-56.64</ele>
   </trkpt>
   <trkpt lat="33.568457500074025" lon="-116.11253625256259">
    <ele>-56.68</ele>
   </trkpt>
   <trkpt lat="33.56933" lon="-116.11250000000001">
    <ele>-56.14</ele>
   </trkpt>
   <trkpt lat="33.56933201807013" lon="-116.1114400000717">
    <ele>-57.21</ele>
   </trkpt>
   <trkpt lat="33.56933402710521" lon="-116.11038000009391">
    <ele>-56.39</ele>
   </trkpt>
   <trkpt lat="33.56933602710525" lon="-116.10932000006694">
    <ele>-57.410000000000004</ele>
   </trkpt>
   <trkpt lat="33.569338018070276" lon="-116.10825999999095">
    <ele>-59.68</ele>
   </trkpt>
   <trkpt lat="33.569340000000004" lon="-116.1072">
    <ele>-56.28</ele>
   </trkpt>
   <trkpt lat="33.56978" lon="-116.10724">
    <ele>-56.78</ele>
   </trkpt>
   <trkpt lat="33.57012" lon="-116.10733">
    <ele>-57.160000000000004</ele>
   </trkpt>
   <trkpt lat="33.57039" lon="-116.10746">
    <ele>-57.36</ele>
   </trkpt>
   <trkpt lat="33.5707" lon="-116.10773">
    <ele>-57.34</ele>
   </trkpt>
   <trkpt lat="33.571000000000005" lon="-116.10818">
    <ele>-57.18</ele>
   </trkpt>
   <trkpt lat="33.571360000000006" lon="-116.10881">
    <ele>-56.75</ele>
   </trkpt>
   <trkpt lat="33.571690000000004" lon="-116.10921">
    <ele>-56.660000000000004</ele>
   </trkpt>
   <trkpt lat="33.572140000000005" lon="-116.10962">
    <ele>-56.370000000000005</ele>
   </trkpt>
   <trkpt lat="33.572663334988064" lon="-116.11007999438151">
    <ele>-56.190000000000005</ele>
   </trkpt>
   <trkpt lat="33.573186668274545" lon="-116.11053999434024">
    <ele>-55.71</ele>
   </trkpt>
   <trkpt lat="33.573710000000005" lon="-116.111">
    <ele>-55.510000000000005</ele>
   </trkpt>
   <trkpt lat="33.574110000423524" lon="-116.11131499855968">
    <ele>-55.14</ele>
   </trkpt>
   <trkpt lat="33.574510000000004" lon="-116.11163">
    <ele>-54.99</ele>
   </trkpt>
   <trkpt lat="33.575050000000005" lon="-116.11203">
    <ele>-54.6</ele>
   </trkpt>
   <trkpt lat="33.575590000000005" lon="-116.1123">
    <ele>-54.49</ele>
   </trkpt>
   <trkpt lat="33.57584" lon="-116.11239">
    <ele>-54.49</ele>
   </trkpt>
   <trkpt lat="33.576130000000006" lon="-116.11247000000002">
    <ele>-54.56</ele>
   </trkpt>
   <trkpt lat="33.57672" lon="-116.11250000000001">
    <ele>-54.35</ele>
   </trkpt>
   <trkpt lat="33.57751999999645" lon="-116.11250000000001">
    <ele>-54.470000000000006</ele>
   </trkpt>
   <trkpt lat="33.57831999999289" lon="-116.11250000000001">
    <ele>-54.19</ele>
   </trkpt>
   <trkpt lat="33.579119999989345" lon="-116.11250000000001">
    <ele>-54.03</ele>
   </trkpt>
   <trkpt lat="33.5799199999858" lon="-116.11250000000001">
    <ele>-53.94</ele>
   </trkpt>
   <trkpt lat="33.58071999998224" lon="-116.11250000000001">
    <ele>-53.83</ele>
   </trkpt>
   <trkpt lat="33.5815199999787" lon="-116.11250000000001">
    <ele>-53.78</ele>
   </trkpt>
   <trkpt lat="33.58231999997515" lon="-116.11250000000001">
    <ele>-53.720000000000006</ele>
   </trkpt>
   <trkpt lat="33.58311999997159" lon="-116.11250000000001">
    <ele>-53.51</ele>
   </trkpt>
   <trkpt lat="33.583920000000006" lon="-116.11250000000001">
    <ele>-53.1</ele>
   </trkpt>
   <trkpt lat="33.584659999994116" lon="-116.11248600048046">
    <ele>-52.6</ele>
   </trkpt>
   <trkpt lat="33.585399999986656" lon="-116.11247200072079">
    <ele>-52.36</ele>
   </trkpt>
   <trkpt lat="33.58613999997762" lon="-116.11245800072095">
    <ele>-52.31</ele>
   </trkpt>
   <trkpt lat="33.586879999967" lon="-116.11244400048098">
    <ele>-52.45</ele>
   </trkpt>
   <trkpt lat="33.58762" lon="-116.11243">
    <ele>-52.2</ele>
   </trkpt>
   <trkpt lat="33.58844111111012" lon="-116.11242222281449">
    <ele>-52.2</ele>
   </trkpt>
   <trkpt lat="33.58926222221976" lon="-116.11241444548094">
    <ele>-51.79</ele>
   </trkpt>
   <trkpt lat="33.59008333332891" lon="-116.1124066679993">
    <ele>-51.49</ele>
   </trkpt>
   <trkpt lat="33.590904444437584" lon="-116.11239889036968">
    <ele>-51.06</ele>
   </trkpt>
   <trkpt lat="33.591725555545764" lon="-116.11239111259194">
    <ele>-50.84</ele>
   </trkpt>
   <trkpt lat="33.59254666665345" lon="-116.11238333466615">
    <ele>-50.72</ele>
   </trkpt>
   <trkpt lat="33.593367777760655" lon="-116.11237555659227">
    <ele>-50.32</ele>
   </trkpt>
   <trkpt lat="33.59418888886737" lon="-116.11236777837033">
    <ele>-49.89</ele>
   </trkpt>
   <trkpt lat="33.59501" lon="-116.11236000000001">
    <ele>-49.660000000000004</ele>
   </trkpt>
   <trkpt lat="33.595900000021764" lon="-116.11234500046405">
    <ele>-49.75</ele>
   </trkpt>
   <trkpt lat="33.596790000041715" lon="-116.11233000061854">
    <ele>-50.0</ele>
   </trkpt>
   <trkpt lat="33.59768000005984" lon="-116.11231500046341">
    <ele>-50.11</ele>
   </trkpt>
   <trkpt lat="33.59857" lon="-116.1123">
    <ele>-48.82</ele>
   </trkpt>
   <trkpt lat="33.59857003413153" lon="-116.11327100000223">
    <ele>-48.980000000000004</ele>
   </trkpt>
   <trkpt lat="33.59857006067827" lon="-116.1142420000051">
    <ele>-48.64</ele>
   </trkpt>
   <trkpt lat="33.598570079640226" lon="-116.11521300000851">
    <ele>-48.57</ele>
   </trkpt>
   <trkpt lat="33.5985700910174" lon="-116.11618400001225">
    <ele>-48.6</ele>
   </trkpt>
   <trkpt lat="33.598570094809794" lon="-116.11715500001615">
    <ele>-48.59</ele>
   </trkpt>
   <trkpt lat="33.5985700910174" lon="-116.11812600002008">
    <ele>-48.410000000000004</ele>
   </trkpt>
   <trkpt lat="33.598570079640226" lon="-116.11909700002381">
    <ele>-47.46</ele>
   </trkpt>
   <trkpt lat="33.59857006067826" lon="-116.1200680000272">
    <ele>-45.78</ele>
   </trkpt>
   <trkpt lat="33.59857003413153" lon="-116.12103900003008">
    <ele>-45.37</ele>
   </trkpt>
   <trkpt lat="33.59857" lon="-116.12201">
    <ele>-45.88</ele>
   </trkpt>
   <trkpt lat="33.59856662404253" lon="-116.12308521833587">
    <ele>-47.46</ele>
   </trkpt>
   <trkpt lat="33.59856323878472" lon="-116.12416043658746">
    <ele>-48.64</ele>
   </trkpt>
   <trkpt lat="33.598559844226614" lon="-116.12523565475452">
    <ele>-48.730000000000004</ele>
   </trkpt>
   <trkpt lat="33.59855644036817" lon="-116.12631087283684">
    <ele>-48.660000000000004</ele>
   </trkpt>
   <trkpt lat="33.59855302720943" lon="-116.12738609083415">
    <ele>-48.410000000000004</ele>
   </trkpt>
   <trkpt lat="33.59854960475035" lon="-116.12846130874624">
    <ele>-48.550000000000004</ele>
   </trkpt>
   <trkpt lat="33.59854617299098" lon="-116.12953652657288">
    <ele>-48.39</ele>
   </trkpt>
   <trkpt lat="33.59854273193128" lon="-116.13061174431382">
    <ele>-48.410000000000004</ele>
   </trkpt>
   <trkpt lat="33.59853928157129" lon="-116.13168696196887">
    <ele>-48.190000000000005</ele>
   </trkpt>
   <trkpt lat="33.598535821910986" lon="-116.13276217953775">
    <ele>-48.03</ele>
   </trkpt>
   <trkpt lat="33.59853235295037" lon="-116.13383739702023">
    <ele>-48.260000000000005</ele>
   </trkpt>
   <trkpt lat="33.59852887468946" lon="-116.13491261441612">
    <ele>-48.260000000000005</ele>
   </trkpt>
   <trkpt lat="33.598525387128255" lon="-116.13598783172516">
    <ele>-48.160000000000004</ele>
   </trkpt>
   <trkpt lat="33.59852189026674" lon="-116.13706304894713">
    <ele>-48.07</ele>
   </trkpt>
   <trkpt lat="33.598518384104935" lon="-116.13813826608177">
    <ele>-47.89</ele>
   </trkpt>
   <trkpt lat="33.59851486864283" lon="-116.13921348312887">
    <ele>-47.75</ele>
   </trkpt>
   <trkpt lat="33.59851134388044" lon="-116.14028870008819">
    <ele>-47.550000000000004</ele>
   </trkpt>
   <trkpt lat="33.59850780981775" lon="-116.14136391695952">
    <ele>-47.6</ele>
   </trkpt>
   <trkpt lat="33.59850426645478" lon="-116.14243913374263">
    <ele>-47.64</ele>
   </trkpt>
   <trkpt lat="33.59850071379152" lon="-116.14351435043726">
    <ele>-47.580000000000005</ele>
   </trkpt>
   <trkpt lat="33.59849715182798" lon="-116.14458956704317">
    <ele>-47.440000000000005</ele>
   </trkpt>
   <trkpt lat="33.598493580564146" lon="-116.14566478356016">
    <ele>-47.53</ele>
   </trkpt>
   <trkpt lat="33.598490000000005" lon="-116.14674000000001">
    <ele>-46.940000000000005</ele>
   </trkpt>
   <trkpt lat="33.59937428571443" lon="-116.14671857274726">
    <ele>-47.690000000000005</ele>
   </trkpt>
   <trkpt lat="33.60025857142517" lon="-116.14669714505507">
    <ele>-47.57</ele>
   </trkpt>
   <trkpt lat="33.601142857132224" lon="-116.14667571692341">
    <ele>-47.17</ele>
   </trkpt>
   <trkpt lat="33.602027142835574" lon="-116.14665428835231">
    <ele>-46.53</ele>
   </trkpt>
   <trkpt lat="33.602911428535236" lon="-116.1466328593417">
    <ele>-46.26</ele>
   </trkpt>
   <trkpt lat="33.603795714231204" lon="-116.14661142989155">
    <ele>-45.74</ele>
   </trkpt>
   <trkpt lat="33.60468" lon="-116.14659">
    <ele>-45.470000000000006</ele>
   </trkpt>
   <trkpt lat="33.60549700000077" lon="-116.14658800017058">
    <ele>-45.24</ele>
   </trkpt>
   <trkpt lat="33.60631400000148" lon="-116.14658600030326">
    <ele>-45.1</ele>
   </trkpt>
   <trkpt lat="33.607131000002184" lon="-116.14658400039804">
    <ele>-44.83</ele>
   </trkpt>
   <trkpt lat="33.60794800000285" lon="-116.1465820004549">
    <ele>-44.67</ele>
   </trkpt>
   <trkpt lat="33.60876500000347" lon="-116.14658000047383">
    <ele>-44.65</ele>
   </trkpt>
   <trkpt lat="33.60958200000407" lon="-116.14657800045491">
    <ele>-44.36</ele>
   </trkpt>
   <trkpt lat="33.61039900000464" lon="-116.14657600039806">
    <ele>-44.29</ele>
   </trkpt>
   <trkpt lat="33.61121600000517" lon="-116.14657400030327">
    <ele>-44.06</ele>
   </trkpt>
   <trkpt lat="33.612033000005674" lon="-116.1465720001706">
    <ele>-44.02</ele>
   </trkpt>
   <trkpt lat="33.61285" lon="-116.14657000000001">
    <ele>-43.49</ele>
   </trkpt>
   <trkpt lat="33.612856538411485" lon="-116.14554353064997">
    <ele>-44.2</ele>
   </trkpt>
   <trkpt lat="33.61286306834507" lon="-116.14451706114428">
    <ele>-44.17</ele>
   </trkpt>
   <trkpt lat="33.61286958980076" lon="-116.14349059148317">
    <ele>-43.88</ele>
   </trkpt>
   <trkpt lat="33.61287610277856" lon="-116.14246412166685">
    <ele>-43.92</ele>
   </trkpt>
   <trkpt lat="33.612882607278465" lon="-116.14143765169551">
    <ele>-43.79</ele>
   </trkpt>
   <trkpt lat="33.612889103300446" lon="-116.14041118156933">
    <ele>-43.58</ele>
   </trkpt>
   <trkpt lat="33.612895590844545" lon="-116.13938471128854">
    <ele>-43.81</ele>
   </trkpt>
   <trkpt lat="33.61290206991072" lon="-116.13835824085336">
    <ele>-43.95</ele>
   </trkpt>
   <trkpt lat="33.612908540499" lon="-116.13733177026396">
    <ele>-43.75</ele>
   </trkpt>
   <trkpt lat="33.61291500260935" lon="-116.13630529952052">
    <ele>-43.49</ele>
   </trkpt>
   <trkpt lat="33.61292145624178" lon="-116.13527882862327">
    <ele>-44.04</ele>
   </trkpt>
   <trkpt lat="33.61292790139629" lon="-116.13425235757245">
    <ele>-44.09</ele>
   </trkpt>
   <trkpt lat="33.612934338072876" lon="-116.13322588636821">
    <ele>-44.15</ele>
   </trkpt>
   <trkpt lat="33.61294076627153" lon="-116.13219941501076">
    <ele>-44.17</ele>
   </trkpt>
   <trkpt lat="33.61294718599224" lon="-116.13117294350029">
    <ele>-44.68000000000001</ele>
   </trkpt>
   <trkpt lat="33.61295359723503" lon="-116.13014647183704">
    <ele>-44.85</ele>
   </trkpt>
   <trkpt lat="33.61296" lon="-116.12912000000001">
    <ele>-43.660000000000004</ele>
   </trkpt>
   <trkpt lat="33.61377888889614" lon="-116.12913444334654">
    <ele>-44.99</ele>
   </trkpt>
   <trkpt lat="33.614597777790586" lon="-116.12914888696753">
    <ele>-45.26</ele>
   </trkpt>
   <trkpt lat="33.615416666683366" lon="-116.12916333086298">
    <ele>-45.49</ele>
   </trkpt>
   <trkpt lat="33.616235555574455" lon="-116.12917777503289">
    <ele>-45.35</ele>
   </trkpt>
   <trkpt lat="33.617054444463875" lon="-116.12919221947729">
    <ele>-45.02</ele>
   </trkpt>
   <trkpt lat="33.61787333335161" lon="-116.12920666419622">
    <ele>-44.86000000000001</ele>
   </trkpt>
   <trkpt lat="33.61869222223767" lon="-116.12922110918964">
    <ele>-44.58</ele>
   </trkpt>
   <trkpt lat="33.619511111122044" lon="-116.12923555445758">
    <ele>-44.42</ele>
   </trkpt>
   <trkpt lat="33.62033" lon="-116.12925000000001">
    <ele>-44.0</ele>
   </trkpt>
   <trkpt lat="33.620340000000006" lon="-116.12925000000001">
    <ele>-43.99</ele>
   </trkpt>
   <trkpt lat="33.62032947858854" lon="-116.13026882552884">
    <ele>-43.99</ele>
   </trkpt>
   <trkpt lat="33.620318948824064" lon="-116.13128765080874">
    <ele>-43.99</ele>
   </trkpt>
   <trkpt lat="33.62030841070659" lon="-116.13230647583957">
    <ele>-43.99</ele>
   </trkpt>
   <trkpt lat="33.62029786423612" lon="-116.13332530062111">
    <ele>-42.02</ele>
   </trkpt>
   <trkpt lat="33.62028730941266" lon="-116.13434412515316">
    <ele>-42.02</ele>
   </trkpt>
   <trkpt lat="33.62027674623622" lon="-116.13536294943553">
    <ele>-42.02</ele>
   </trkpt>
   <trkpt lat="33.6202661747068" lon="-116.13638177346802">
    <ele>-42.02</ele>
   </trkpt>
   <trkpt lat="33.6202555948244" lon="-116.1374005972504">
    <ele>-42.02</ele>
   </trkpt>
   <trkpt lat="33.620245006589045" lon="-116.13841942078253">
    <ele>-42.02</ele>
   </trkpt>
   <trkpt lat="33.62023441000072" lon="-116.13943824406418">
    <ele>-42.02</ele>
   </trkpt>
   <trkpt lat="33.62022380505943" lon="-116.14045706709517">
    <ele>-42.02</ele>
   </trkpt>
   <trkpt lat="33.6202131917652" lon="-116.1414758898753">
    <ele>-42.160000000000004</ele>
   </trkpt>
   <trkpt lat="33.62020257011802" lon="-116.14249471240433">
    <ele>-42.160000000000004</ele>
   </trkpt>
   <trkpt lat="33.620191940117905" lon="-116.1435135346821">
    <ele>-42.160000000000004</ele>
   </trkpt>
   <trkpt lat="33.62018130176484" lon="-116.14453235670842">
    <ele>-42.160000000000004</ele>
   </trkpt>
   <trkpt lat="33.62017065505885" lon="-116.14555117848309">
    <ele>-42.160000000000004</ele>
   </trkpt>
   <trkpt lat="33.620160000000006" lon="-116.14657000000001">
    <ele>-42.160000000000004</ele>
   </trkpt>
   <trkpt lat="33.61934777778415" lon="-116.14657000000001">
    <ele>-42.45</ele>
   </trkpt>
   <trkpt lat="33.61853555556831" lon="-116.14657000000001">
    <ele>-42.5</ele>
   </trkpt>
   <trkpt lat="33.61772333335245" lon="-116.14657000000001">
    <ele>-42.65</ele>
   </trkpt>
   <trkpt lat="33.6169111111366" lon="-116.14657000000001">
    <ele>-42.86</ele>
   </trkpt>
   <trkpt lat="33.61609888892075" lon="-116.14657000000001">
    <ele>-42.99</ele>
   </trkpt>
   <trkpt lat="33.615286666704904" lon="-116.14657000000001">
    <ele>-43.15</ele>
   </trkpt>
   <trkpt lat="33.61447444448907" lon="-116.14657000000001">
    <ele>-43.45</ele>
   </trkpt>
   <trkpt lat="33.61366222227321" lon="-116.14657000000001">
    <ele>-43.410000000000004</ele>
   </trkpt>
   <trkpt lat="33.61285" lon="-116.14657000000001">
    <ele>-43.49</ele>
   </trkpt>
   <trkpt lat="33.61285431189464" lon="-116.14761142825158">
    <ele>-45.17</ele>
   </trkpt>
   <trkpt lat="33.612858615062464" lon="-116.14865285660724">
    <ele>-45.06</ele>
   </trkpt>
   <trkpt lat="33.61286290950352" lon="-116.14969428506683">
    <ele>-44.72</ele>
   </trkpt>
   <trkpt lat="33.612867195217774" lon="-116.15073571363006">
    <ele>-44.85</ele>
   </trkpt>
   <trkpt lat="33.612871472205235" lon="-116.15177714229674">
    <ele>-44.74</ele>
   </trkpt>
   <trkpt lat="33.612875740465896" lon="-116.15281857106663">
    <ele>-44.6</ele>
   </trkpt>
   <trkpt lat="33.612880000000004" lon="-116.15386000000001">
    <ele>-42.93</ele>
   </trkpt>
   <trkpt lat="33.61258" lon="-116.15386000000001">
    <ele>-43.02</ele>
   </trkpt>
   <trkpt lat="33.612500000000004" lon="-116.15384">
    <ele>-43.02</ele>
   </trkpt>
   <trkpt lat="33.61242" lon="-116.1538">
    <ele>-43.06</ele>
   </trkpt>
   <trkpt lat="33.61231" lon="-116.15368000000001">
    <ele>-43.06</ele>
   </trkpt>
   <trkpt lat="33.61243" lon="-116.15349">
    <ele>-43.27</ele>
   </trkpt>
   <trkpt lat="33.612500000000004" lon="-116.15330000000002">
    <ele>-43.36</ele>
   </trkpt>
   <trkpt lat="33.61251" lon="-116.15308">
    <ele>-43.36</ele>
   </trkpt>
   <trkpt lat="33.612460000000006" lon="-116.15286">
    <ele>-43.4</ele>
   </trkpt>
   <trkpt lat="33.61235" lon="-116.15264">
    <ele>-43.74</ele>
   </trkpt>
   <trkpt lat="33.61188" lon="-116.1521">
    <ele>-43.92</ele>
   </trkpt>
   <trkpt lat="33.611700000000006" lon="-116.15175">
    <ele>-44.31</ele>
   </trkpt>
   <trkpt lat="33.611650000000004" lon="-116.15161">
    <ele>-44.36</ele>
   </trkpt>
   <trkpt lat="33.61166" lon="-116.15152">
    <ele>-44.36</ele>
   </trkpt>
   <trkpt lat="33.611700000000006" lon="-116.15143">
    <ele>-44.4</ele>
   </trkpt>
   <trkpt lat="33.611900000000006" lon="-116.15107">
    <ele>-44.42</ele>
   </trkpt>
   <trkpt lat="33.61207" lon="-116.15085">
    <ele>-44.42</ele>
   </trkpt>
   <trkpt lat="33.61236" lon="-116.15053">
    <ele>-44.29</ele>
   </trkpt>
   <trkpt lat="33.612500000000004" lon="-116.15031">
    <ele>-44.13</ele>
   </trkpt>
   <trkpt lat="33.61256" lon="-116.15013">
    <ele>-44.13</ele>
   </trkpt>
   <trkpt lat="33.6126" lon="-116.14995">
    <ele>-44.09</ele>
   </trkpt>
   <trkpt lat="33.61262" lon="-116.14973">
    <ele>-44.09</ele>
   </trkpt>
   <trkpt lat="33.61262" lon="-116.1495">
    <ele>-43.88</ele>
   </trkpt>
   <trkpt lat="33.612590000000004" lon="-116.14923">
    <ele>-43.83</ele>
   </trkpt>
   <trkpt lat="33.61254" lon="-116.1491">
    <ele>-43.83</ele>
   </trkpt>
   <trkpt lat="33.6124" lon="-116.14892">
    <ele>-43.79</ele>
   </trkpt>
   <trkpt lat="33.61234" lon="-116.14889000000001">
    <ele>-43.79</ele>
   </trkpt>
   <trkpt lat="33.612030000000004" lon="-116.14887000000002">
    <ele>-43.86</ele>
   </trkpt>
   <trkpt lat="33.611340000000006" lon="-116.14892">
    <ele>-43.67</ele>
   </trkpt>
   <trkpt lat="33.61097" lon="-116.14888">
    <ele>-43.74</ele>
   </trkpt>
   <trkpt lat="33.610530000000004" lon="-116.14892">
    <ele>-43.93</ele>
   </trkpt>
   <trkpt lat="33.610069999949225" lon="-116.14889499986371">
    <ele>-44.2</ele>
   </trkpt>
   <trkpt lat="33.60961" lon="-116.14887000000002">
    <ele>-44.2</ele>
   </trkpt>
   <trkpt lat="33.609500000000004" lon="-116.14892">
    <ele>-44.2</ele>
   </trkpt>
   <trkpt lat="33.60943" lon="-116.14897">
    <ele>-44.49</ele>
   </trkpt>
   <trkpt lat="33.609350000000006" lon="-116.14915">
    <ele>-44.49</ele>
   </trkpt>
   <trkpt lat="33.60933" lon="-116.1495">
    <ele>-44.92</ele>
   </trkpt>
   <trkpt lat="33.60938" lon="-116.15010000000001">
    <ele>-45.1</ele>
   </trkpt>
   <trkpt lat="33.60934" lon="-116.15062">
    <ele>-44.9</ele>
   </trkpt>
   <trkpt lat="33.60934" lon="-116.15085">
    <ele>-44.58</ele>
   </trkpt>
   <trkpt lat="33.609320000000004" lon="-116.15095000000001">
    <ele>-44.47</ele>
   </trkpt>
   <trkpt lat="33.609230000000004" lon="-116.15102">
    <ele>-44.47</ele>
   </trkpt>
   <trkpt lat="33.60837999987907" lon="-116.15100499984993">
    <ele>-45.92</ele>
   </trkpt>
   <trkpt lat="33.607530000000004" lon="-116.15099000000001">
    <ele>-45.94</ele>
   </trkpt>
   <trkpt lat="33.607310000000005" lon="-116.15102">
    <ele>-46.1</ele>
   </trkpt>
   <trkpt lat="33.60676" lon="-116.15111">
    <ele>-46.44</ele>
   </trkpt>
   <trkpt lat="33.60629000014328" lon="-116.15106499976764">
    <ele>-46.82</ele>
   </trkpt>
   <trkpt lat="33.60582" lon="-116.15102">
    <ele>-47.05</ele>
   </trkpt>
   <trkpt lat="33.60512" lon="-116.15102">
    <ele>-45.87</ele>
   </trkpt>
   <trkpt lat="33.60495" lon="-116.15095000000001">
    <ele>-45.4</ele>
   </trkpt>
   <trkpt lat="33.60488" lon="-116.15087000000001">
    <ele>-45.44</ele>
   </trkpt>
   <trkpt lat="33.60495" lon="-116.15095000000001">
    <ele>-45.4</ele>
   </trkpt>
   <trkpt lat="33.60512" lon="-116.15102">
    <ele>-45.87</ele>
   </trkpt>
   <trkpt lat="33.60582" lon="-116.15102">
    <ele>-47.05</ele>
   </trkpt>
   <trkpt lat="33.606289999873006" lon="-116.15106499974172">
    <ele>-46.82</ele>
   </trkpt>
   <trkpt lat="33.60676" lon="-116.15111">
    <ele>-46.44</ele>
   </trkpt>
   <trkpt lat="33.607310000000005" lon="-116.15102">
    <ele>-46.1</ele>
   </trkpt>
   <trkpt lat="33.607530000000004" lon="-116.15099000000001">
    <ele>-45.94</ele>
   </trkpt>
   <trkpt lat="33.60838000012274" lon="-116.15100499985425">
    <ele>-45.92</ele>
   </trkpt>
   <trkpt lat="33.609230000000004" lon="-116.15102">
    <ele>-44.47</ele>
   </trkpt>
   <trkpt lat="33.609320000000004" lon="-116.15095000000001">
    <ele>-44.47</ele>
   </trkpt>
   <trkpt lat="33.60934" lon="-116.15085">
    <ele>-44.58</ele>
   </trkpt>
   <trkpt lat="33.60934" lon="-116.15062">
    <ele>-44.9</ele>
   </trkpt>
   <trkpt lat="33.60938" lon="-116.15010000000001">
    <ele>-45.1</ele>
   </trkpt>
   <trkpt lat="33.60933" lon="-116.1495">
    <ele>-44.92</ele>
   </trkpt>
   <trkpt lat="33.609350000000006" lon="-116.14915">
    <ele>-44.49</ele>
   </trkpt>
   <trkpt lat="33.60943" lon="-116.14897">
    <ele>-44.49</ele>
   </trkpt>
   <trkpt lat="33.609500000000004" lon="-116.14892">
    <ele>-44.2</ele>
   </trkpt>
   <trkpt lat="33.60961" lon="-116.14887000000002">
    <ele>-44.2</ele>
   </trkpt>
   <trkpt lat="33.61028" lon="-116.14890000000001">
    <ele>-44.15</ele>
   </trkpt>
   <trkpt lat="33.6107" lon="-116.14901">
    <ele>-44.2</ele>
   </trkpt>
   <trkpt lat="33.611160000000005" lon="-116.14901">
    <ele>-43.88</ele>
   </trkpt>
   <trkpt lat="33.611560000000004" lon="-116.14891000000001">
    <ele>-43.77</ele>
   </trkpt>
   <trkpt lat="33.61177" lon="-116.14888">
    <ele>-43.77</ele>
   </trkpt>
   <trkpt lat="33.612030000000004" lon="-116.14887000000002">
    <ele>-43.86</ele>
   </trkpt>
   <trkpt lat="33.61234" lon="-116.14889000000001">
    <ele>-43.79</ele>
   </trkpt>
   <trkpt lat="33.6124" lon="-116.14892">
    <ele>-43.79</ele>
   </trkpt>
   <trkpt lat="33.61254" lon="-116.1491">
    <ele>-43.83</ele>
   </trkpt>
   <trkpt lat="33.612590000000004" lon="-116.14923">
    <ele>-43.83</ele>
   </trkpt>
   <trkpt lat="33.61262" lon="-116.1495">
    <ele>-43.88</ele>
   </trkpt>
   <trkpt lat="33.61262" lon="-116.14973">
    <ele>-44.09</ele>
   </trkpt>
   <trkpt lat="33.6126" lon="-116.14995">
    <ele>-44.09</ele>
   </trkpt>
   <trkpt lat="33.61256" lon="-116.15013">
    <ele>-44.13</ele>
   </trkpt>
   <trkpt lat="33.612500000000004" lon="-116.15031">
    <ele>-44.13</ele>
   </trkpt>
   <trkpt lat="33.61236" lon="-116.15053">
    <ele>-44.29</ele>
   </trkpt>
   <trkpt lat="33.61207" lon="-116.15085">
    <ele>-44.42</ele>
   </trkpt>
   <trkpt lat="33.611900000000006" lon="-116.15107">
    <ele>-44.42</ele>
   </trkpt>
   <trkpt lat="33.611700000000006" lon="-116.15143">
    <ele>-44.4</ele>
   </trkpt>
   <trkpt lat="33.61166" lon="-116.15152">
    <ele>-44.36</ele>
   </trkpt>
   <trkpt lat="33.611650000000004" lon="-116.15161">
    <ele>-44.36</ele>
   </trkpt>
   <trkpt lat="33.611700000000006" lon="-116.15175">
    <ele>-44.31</ele>
   </trkpt>
   <trkpt lat="33.61188" lon="-116.1521">
    <ele>-43.92</ele>
   </trkpt>
   <trkpt lat="33.61235" lon="-116.15264">
    <ele>-43.74</ele>
   </trkpt>
   <trkpt lat="33.612460000000006" lon="-116.15286">
    <ele>-43.4</ele>
   </trkpt>
   <trkpt lat="33.61251" lon="-116.15308">
    <ele>-43.4</ele>
   </trkpt>
   <trkpt lat="33.612500000000004" lon="-116.15326">
    <ele>-43.33</ele>
   </trkpt>
   <trkpt lat="33.612500000000004" lon="-116.15329000000001">
    <ele>-43.33</ele>
   </trkpt>
   <trkpt lat="33.61243" lon="-116.15349">
    <ele>-43.27</ele>
   </trkpt>
   <trkpt lat="33.61231" lon="-116.15368000000001">
    <ele>-43.06</ele>
   </trkpt>
   <trkpt lat="33.612210000000005" lon="-116.15376">
    <ele>-43.31</ele>
   </trkpt>
   <trkpt lat="33.61209" lon="-116.15384">
    <ele>-43.54</ele>
   </trkpt>
   <trkpt lat="33.61191" lon="-116.15386000000001">
    <ele>-43.7</ele>
   </trkpt>
   <trkpt lat="33.61151" lon="-116.15385">
    <ele>-43.72</ele>
   </trkpt>
   <trkpt lat="33.61093" lon="-116.1538">
    <ele>-44.01</ele>
   </trkpt>
   <trkpt lat="33.61056" lon="-116.1538">
    <ele>-44.54</ele>
   </trkpt>
   <trkpt lat="33.61009" lon="-116.1538">
    <ele>-44.67</ele>
   </trkpt>
   <trkpt lat="33.60965" lon="-116.15384">
    <ele>-44.74</ele>
   </trkpt>
   <trkpt lat="33.6092" lon="-116.15386000000001">
    <ele>-44.76</ele>
   </trkpt>
   <trkpt lat="33.608575000024445" lon="-116.1538299997835">
    <ele>-44.81</ele>
   </trkpt>
   <trkpt lat="33.60795" lon="-116.1538">
    <ele>-44.99</ele>
   </trkpt>
   <trkpt lat="33.60727" lon="-116.15389">
    <ele>-45.22</ele>
   </trkpt>
   <trkpt lat="33.60698" lon="-116.15389">
    <ele>-45.24</ele>
   </trkpt>
   <trkpt lat="33.606390000000005" lon="-116.15384">
    <ele>-45.470000000000006</ele>
   </trkpt>
   <trkpt lat="33.60557" lon="-116.15365000000001">
    <ele>-44.97</ele>
   </trkpt>
   <trkpt lat="33.605650000000004" lon="-116.15323000000001">
    <ele>-45.31</ele>
   </trkpt>
   <trkpt lat="33.60571" lon="-116.15319000000001">
    <ele>-45.6</ele>
   </trkpt>
   <trkpt lat="33.606370000000005" lon="-116.15310000000001">
    <ele>-45.790000000000006</ele>
   </trkpt>
   <trkpt lat="33.606770000000004" lon="-116.15310000000001">
    <ele>-44.85</ele>
   </trkpt>
   <trkpt lat="33.60678" lon="-116.15310000000001">
    <ele>-47.49</ele>
   </trkpt>
   <trkpt lat="33.60755" lon="-116.15279000000001">
    <ele>-48.120000000000005</ele>
   </trkpt>
   <trkpt lat="33.607800000000005" lon="-116.15265000000001">
    <ele>-47.89</ele>
   </trkpt>
   <trkpt lat="33.60794" lon="-116.15255">
    <ele>-46.14</ele>
   </trkpt>
   <trkpt lat="33.60802" lon="-116.15247000000001">
    <ele>-45.45</ele>
   </trkpt>
   <trkpt lat="33.60824" lon="-116.15233">
    <ele>-43.06</ele>
   </trkpt>
   <trkpt lat="33.60841" lon="-116.15227000000002">
    <ele>-42.86</ele>
   </trkpt>
   <trkpt lat="33.60913" lon="-116.15225000000001">
    <ele>-45.06</ele>
   </trkpt>
   <trkpt lat="33.60936" lon="-116.15222000000001">
    <ele>-45.62</ele>
   </trkpt>
   <trkpt lat="33.60947" lon="-116.15224">
    <ele>-46.3</ele>
   </trkpt>
   <trkpt lat="33.609590000000004" lon="-116.15232">
    <ele>-45.2</ele>
   </trkpt>
   <trkpt lat="33.60967" lon="-116.15243000000001">
    <ele>-45.2</ele>
   </trkpt>
   <trkpt lat="33.609770000000005" lon="-116.15281000000002">
    <ele>-44.08</ele>
   </trkpt>
   <trkpt lat="33.609840000000005" lon="-116.15294000000002">
    <ele>-44.06</ele>
   </trkpt>
   <trkpt lat="33.60999" lon="-116.15306000000001">
    <ele>-44.06</ele>
   </trkpt>
   <trkpt lat="33.610240000000005" lon="-116.15309">
    <ele>-43.54</ele>
   </trkpt>
   <trkpt lat="33.61102" lon="-116.15309">
    <ele>-42.02</ele>
   </trkpt>
   <trkpt lat="33.61139" lon="-116.15311000000001">
    <ele>-42.34</ele>
   </trkpt>
   <trkpt lat="33.6115" lon="-116.15310000000001">
    <ele>-42.25</ele>
   </trkpt>
   <trkpt lat="33.61164" lon="-116.15298000000001">
    <ele>-42.18</ele>
   </trkpt>
   <trkpt lat="33.611630000000005" lon="-116.15283000000001">
    <ele>-41.84</ele>
   </trkpt>
   <trkpt lat="33.6115" lon="-116.15263000000002">
    <ele>-42.09</ele>
   </trkpt>
   <trkpt lat="33.61104" lon="-116.15219">
    <ele>-43.9</ele>
   </trkpt>
   <trkpt lat="33.61084" lon="-116.15195000000001">
    <ele>-45.11000000000001</ele>
   </trkpt>
   <trkpt lat="33.61077" lon="-116.15174">
    <ele>-45.2</ele>
   </trkpt>
   <trkpt lat="33.610730000000004" lon="-116.15151000000002">
    <ele>-44.26</ele>
   </trkpt>
   <trkpt lat="33.610820000000004" lon="-116.15115000000002">
    <ele>-42.07</ele>
   </trkpt>
   <trkpt lat="33.61103" lon="-116.15085">
    <ele>-44.27</ele>
   </trkpt>
   <trkpt lat="33.61159" lon="-116.15032000000001">
    <ele>-43.97</ele>
   </trkpt>
   <trkpt lat="33.61177" lon="-116.15013">
    <ele>-43.99</ele>
   </trkpt>
   <trkpt lat="33.611830000000005" lon="-116.15">
    <ele>-43.9</ele>
   </trkpt>
   <trkpt lat="33.61182" lon="-116.14989000000001">
    <ele>-44.17</ele>
   </trkpt>
   <trkpt lat="33.61177" lon="-116.14974000000001">
    <ele>-44.92</ele>
   </trkpt>
   <trkpt lat="33.611700000000006" lon="-116.14969">
    <ele>-45.900000000000006</ele>
   </trkpt>
   <trkpt lat="33.61155" lon="-116.14965000000001">
    <ele>-46.760000000000005</ele>
   </trkpt>
   <trkpt lat="33.61132" lon="-116.14965000000001">
    <ele>-45.31</ele>
   </trkpt>
   <trkpt lat="33.61072" lon="-116.14969">
    <ele>-43.65</ele>
   </trkpt>
   <trkpt lat="33.61048" lon="-116.14973">
    <ele>-43.47</ele>
   </trkpt>
   <trkpt lat="33.610290000000006" lon="-116.14978">
    <ele>-43.06</ele>
   </trkpt>
   <trkpt lat="33.610200000000006" lon="-116.14984000000001">
    <ele>-43.09</ele>
   </trkpt>
   <trkpt lat="33.61008" lon="-116.14999">
    <ele>-43.06</ele>
   </trkpt>
   <trkpt lat="33.610040000000005" lon="-116.15013">
    <ele>-43.38</ele>
   </trkpt>
   <trkpt lat="33.60998" lon="-116.15091000000001">
    <ele>-45.62</ele>
   </trkpt>
   <trkpt lat="33.60994" lon="-116.15113000000001">
    <ele>-46.12</ele>
   </trkpt>
   <trkpt lat="33.60987" lon="-116.15134">
    <ele>-47.120000000000005</ele>
   </trkpt>
   <trkpt lat="33.609770000000005" lon="-116.15148">
    <ele>-47.010000000000005</ele>
   </trkpt>
   <trkpt lat="33.609660000000005" lon="-116.15156">
    <ele>-47.05</ele>
   </trkpt>
   <trkpt lat="33.60952" lon="-116.15164000000001">
    <ele>-46.85</ele>
   </trkpt>
   <trkpt lat="33.60915" lon="-116.15172000000001">
    <ele>-43.24</ele>
   </trkpt>
   <trkpt lat="33.60882" lon="-116.15174">
    <ele>-44.15</ele>
   </trkpt>
   <trkpt lat="33.60797749999532" lon="-116.1517825012473">
    <ele>-43.38</ele>
   </trkpt>
   <trkpt lat="33.607134999976104" lon="-116.15182500166392">
    <ele>-46.96</ele>
   </trkpt>
   <trkpt lat="33.606292499942356" lon="-116.15186750124992">
    <ele>-47.330000000000005</ele>
   </trkpt>
   <trkpt lat="33.605450000000005" lon="-116.15191000000002">
    <ele>-45.15</ele>
   </trkpt>
   <trkpt lat="33.60528" lon="-116.15194000000001">
    <ele>-45.01</ele>
   </trkpt>
   <trkpt lat="33.60511" lon="-116.15202000000001">
    <ele>-45.02</ele>
   </trkpt>
   <trkpt lat="33.60493" lon="-116.15224">
    <ele>-47.260000000000005</ele>
   </trkpt>
   <trkpt lat="33.604890000000005" lon="-116.15238000000001">
    <ele>-46.92</ele>
   </trkpt>
   <trkpt lat="33.60488" lon="-116.15252000000001">
    <ele>-46.040000000000006</ele>
   </trkpt>
   <trkpt lat="33.604940000000006" lon="-116.15270000000001">
    <ele>-46.760000000000005</ele>
   </trkpt>
   <trkpt lat="33.605250000000005" lon="-116.15280000000001">
    <ele>-47.31</ele>
   </trkpt>
   <trkpt lat="33.605940000000004" lon="-116.15287000000001">
    <ele>-49.050000000000004</ele>
   </trkpt>
   <trkpt lat="33.60615" lon="-116.15286">
    <ele>-49.0</ele>
   </trkpt>
   <trkpt lat="33.606320000000004" lon="-116.15282">
    <ele>-49.0</ele>
   </trkpt>
   <trkpt lat="33.60696" lon="-116.15241">
    <ele>-46.830000000000005</ele>
   </trkpt>
   <trkpt lat="33.607060000000004" lon="-116.15238000000001">
    <ele>-46.830000000000005</ele>
   </trkpt>
   <trkpt lat="33.60678" lon="-116.15310000000001">
    <ele>-47.49</ele>
   </trkpt>
   <trkpt lat="33.606370000000005" lon="-116.15310000000001">
    <ele>-45.790000000000006</ele>
   </trkpt>
   <trkpt lat="33.60571" lon="-116.15319000000001">
    <ele>-45.6</ele>
   </trkpt>
   <trkpt lat="33.605650000000004" lon="-116.15323000000001">
    <ele>-45.31</ele>
   </trkpt>
   <trkpt lat="33.60557" lon="-116.15365000000001">
    <ele>-44.97</ele>
   </trkpt>
   <trkpt lat="33.605160000000005" lon="-116.15358">
    <ele>-45.17</ele>
   </trkpt>
   <trkpt lat="33.60466" lon="-116.15354">
    <ele>-44.76</ele>
   </trkpt>
   <trkpt lat="33.604420000000005" lon="-116.15350000000001">
    <ele>-44.58</ele>
   </trkpt>
   <trkpt lat="33.60425" lon="-116.15341000000001">
    <ele>-44.67</ele>
   </trkpt>
   <trkpt lat="33.604200000000006" lon="-116.15341000000001">
    <ele>-44.65</ele>
   </trkpt>
   <trkpt lat="33.604110000000006" lon="-116.15346000000001">
    <ele>-44.65</ele>
   </trkpt>
   <trkpt lat="33.60408" lon="-116.15357000000002">
    <ele>-44.54</ele>
   </trkpt>
   <trkpt lat="33.604110000000006" lon="-116.15378000000001">
    <ele>-44.54</ele>
   </trkpt>
   <trkpt lat="33.604120001753536" lon="-116.15444000000747">
    <ele>-45.12</ele>
   </trkpt>
   <trkpt lat="33.604130000000005" lon="-116.1551">
    <ele>-45.02</ele>
   </trkpt>
   <trkpt lat="33.60412500806509" lon="-116.15591750013664">
    <ele>-44.76</ele>
   </trkpt>
   <trkpt lat="33.604120010753476" lon="-116.15673500017853">
    <ele>-44.78</ele>
   </trkpt>
   <trkpt lat="33.604115008065165" lon="-116.15755250012563">
    <ele>-45.36000000000001</ele>
   </trkpt>
   <trkpt lat="33.604110000000006" lon="-116.15837">
    <ele>-44.83</ele>
   </trkpt>
   <trkpt lat="33.60407" lon="-116.15856000000001">
    <ele>-44.83</ele>
   </trkpt>
   <trkpt lat="33.603970000000004" lon="-116.15869">
    <ele>-44.54</ele>
   </trkpt>
   <trkpt lat="33.60387" lon="-116.15878000000001">
    <ele>-44.7</ele>
   </trkpt>
   <trkpt lat="33.603790000000004" lon="-116.15882">
    <ele>-44.7</ele>
   </trkpt>
   <trkpt lat="33.60317333339958" lon="-116.15882333338068">
    <ele>-45.15</ele>
   </trkpt>
   <trkpt lat="33.60255666679907" lon="-116.15882666671364">
    <ele>-45.19</ele>
   </trkpt>
   <trkpt lat="33.601940000000006" lon="-116.15883000000001">
    <ele>-44.08</ele>
   </trkpt>
   <trkpt lat="33.60255666660061" lon="-116.15882666671472">
    <ele>-45.19</ele>
   </trkpt>
   <trkpt lat="33.60317333320112" lon="-116.15882333338173">
    <ele>-45.15</ele>
   </trkpt>
   <trkpt lat="33.603790000000004" lon="-116.15882">
    <ele>-44.7</ele>
   </trkpt>
   <trkpt lat="33.60387" lon="-116.15878000000001">
    <ele>-44.7</ele>
   </trkpt>
   <trkpt lat="33.603970000000004" lon="-116.15869">
    <ele>-44.54</ele>
   </trkpt>
   <trkpt lat="33.60407" lon="-116.15856000000001">
    <ele>-44.83</ele>
   </trkpt>
   <trkpt lat="33.604110000000006" lon="-116.15837">
    <ele>-44.83</ele>
   </trkpt>
   <trkpt lat="33.60411500806502" lon="-116.15755250014782">
    <ele>-45.36000000000001</ele>
   </trkpt>
   <trkpt lat="33.604120010753334" lon="-116.15673500020073">
    <ele>-44.83</ele>
   </trkpt>
   <trkpt lat="33.604125008064955" lon="-116.15591750015881">
    <ele>-44.76</ele>
   </trkpt>
   <trkpt lat="33.604130000000005" lon="-116.1551">
    <ele>-45.02</ele>
   </trkpt>
   <trkpt lat="33.60412000175099" lon="-116.15443999983948">
    <ele>-45.12</ele>
   </trkpt>
   <trkpt lat="33.604110000000006" lon="-116.15378000000001">
    <ele>-44.54</ele>
   </trkpt>
   <trkpt lat="33.60416" lon="-116.15362">
    <ele>-44.51</ele>
   </trkpt>
   <trkpt lat="33.604220000000005" lon="-116.15354">
    <ele>-44.52</ele>
   </trkpt>
   <trkpt lat="33.60432" lon="-116.15350000000001">
    <ele>-44.52</ele>
   </trkpt>
   <trkpt lat="33.604420000000005" lon="-116.15350000000001">
    <ele>-44.58</ele>
   </trkpt>
   <trkpt lat="33.60466" lon="-116.15354">
    <ele>-44.76</ele>
   </trkpt>
   <trkpt lat="33.605160000000005" lon="-116.15358">
    <ele>-45.17</ele>
   </trkpt>
   <trkpt lat="33.60557" lon="-116.15365000000001">
    <ele>-44.97</ele>
   </trkpt>
   <trkpt lat="33.606390000000005" lon="-116.15384">
    <ele>-45.470000000000006</ele>
   </trkpt>
   <trkpt lat="33.60698" lon="-116.15389">
    <ele>-45.24</ele>
   </trkpt>
   <trkpt lat="33.60727" lon="-116.15389">
    <ele>-45.22</ele>
   </trkpt>
   <trkpt lat="33.60795" lon="-116.1538">
    <ele>-44.99</ele>
   </trkpt>
   <trkpt lat="33.6085749999828" lon="-116.1538299997815">
    <ele>-44.81</ele>
   </trkpt>
   <trkpt lat="33.6092" lon="-116.15386000000001">
    <ele>-44.76</ele>
   </trkpt>
   <trkpt lat="33.60965" lon="-116.15384">
    <ele>-44.74</ele>
   </trkpt>
   <trkpt lat="33.61009" lon="-116.1538">
    <ele>-44.67</ele>
   </trkpt>
   <trkpt lat="33.61056" lon="-116.1538">
    <ele>-44.54</ele>
   </trkpt>
   <trkpt lat="33.61093" lon="-116.1538">
    <ele>-44.01</ele>
   </trkpt>
   <trkpt lat="33.61151" lon="-116.15385">
    <ele>-43.72</ele>
   </trkpt>
   <trkpt lat="33.61191" lon="-116.15386000000001">
    <ele>-43.7</ele>
   </trkpt>
   <trkpt lat="33.61209" lon="-116.15384">
    <ele>-43.54</ele>
   </trkpt>
   <trkpt lat="33.612210000000005" lon="-116.15376">
    <ele>-43.31</ele>
   </trkpt>
   <trkpt lat="33.61231" lon="-116.15368000000001">
    <ele>-43.06</ele>
   </trkpt>
   <trkpt lat="33.61242" lon="-116.1538">
    <ele>-43.06</ele>
   </trkpt>
   <trkpt lat="33.612500000000004" lon="-116.15384">
    <ele>-43.02</ele>
   </trkpt>
   <trkpt lat="33.61258" lon="-116.15386000000001">
    <ele>-43.02</ele>
   </trkpt>
   <trkpt lat="33.612880000000004" lon="-116.15386000000001">
    <ele>-42.93</ele>
   </trkpt>
   <trkpt lat="33.61288503664412" lon="-116.15486599947346">
    <ele>-43.54</ele>
   </trkpt>
   <trkpt lat="33.61289006514511" lon="-116.15587199906442">
    <ele>-43.25</ele>
   </trkpt>
   <trkpt lat="33.61289508550296" lon="-116.15687799877263">
    <ele>-42.93</ele>
   </trkpt>
   <trkpt lat="33.612900097717684" lon="-116.15788399859797">
    <ele>-42.72</ele>
   </trkpt>
   <trkpt lat="33.61290510178927" lon="-116.15888999854016">
    <ele>-42.34</ele>
   </trkpt>
   <trkpt lat="33.6129100977177" lon="-116.15989599859911">
    <ele>-42.13</ele>
   </trkpt>
   <trkpt lat="33.61291508550299" lon="-116.16090199877458">
    <ele>-41.79</ele>
   </trkpt>
   <trkpt lat="33.61292006514514" lon="-116.16190799906634">
    <ele>-41.160000000000004</ele>
   </trkpt>
   <trkpt lat="33.61292503664414" lon="-116.16291399947428">
    <ele>-40.82</ele>
   </trkpt>
   <trkpt lat="33.612930000000006" lon="-116.16392">
    <ele>-40.400000000000006</ele>
   </trkpt>
   <trkpt lat="33.612927125562955" lon="-116.16493823584746">
    <ele>-40.230000000000004</ele>
   </trkpt>
   <trkpt lat="33.61292424278347" lon="-116.16595647162687">
    <ele>-40.050000000000004</ele>
   </trkpt>
   <trkpt lat="33.612921351661555" lon="-116.16697470733808">
    <ele>-39.64</ele>
   </trkpt>
   <trkpt lat="33.612918452197206" lon="-116.1679929429809">
    <ele>-39.21</ele>
   </trkpt>
   <trkpt lat="33.61291554439043" lon="-116.16901117855512">
    <ele>-38.78</ele>
   </trkpt>
   <trkpt lat="33.61291262824122" lon="-116.17002941406052">
    <ele>-38.71</ele>
   </trkpt>
   <trkpt lat="33.61290970374958" lon="-116.17104764949694">
    <ele>-38.32</ele>
   </trkpt>
   <trkpt lat="33.612906770915515" lon="-116.17206588486418">
    <ele>-37.94</ele>
   </trkpt>
   <trkpt lat="33.612903829739025" lon="-116.173084120162">
    <ele>-37.37</ele>
   </trkpt>
   <trkpt lat="33.61290088022011" lon="-116.17410235539022">
    <ele>-37.12</ele>
   </trkpt>
   <trkpt lat="33.61289792235877" lon="-116.17512059054869">
    <ele>-37.17</ele>
   </trkpt>
   <trkpt lat="33.612894956155" lon="-116.17613882563718">
    <ele>-36.71</ele>
   </trkpt>
   <trkpt lat="33.61289198160882" lon="-116.17715706065547">
    <ele>-36.65</ele>
   </trkpt>
   <trkpt lat="33.61288899872022" lon="-116.17817529560341">
    <ele>-36.37</ele>
   </trkpt>
   <trkpt lat="33.61288600748921" lon="-116.17919353048073">
    <ele>-36.03</ele>
   </trkpt>
   <trkpt lat="33.61288300791577" lon="-116.18021176528732">
    <ele>-35.49</ele>
   </trkpt>
   <trkpt lat="33.612880000000004" lon="-116.18123000000001">
    <ele>-34.95</ele>
   </trkpt>
   <trkpt lat="33.61288131901082" lon="-116.18229937476148">
    <ele>-35.13</ele>
   </trkpt>
   <trkpt lat="33.61288262882019" lon="-116.18336874955554">
    <ele>-34.92</ele>
   </trkpt>
   <trkpt lat="33.61288392942813" lon="-116.18443812438201">
    <ele>-34.58</ele>
   </trkpt>
   <trkpt lat="33.61288522083463" lon="-116.18550749924061">
    <ele>-34.29</ele>
   </trkpt>
   <trkpt lat="33.61288650303967" lon="-116.18657687413115">
    <ele>-33.93</ele>
   </trkpt>
   <trkpt lat="33.61288777604328" lon="-116.18764624905342">
    <ele>-33.72</ele>
   </trkpt>
   <trkpt lat="33.612889039845456" lon="-116.18871562400712">
    <ele>-33.410000000000004</ele>
   </trkpt>
   <trkpt lat="33.61289029444618" lon="-116.18978499899208">
    <ele>-32.29</ele>
   </trkpt>
   <trkpt lat="33.61289153984546" lon="-116.19085437400807">
    <ele>-31.61</ele>
   </trkpt>
   <trkpt lat="33.612892776043296" lon="-116.19192374905482">
    <ele>-31.46</ele>
   </trkpt>
   <trkpt lat="33.612894003039706" lon="-116.19299312413214">
    <ele>-31.39</ele>
   </trkpt>
   <trkpt lat="33.61289522083464" lon="-116.19406249923982">
    <ele>-31.46</ele>
   </trkpt>
   <trkpt lat="33.61289642942815" lon="-116.19513187437757">
    <ele>-31.5</ele>
   </trkpt>
   <trkpt lat="33.6128976288202" lon="-116.1962012495452">
    <ele>-31.48</ele>
   </trkpt>
   <trkpt lat="33.6128988190108" lon="-116.19727062474247">
    <ele>-30.85</ele>
   </trkpt>
   <trkpt lat="33.6129" lon="-116.19834000000002">
    <ele>-29.5</ele>
   </trkpt>
   <trkpt lat="33.612880000000004" lon="-116.19857">
    <ele>-28.93</ele>
   </trkpt>
   <trkpt lat="33.61375520000142" lon="-116.19857239941503">
    <ele>-29.34</ele>
   </trkpt>
   <trkpt lat="33.614630400002795" lon="-116.19857479887878">
    <ele>-29.51</ele>
   </trkpt>
   <trkpt lat="33.61550560000412" lon="-116.19857719839126">
    <ele>-29.0</ele>
   </trkpt>
   <trkpt lat="33.616380800005395" lon="-116.19857959795247">
    <ele>-28.51</ele>
   </trkpt>
   <trkpt lat="33.61725600000663" lon="-116.19858199756244">
    <ele>-28.39</ele>
   </trkpt>
   <trkpt lat="33.61813120000782" lon="-116.19858439722113">
    <ele>-28.040000000000003</ele>
   </trkpt>
   <trkpt lat="33.61900640000895" lon="-116.19858679692857">
    <ele>-27.91</ele>
   </trkpt>
   <trkpt lat="33.619881600010046" lon="-116.19858919668472">
    <ele>-27.83</ele>
   </trkpt>
   <trkpt lat="33.620756800011094" lon="-116.19859159648965">
    <ele>-27.87</ele>
   </trkpt>
   <trkpt lat="33.6216320000121" lon="-116.19859399634333">
    <ele>-27.610000000000003</ele>
   </trkpt>
   <trkpt lat="33.62250720001306" lon="-116.19859639624576">
    <ele>-27.470000000000002</ele>
   </trkpt>
   <trkpt lat="33.62338240001396" lon="-116.19859879619692">
    <ele>-27.540000000000003</ele>
   </trkpt>
   <trkpt lat="33.62425760001482" lon="-116.19860119619685">
    <ele>-27.71</ele>
   </trkpt>
   <trkpt lat="33.625132800015635" lon="-116.19860359624555">
    <ele>-27.970000000000002</ele>
   </trkpt>
   <trkpt lat="33.62600800001641" lon="-116.198605996343">
    <ele>-28.220000000000002</ele>
   </trkpt>
   <trkpt lat="33.62688320001713" lon="-116.19860839648923">
    <ele>-28.220000000000002</ele>
   </trkpt>
   <trkpt lat="33.627758400017804" lon="-116.19861079668422">
    <ele>-27.57</ele>
   </trkpt>
   <trkpt lat="33.62863360001844" lon="-116.19861319692797">
    <ele>-27.71</ele>
   </trkpt>
   <trkpt lat="33.62950880001902" lon="-116.19861559722051">
    <ele>-27.46</ele>
   </trkpt>
   <trkpt lat="33.63038400001956" lon="-116.19861799756181">
    <ele>-27.28</ele>
   </trkpt>
   <trkpt lat="33.631259200020054" lon="-116.1986203979519">
    <ele>-27.06</ele>
   </trkpt>
   <trkpt lat="33.6321344000205" lon="-116.19862279839077">
    <ele>-26.78</ele>
   </trkpt>
   <trkpt lat="33.63300960002089" lon="-116.1986251988784">
    <ele>-26.53</ele>
   </trkpt>
   <trkpt lat="33.63388480002124" lon="-116.19862759941483">
    <ele>-26.430000000000003</ele>
   </trkpt>
   <trkpt lat="33.63476" lon="-116.19863000000001">
    <ele>-26.35</ele>
   </trkpt>
   <trkpt lat="33.63554625000039" lon="-116.19862750015976">
    <ele>-26.28</ele>
   </trkpt>
   <trkpt lat="33.63633250000071" lon="-116.19862500027392">
    <ele>-26.19</ele>
   </trkpt>
   <trkpt lat="33.637118750000994" lon="-116.19862250034238">
    <ele>-26.17</ele>
   </trkpt>
   <trkpt lat="33.63790500000121" lon="-116.19862000036522">
    <ele>-26.0</ele>
   </trkpt>
   <trkpt lat="33.6386912500014" lon="-116.1986175003424">
    <ele>-25.69</ele>
   </trkpt>
   <trkpt lat="33.63947750000153" lon="-116.19861500027392">
    <ele>-25.09</ele>
   </trkpt>
   <trkpt lat="33.64026375000161" lon="-116.19861250015978">
    <ele>-24.73</ele>
   </trkpt>
   <trkpt lat="33.64105" lon="-116.19861000000002">
    <ele>-24.6</ele>
   </trkpt>
   <trkpt lat="33.64153500021861" lon="-116.19862499992229">
    <ele>-24.77</ele>
   </trkpt>
   <trkpt lat="33.64202" lon="-116.19864000000001">
    <ele>-24.3</ele>
   </trkpt>
   <trkpt lat="33.64275000000086" lon="-116.19867399884603">
    <ele>-24.240000000000002</ele>
   </trkpt>
   <trkpt lat="33.643479999992394" lon="-116.1987079982686">
    <ele>-24.150000000000002</ele>
   </trkpt>
   <trkpt lat="33.64420999997462" lon="-116.19874199826776">
    <ele>-23.74</ele>
   </trkpt>
   <trkpt lat="33.64493999994755" lon="-116.19877599884349">
    <ele>-23.24</ele>
   </trkpt>
   <trkpt lat="33.64567" lon="-116.19881000000001">
    <ele>-23.110000000000003</ele>
   </trkpt>
   <trkpt lat="33.64639600003255" lon="-116.19883999898872">
    <ele>-22.85</ele>
   </trkpt>
   <trkpt lat="33.64712200005785" lon="-116.19886999848342">
    <ele>-22.680000000000003</ele>
   </trkpt>
   <trkpt lat="33.64784800007591" lon="-116.19889999848414">
    <ele>-22.47</ele>
   </trkpt>
   <trkpt lat="33.64857400008672" lon="-116.1989299989909">
    <ele>-22.17</ele>
   </trkpt>
   <trkpt lat="33.649300000000004" lon="-116.19896000000001">
    <ele>-21.92</ele>
   </trkpt>
   <trkpt lat="33.649308919118674" lon="-116.1999288880865">
    <ele>-22.94</ele>
   </trkpt>
   <trkpt lat="33.64931783067991" lon="-116.20089777637374">
    <ele>-23.96</ele>
   </trkpt>
   <trkpt lat="33.6493267346837" lon="-116.20186666486148">
    <ele>-23.71</ele>
   </trkpt>
   <trkpt lat="33.649335631130036" lon="-116.2028355535496">
    <ele>-23.14</ele>
   </trkpt>
   <trkpt lat="33.64934452001892" lon="-116.2038044424379">
    <ele>-21.92</ele>
   </trkpt>
   <trkpt lat="33.64935340135036" lon="-116.20477333152623">
    <ele>-20.59</ele>
   </trkpt>
   <trkpt lat="33.64936227512434" lon="-116.20574222081441">
    <ele>-19.71</ele>
   </trkpt>
   <trkpt lat="33.64937114134086" lon="-116.2067111103023">
    <ele>-19.22</ele>
   </trkpt>
   <trkpt lat="33.64938" lon="-116.20768000000001">
    <ele>-19.41</ele>
   </trkpt>
   <trkpt lat="33.650178888910226" lon="-116.20770888674356">
    <ele>-19.560000000000002</ele>
   </trkpt>
   <trkpt lat="33.65097777781374" lon="-116.2077377740233">
    <ele>-19.37</ele>
   </trkpt>
   <trkpt lat="33.65177666671054" lon="-116.20776666183932">
    <ele>-19.290000000000003</ele>
   </trkpt>
   <trkpt lat="33.65257555560061" lon="-116.20779555019162">
    <ele>-18.94</ele>
   </trkpt>
   <trkpt lat="33.65337444448397" lon="-116.2078244390802">
    <ele>-18.79</ele>
   </trkpt>
   <trkpt lat="33.65417333336061" lon="-116.20785332850515">
    <ele>-18.8</ele>
   </trkpt>
   <trkpt lat="33.654972222230526" lon="-116.20788221846645">
    <ele>-18.520000000000003</ele>
   </trkpt>
   <trkpt lat="33.65577111109372" lon="-116.20791110896411">
    <ele>-18.47</ele>
   </trkpt>
   <trkpt lat="33.65657" lon="-116.20794000000001">
    <ele>-17.77</ele>
   </trkpt>
   <trkpt lat="33.65657558565004" lon="-116.20890666616774">
    <ele>-17.7</ele>
   </trkpt>
   <trkpt lat="33.656581163776465" lon="-116.20987333246089">
    <ele>-17.26</ele>
   </trkpt>
   <trkpt lat="33.65658673437928" lon="-116.21083999887928">
    <ele>-16.349999999999998</ele>
   </trkpt>
   <trkpt lat="33.65659229745847" lon="-116.21180666542277">
    <ele>-15.73</ele>
   </trkpt>
   <trkpt lat="33.65659785301404" lon="-116.21277333209113">
    <ele>-15.73</ele>
   </trkpt>
   <trkpt lat="33.65660340104599" lon="-116.21373999888422">
    <ele>-15.64</ele>
   </trkpt>
   <trkpt lat="33.65660894155431" lon="-116.21470666580188">
    <ele>-15.14</ele>
   </trkpt>
   <trkpt lat="33.656614474539" lon="-116.21567333284393">
    <ele>-15.02</ele>
   </trkpt>
   <trkpt lat="33.656620000000004" lon="-116.21664000000001">
    <ele>-14.200000000000001</ele>
   </trkpt>
   <trkpt lat="33.65662065594651" lon="-116.21766529400269">
    <ele>-14.370000000000001</ele>
   </trkpt>
   <trkpt lat="33.6566213034291" lon="-116.21869058802088">
    <ele>-13.520000000000001</ele>
   </trkpt>
   <trkpt lat="33.65662194244781" lon="-116.21971588205439">
    <ele>-12.41</ele>
   </trkpt>
   <trkpt lat="33.656622573002615" lon="-116.22074117610305">
    <ele>-11.91</ele>
   </trkpt>
   <trkpt lat="33.65662319509351" lon="-116.22176647016661">
    <ele>-11.62</ele>
   </trkpt>
   <trkpt lat="33.65662380872052" lon="-116.22279176424492">
    <ele>-11.61</ele>
   </trkpt>
   <trkpt lat="33.65662441388362" lon="-116.22381705833773">
    <ele>-11.56</ele>
   </trkpt>
   <trkpt lat="33.65662501058282" lon="-116.22484235244488">
    <ele>-11.62</ele>
   </trkpt>
   <trkpt lat="33.65662559881811" lon="-116.22586764656613">
    <ele>-11.430000000000001</ele>
   </trkpt>
   <trkpt lat="33.65662617858951" lon="-116.2268929407013">
    <ele>-11.0</ele>
   </trkpt>
   <trkpt lat="33.65662674989701" lon="-116.22791823485018">
    <ele>-10.75</ele>
   </trkpt>
   <trkpt lat="33.656627312740596" lon="-116.22894352901258">
    <ele>-10.280000000000001</ele>
   </trkpt>
   <trkpt lat="33.656627867120285" lon="-116.22996882318829">
    <ele>-9.1</ele>
   </trkpt>
   <trkpt lat="33.656628413036074" lon="-116.23099411737711">
    <ele>-8.55</ele>
   </trkpt>
   <trkpt lat="33.65662895048795" lon="-116.23201941157886">
    <ele>-8.17</ele>
   </trkpt>
   <trkpt lat="33.65662947947594" lon="-116.23304470579328">
    <ele>-7.87</ele>
   </trkpt>
   <trkpt lat="33.65663" lon="-116.23407">
    <ele>-7.140000000000001</ele>
   </trkpt>
   <trkpt lat="33.65662333928805" lon="-116.23493000014975">
    <ele>-7.17</ele>
   </trkpt>
   <trkpt lat="33.656616672621254" lon="-116.23579000016629">
    <ele>-7.0600000000000005</ele>
   </trkpt>
   <trkpt lat="33.65661" lon="-116.23665000000001">
    <ele>-6.74</ele>
   </trkpt>
   <trkpt lat="33.656608354002316" lon="-116.23766333340869">
    <ele>-6.19</ele>
   </trkpt>
   <trkpt lat="33.65660669973705" lon="-116.2386766667785">
    <ele>-5.760000000000001</ele>
   </trkpt>
   <trkpt lat="33.6566050372042" lon="-116.23969000010928">
    <ele>-5.670000000000001</ele>
   </trkpt>
   <trkpt lat="33.656603366403786" lon="-116.24070333340079">
    <ele>-5.12</ele>
   </trkpt>
   <trkpt lat="33.6566016873358" lon="-116.24171666665285">
    <ele>-4.79</ele>
   </trkpt>
   <trkpt lat="33.656600000000005" lon="-116.24273000000001">
    <ele>-4.4</ele>
   </trkpt>
   <trkpt lat="33.65659333762421" lon="-116.24346000008467">
    <ele>-3.73</ele>
   </trkpt>
   <trkpt lat="33.6565866709578" lon="-116.24419000005629">
    <ele>-3.36</ele>
   </trkpt>
   <trkpt lat="33.656580000000005" lon="-116.24492000000001">
    <ele>-3.16</ele>
   </trkpt>
   <trkpt lat="33.65658500945902" lon="-116.24580499982538">
    <ele>-2.95</ele>
   </trkpt>
   <trkpt lat="33.65659001261195" lon="-116.24668999975374">
    <ele>-2.2600000000000002</ele>
   </trkpt>
   <trkpt lat="33.65659500945879" lon="-116.24757499978492">
    <ele>-1.97</ele>
   </trkpt>
   <trkpt lat="33.656600000000005" lon="-116.24846000000001">
    <ele>-1.84</ele>
   </trkpt>
   <trkpt lat="33.65659334024693" lon="-116.24938666684818">
    <ele>-2.0</ele>
   </trkpt>
   <trkpt lat="33.65658667357998" lon="-116.25031333355284">
    <ele>-2.0300000000000002</ele>
   </trkpt>
   <trkpt lat="33.656580000000005" lon="-116.25124000000001">
    <ele>-1.58</ele>
   </trkpt>
   <trkpt lat="33.656580000000005" lon="-116.25125000000001">
    <ele>-1.58</ele>
   </trkpt>
   <trkpt lat="33.657000000000004" lon="-116.25119000000001">
    <ele>-2.4899999999999998</ele>
   </trkpt>
   <trkpt lat="33.6573" lon="-116.25113">
    <ele>-2.9800000000000004</ele>
   </trkpt>
   <trkpt lat="33.657540000000004" lon="-116.251">
    <ele>-2.9899999999999998</ele>
   </trkpt>
   <trkpt lat="33.657790000000006" lon="-116.25086">
    <ele>-2.66</ele>
   </trkpt>
   <trkpt lat="33.65837500082296" lon="-116.25044000277447">
    <ele>-1.37</ele>
   </trkpt>
   <trkpt lat="33.65896" lon="-116.25002">
    <ele>-0.84</ele>
   </trkpt>
   <trkpt lat="33.65928" lon="-116.24989000000001">
    <ele>-0.4</ele>
   </trkpt>
   <trkpt lat="33.65981" lon="-116.24976000000001">
    <ele>0.04</ele>
   </trkpt>
   <trkpt lat="33.66019" lon="-116.24974">
    <ele>0.04</ele>
   </trkpt>
   <trkpt lat="33.66097999994471" lon="-116.24976499976862">
    <ele>-0.09000000000000001</ele>
   </trkpt>
   <trkpt lat="33.661770000000004" lon="-116.24979">
    <ele>-0.11</ele>
   </trkpt>
   <trkpt lat="33.662000000000006" lon="-116.24980000000001">
    <ele>0.030000000000000002</ele>
   </trkpt>
   <trkpt lat="33.6625350000091" lon="-116.24993499914427">
    <ele>0.18000000000000002</ele>
   </trkpt>
   <trkpt lat="33.663070000000005" lon="-116.25007000000001">
    <ele>0.11</ele>
   </trkpt>
   <trkpt lat="33.663320000000006" lon="-116.2501">
    <ele>0.11</ele>
   </trkpt>
   <trkpt lat="33.66355" lon="-116.2501">
    <ele>0.25</ele>
   </trkpt>
   <trkpt lat="33.66436999999582" lon="-116.25001000086192">
    <ele>1.01</ele>
   </trkpt>
   <trkpt lat="33.66519" lon="-116.24992">
    <ele>1.6</ele>
   </trkpt>
   <trkpt lat="33.665600000000005" lon="-116.24992">
    <ele>1.7000000000000002</ele>
   </trkpt>
   <trkpt lat="33.665940000000006" lon="-116.24993">
    <ele>1.58</ele>
   </trkpt>
   <trkpt lat="33.666720000000005" lon="-116.2501">
    <ele>0.63</ele>
   </trkpt>
   <trkpt lat="33.66709" lon="-116.25024">
    <ele>0.39</ele>
   </trkpt>
   <trkpt lat="33.667860000000005" lon="-116.25065000000001">
    <ele>1.06</ele>
   </trkpt>
   <trkpt lat="33.66818" lon="-116.25082">
    <ele>1.4800000000000002</ele>
   </trkpt>
   <trkpt lat="33.66854" lon="-116.25099000000002">
    <ele>1.76</ele>
   </trkpt>
   <trkpt lat="33.66924" lon="-116.25118">
    <ele>2.0</ele>
   </trkpt>
   <trkpt lat="33.669850000000004" lon="-116.25123">
    <ele>2.65</ele>
   </trkpt>
   <trkpt lat="33.67072" lon="-116.25127">
    <ele>3.73</ele>
   </trkpt>
   <trkpt lat="33.67094" lon="-116.25131">
    <ele>3.72</ele>
   </trkpt>
   <trkpt lat="33.670950000000005" lon="-116.25131">
    <ele>3.72</ele>
   </trkpt>
   <trkpt lat="33.670700000000004" lon="-116.2514">
    <ele>2.85</ele>
   </trkpt>
   <trkpt lat="33.669850000000004" lon="-116.25137000000001">
    <ele>1.61</ele>
   </trkpt>
   <trkpt lat="33.669230000000006" lon="-116.25131">
    <ele>1.08</ele>
   </trkpt>
   <trkpt lat="33.668510000000005" lon="-116.25113">
    <ele>0.56</ele>
   </trkpt>
   <trkpt lat="33.66814" lon="-116.25095">
    <ele>0.4</ele>
   </trkpt>
   <trkpt lat="33.667595000441366" lon="-116.25065999821724">
    <ele>-0.04</ele>
   </trkpt>
   <trkpt lat="33.66705" lon="-116.25037">
    <ele>-0.84</ele>
   </trkpt>
   <trkpt lat="33.66668" lon="-116.25024">
    <ele>-0.79</ele>
   </trkpt>
   <trkpt lat="33.66593" lon="-116.25007000000001">
    <ele>0.060000000000000005</ele>
   </trkpt>
   <trkpt lat="33.665200000000006" lon="-116.25006">
    <ele>0.81</ele>
   </trkpt>
   <trkpt lat="33.66437999995842" lon="-116.250150000866">
    <ele>0.44</ele>
   </trkpt>
   <trkpt lat="33.663560000000004" lon="-116.25024">
    <ele>-0.04</ele>
   </trkpt>
   <trkpt lat="33.663320000000006" lon="-116.25024">
    <ele>-0.04</ele>
   </trkpt>
   <trkpt lat="33.663070000000005" lon="-116.25023000000002">
    <ele>0.08</ele>
   </trkpt>
   <trkpt lat="33.662760000000006" lon="-116.25015">
    <ele>-0.02</ele>
   </trkpt>
   <trkpt lat="33.66226" lon="-116.25001">
    <ele>-0.58</ele>
   </trkpt>
   <trkpt lat="33.66172" lon="-116.24992">
    <ele>-0.93</ele>
   </trkpt>
   <trkpt lat="33.66086499997469" lon="-116.2499049998505">
    <ele>-0.32</ele>
   </trkpt>
   <trkpt lat="33.66001" lon="-116.24989000000001">
    <ele>-0.71</ele>
   </trkpt>
   <trkpt lat="33.65957" lon="-116.24996000000002">
    <ele>-1.01</ele>
   </trkpt>
   <trkpt lat="33.659310000000005" lon="-116.25002">
    <ele>-1.01</ele>
   </trkpt>
   <trkpt lat="33.659020000000005" lon="-116.25016000000001">
    <ele>-1.58</ele>
   </trkpt>
   <trkpt lat="33.65843500071957" lon="-116.2505800028487">
    <ele>-1.7000000000000002</ele>
   </trkpt>
   <trkpt lat="33.65785" lon="-116.251">
    <ele>-1.84</ele>
   </trkpt>
   <trkpt lat="33.6576" lon="-116.25115000000001">
    <ele>-1.84</ele>
   </trkpt>
   <trkpt lat="33.657340000000005" lon="-116.25127">
    <ele>-2.0100000000000002</ele>
   </trkpt>
   <trkpt lat="33.657030000000006" lon="-116.25136">
    <ele>-1.87</ele>
   </trkpt>
   <trkpt lat="33.65672" lon="-116.2514">
    <ele>-1.33</ele>
   </trkpt>
   <trkpt lat="33.656580000000005" lon="-116.2514">
    <ele>-1.5</ele>
   </trkpt>
   <trkpt lat="33.656620000000004" lon="-116.25153">
    <ele>-1.67</ele>
   </trkpt>
   <trkpt lat="33.65661472848845" lon="-116.25257733424137">
    <ele>-2.25</ele>
   </trkpt>
   <trkpt lat="33.65660944814519" lon="-116.25362466835433">
    <ele>-1.84</ele>
   </trkpt>
   <trkpt lat="33.65660415897025" lon="-116.25467200233864">
    <ele>-1.67</ele>
   </trkpt>
   <trkpt lat="33.65659886096362" lon="-116.25571933619412">
    <ele>-1.29</ele>
   </trkpt>
   <trkpt lat="33.656593554125294" lon="-116.25676666992051">
    <ele>-0.84</ele>
   </trkpt>
   <trkpt lat="33.656588238455285" lon="-116.25781400351762">
    <ele>-0.63</ele>
   </trkpt>
   <trkpt lat="33.65658291395358" lon="-116.25886133698522">
    <ele>-0.08</ele>
   </trkpt>
   <trkpt lat="33.65657758062021" lon="-116.25990867032311">
    <ele>0.08</ele>
   </trkpt>
   <trkpt lat="33.65657223845517" lon="-116.26095600353108">
    <ele>0.44</ele>
   </trkpt>
   <trkpt lat="33.65656688745843" lon="-116.26200333660888">
    <ele>0.65</ele>
   </trkpt>
   <trkpt lat="33.65656152763004" lon="-116.26305066955635">
    <ele>0.77</ele>
   </trkpt>
   <trkpt lat="33.656556158969984" lon="-116.26409800237326">
    <ele>0.77</ele>
   </trkpt>
   <trkpt lat="33.656550781478245" lon="-116.26514533505933">
    <ele>1.0</ele>
   </trkpt>
   <trkpt lat="33.656545395154865" lon="-116.26619266761443">
    <ele>1.3200000000000003</ele>
   </trkpt>
   <trkpt lat="33.65654" lon="-116.26724000000002">
    <ele>1.7300000000000002</ele>
   </trkpt>
   <trkpt lat="33.65654" lon="-116.26778000000002">
    <ele>2.14</ele>
   </trkpt>
   <trkpt lat="33.656470000000006" lon="-116.26793">
    <ele>2.14</ele>
   </trkpt>
   <trkpt lat="33.656470000000006" lon="-116.26809000000002">
    <ele>2.39</ele>
   </trkpt>
   <trkpt lat="33.657331428609474" lon="-116.26812999759731">
    <ele>3.0500000000000003</ele>
   </trkpt>
   <trkpt lat="33.65819285720606" lon="-116.26816999599545">
    <ele>2.6400000000000006</ele>
   </trkpt>
   <trkpt lat="33.65905428578976" lon="-116.26820999519443">
    <ele>2.73</ele>
   </trkpt>
   <trkpt lat="33.65991571436058" lon="-116.26824999519431">
    <ele>3.19</ele>
   </trkpt>
   <trkpt lat="33.66077714291851" lon="-116.26828999599513">
    <ele>3.5700000000000003</ele>
   </trkpt>
   <trkpt lat="33.66163857146356" lon="-116.26832999759696">
    <ele>4.07</ele>
   </trkpt>
   <trkpt lat="33.6625" lon="-116.26837">
    <ele>3.93</ele>
   </trkpt>
   <trkpt lat="33.662870000000005" lon="-116.26842">
    <ele>4.03</ele>
   </trkpt>
   <trkpt lat="33.663450000000005" lon="-116.2686">
    <ele>4.7700000000000005</ele>
   </trkpt>
   <trkpt lat="33.663500000000006" lon="-116.26863000000002">
    <ele>4.7700000000000005</ele>
   </trkpt>
   <trkpt lat="33.663560000000004" lon="-116.26877">
    <ele>4.87</ele>
   </trkpt>
   <trkpt lat="33.66357" lon="-116.26904">
    <ele>5.0200000000000005</ele>
   </trkpt>
   <trkpt lat="33.6636" lon="-116.26912000000002">
    <ele>5.17</ele>
   </trkpt>
   <trkpt lat="33.66357" lon="-116.26944">
    <ele>4.59</ele>
   </trkpt>
   <trkpt lat="33.66349" lon="-116.26985">
    <ele>4.2700000000000005</ele>
   </trkpt>
   <trkpt lat="33.66346" lon="-116.27029">
    <ele>4.3</ele>
   </trkpt>
   <trkpt lat="33.663470000000004" lon="-116.27061">
    <ele>4.34</ele>
   </trkpt>
   <trkpt lat="33.663520000000005" lon="-116.27092">
    <ele>4.7</ele>
   </trkpt>
   <trkpt lat="33.663610000000006" lon="-116.27123">
    <ele>4.7</ele>
   </trkpt>
   <trkpt lat="33.663740000000004" lon="-116.27155">
    <ele>4.87</ele>
   </trkpt>
   <trkpt lat="33.664" lon="-116.27204">
    <ele>5.08</ele>
   </trkpt>
   <trkpt lat="33.664550000000006" lon="-116.27275000000002">
    <ele>5.73</ele>
   </trkpt>
   <trkpt lat="33.66483" lon="-116.27298">
    <ele>6.12</ele>
   </trkpt>
   <trkpt lat="33.66516" lon="-116.27321">
    <ele>6.21</ele>
   </trkpt>
   <trkpt lat="33.66566" lon="-116.27352">
    <ele>6.46</ele>
   </trkpt>
   <trkpt lat="33.66606" lon="-116.2737">
    <ele>6.970000000000001</ele>
   </trkpt>
   <trkpt lat="33.66687" lon="-116.27401">
    <ele>7.86</ele>
   </trkpt>
   <trkpt lat="33.667190000000005" lon="-116.27419">
    <ele>8.3</ele>
   </trkpt>
  </trkseg>
 </trk>
</gpx>
