<?xml version="1.0" encoding="UTF-8"?>
<gpx creator="StravaGPX" version="1.1" xmlns="http://www.topografix.com/GPX/1/1" xmlns:xsi="http://www.w3.org/2001/XMLSchema-instance" xsi:schemaLocation="http://www.topografix.com/GPX/1/1 http://www.topografix.com/GPX/1/1/gpx.xsd">
 <metadata>
  <name>Athletic Brewing IRONMAN 70.3 Oceanside - ZOOT Bike Course</name>
  <author>
   <name>IRONMAN North America Admin</name>
   <link href="https://www.strava.com/athletes/152522621"/>
  </author>
  <copyright author="OpenStreetMap contributors">
   <year>2020</year>
   <license>https://www.openstreetmap.org/copyright</license>
  </copyright>
  <link href="https://www.strava.com/routes/3342949853989132642"/>
 </metadata>
 <trk>
  <name>Athletic Brewing IRONMAN 70.3 Oceanside - ZOOT Bike Course</name>
  <link href="https://www.strava.com/routes/3342949853989132642"/>
  <type>cycling</type>
  <trkseg>
   <trkpt lat="33.20468" lon="-117.39311000000001">
    <ele>4.6000000000000005</ele>
   </trkpt>
   <trkpt lat="33.2041933353408" lon="-117.39259999425357">
    <ele>4.57</ele>
   </trkpt>
   <trkpt lat="33.20370666860148" lon="-117.39208999417752">
    <ele>4.410000000000001</ele>
   </trkpt>
   <trkpt lat="33.20322" lon="-117.39158">
    <ele>4.16</ele>
   </trkpt>
   <trkpt lat="33.20375333915131" lon="-117.39073001029297">
    <ele>4.17</ele>
   </trkpt>
   <trkpt lat="33.20428667252468" lon="-117.38988001022935">
    <ele>5.55</ele>
   </trkpt>
   <trkpt lat="33.204820000000005" lon="-117.38903">
    <ele>2.9600000000000004</ele>
   </trkpt>
   <trkpt lat="33.204890000000006" lon="-117.38894">
    <ele>2.9600000000000004</ele>
   </trkpt>
   <trkpt lat="33.20505" lon="-117.38889">
    <ele>2.9200000000000004</ele>
   </trkpt>
   <trkpt lat="33.205690000000004" lon="-117.38904000000001">
    <ele>3.17</ele>
   </trkpt>
   <trkpt lat="33.20649" lon="-117.38926000000001">
    <ele>3.17</ele>
   </trkpt>
   <trkpt lat="33.2066" lon="-117.38931000000001">
    <ele>3.17</ele>
   </trkpt>
   <trkpt lat="33.20669" lon="-117.38939">
    <ele>3.3200000000000003</ele>
   </trkpt>
   <trkpt lat="33.20691" lon="-117.38972000000001">
    <ele>3.89</ele>
   </trkpt>
   <trkpt lat="33.207150000000006" lon="-117.39015">
    <ele>7.08</ele>
   </trkpt>
   <trkpt lat="33.207240000000006" lon="-117.39025000000001">
    <ele>8.64</ele>
   </trkpt>
   <trkpt lat="33.20787" lon="-117.39045000000002">
    <ele>16.14</ele>
   </trkpt>
   <trkpt lat="33.2083350000309" lon="-117.39056499938364">
    <ele>15.74</ele>
   </trkpt>
   <trkpt lat="33.208800000000004" lon="-117.39068">
    <ele>15.61</ele>
   </trkpt>
   <trkpt lat="33.20899" lon="-117.39064">
    <ele>15.39</ele>
   </trkpt>
   <trkpt lat="33.209500000000006" lon="-117.39025000000001">
    <ele>14.950000000000001</ele>
   </trkpt>
   <trkpt lat="33.20975" lon="-117.39020000000001">
    <ele>14.83</ele>
   </trkpt>
   <trkpt lat="33.20996" lon="-117.39024">
    <ele>14.49</ele>
   </trkpt>
   <trkpt lat="33.210790000358436" lon="-117.39044332948353">
    <ele>14.05</ele>
   </trkpt>
   <trkpt lat="33.211620000386205" lon="-117.39064666282358">
    <ele>15.46</ele>
   </trkpt>
   <trkpt lat="33.212450000000004" lon="-117.39085000000001">
    <ele>15.96</ele>
   </trkpt>
   <trkpt lat="33.213119999842775" lon="-117.39100499875474">
    <ele>16.220000000000002</ele>
   </trkpt>
   <trkpt lat="33.21379" lon="-117.39116000000001">
    <ele>16.43</ele>
   </trkpt>
   <trkpt lat="33.21448000001671" lon="-117.39133999855127">
    <ele>15.9</ele>
   </trkpt>
   <trkpt lat="33.21517" lon="-117.39152000000001">
    <ele>15.690000000000003</ele>
   </trkpt>
   <trkpt lat="33.21538" lon="-117.39158">
    <ele>15.88</ele>
   </trkpt>
   <trkpt lat="33.21556" lon="-117.39168000000001">
    <ele>15.99</ele>
   </trkpt>
   <trkpt lat="33.21591500093325" lon="-117.39218499782794">
    <ele>17.37</ele>
   </trkpt>
   <trkpt lat="33.21627" lon="-117.39269000000002">
    <ele>17.990000000000002</ele>
   </trkpt>
   <trkpt lat="33.2169" lon="-117.39313000000001">
    <ele>18.320000000000004</ele>
   </trkpt>
   <trkpt lat="33.21743" lon="-117.39341">
    <ele>18.8</ele>
   </trkpt>
   <trkpt lat="33.217560000000006" lon="-117.39346">
    <ele>19.020000000000003</ele>
   </trkpt>
   <trkpt lat="33.218085000119714" lon="-117.39356999935494">
    <ele>19.44</ele>
   </trkpt>
   <trkpt lat="33.218610000000005" lon="-117.39368">
    <ele>20.26</ele>
   </trkpt>
   <trkpt lat="33.21882" lon="-117.39369">
    <ele>20.26</ele>
   </trkpt>
   <trkpt lat="33.21951499989101" lon="-117.39377499930794">
    <ele>20.360000000000003</ele>
   </trkpt>
   <trkpt lat="33.22021" lon="-117.39386">
    <ele>19.83</ele>
   </trkpt>
   <trkpt lat="33.22052" lon="-117.39391">
    <ele>20.03</ele>
   </trkpt>
   <trkpt lat="33.220650000000006" lon="-117.39395">
    <ele>20.03</ele>
   </trkpt>
   <trkpt lat="33.22081" lon="-117.39408000000002">
    <ele>20.09</ele>
   </trkpt>
   <trkpt lat="33.221140000000005" lon="-117.39445">
    <ele>20.37</ele>
   </trkpt>
   <trkpt lat="33.221540000000005" lon="-117.39435">
    <ele>19.69</ele>
   </trkpt>
   <trkpt lat="33.221650000000004" lon="-117.39370000000001">
    <ele>19.669999999999998</ele>
   </trkpt>
   <trkpt lat="33.22091000006126" lon="-117.3936033316963">
    <ele>18.96</ele>
   </trkpt>
   <trkpt lat="33.220170000047744" lon="-117.39350666502789">
    <ele>18.400000000000002</ele>
   </trkpt>
   <trkpt lat="33.21943" lon="-117.39341">
    <ele>18.6</ele>
   </trkpt>
   <trkpt lat="33.21892499985727" lon="-117.39331999944933">
    <ele>19.32</ele>
   </trkpt>
   <trkpt lat="33.21842" lon="-117.39323">
    <ele>20.52</ele>
   </trkpt>
   <trkpt lat="33.218090000000004" lon="-117.3931">
    <ele>21.79</ele>
   </trkpt>
   <trkpt lat="33.217800000000004" lon="-117.39296000000002">
    <ele>23.75</ele>
   </trkpt>
   <trkpt lat="33.21746" lon="-117.39274">
    <ele>25.0</ele>
   </trkpt>
   <trkpt lat="33.2171" lon="-117.39239">
    <ele>26.62</ele>
   </trkpt>
   <trkpt lat="33.216860000000004" lon="-117.39212">
    <ele>27.070000000000004</ele>
   </trkpt>
   <trkpt lat="33.21640500129736" lon="-117.39153499686638">
    <ele>26.88</ele>
   </trkpt>
   <trkpt lat="33.21595" lon="-117.39095">
    <ele>26.46</ele>
   </trkpt>
   <trkpt lat="33.215830000000004" lon="-117.39077">
    <ele>26.520000000000003</ele>
   </trkpt>
   <trkpt lat="33.21573" lon="-117.39055">
    <ele>26.520000000000003</ele>
   </trkpt>
   <trkpt lat="33.21564" lon="-117.39023">
    <ele>26.87</ele>
   </trkpt>
   <trkpt lat="33.215610000000005" lon="-117.38997">
    <ele>27.020000000000003</ele>
   </trkpt>
   <trkpt lat="33.21562" lon="-117.38968000000001">
    <ele>27.49</ele>
   </trkpt>
   <trkpt lat="33.21567" lon="-117.38938">
    <ele>27.15</ele>
   </trkpt>
   <trkpt lat="33.21607" lon="-117.38965">
    <ele>24.96</ele>
   </trkpt>
   <trkpt lat="33.216260000000005" lon="-117.38971000000001">
    <ele>24.43</ele>
   </trkpt>
   <trkpt lat="33.21643" lon="-117.38971000000001">
    <ele>24.080000000000002</ele>
   </trkpt>
   <trkpt lat="33.216550000000005" lon="-117.38969000000002">
    <ele>24.03</ele>
   </trkpt>
   <trkpt lat="33.21667" lon="-117.38957">
    <ele>24.060000000000002</ele>
   </trkpt>
   <trkpt lat="33.21685" lon="-117.38925">
    <ele>25.27</ele>
   </trkpt>
   <trkpt lat="33.21694" lon="-117.38916">
    <ele>25.27</ele>
   </trkpt>
   <trkpt lat="33.21703" lon="-117.38913000000001">
    <ele>25.630000000000003</ele>
   </trkpt>
   <trkpt lat="33.217240000000004" lon="-117.38913000000001">
    <ele>25.86</ele>
   </trkpt>
   <trkpt lat="33.217650000000006" lon="-117.38938">
    <ele>25.77</ele>
   </trkpt>
   <trkpt lat="33.21844" lon="-117.38962000000001">
    <ele>24.96</ele>
   </trkpt>
   <trkpt lat="33.21919500192516" lon="-117.39001998964763">
    <ele>24.44</ele>
   </trkpt>
   <trkpt lat="33.21995000257051" lon="-117.39041998619854">
    <ele>24.270000000000003</ele>
   </trkpt>
   <trkpt lat="33.22070500193599" lon="-117.39081998965304">
    <ele>24.19</ele>
   </trkpt>
   <trkpt lat="33.22146" lon="-117.39122">
    <ele>24.25</ele>
   </trkpt>
   <trkpt lat="33.222100000000005" lon="-117.39153">
    <ele>24.360000000000003</ele>
   </trkpt>
   <trkpt lat="33.222820000000006" lon="-117.39166000000002">
    <ele>23.91</ele>
   </trkpt>
   <trkpt lat="33.223040000000005" lon="-117.39164000000001">
    <ele>23.53</ele>
   </trkpt>
   <trkpt lat="33.223290000000006" lon="-117.39198">
    <ele>21.720000000000002</ele>
   </trkpt>
   <trkpt lat="33.224000000000004" lon="-117.39256">
    <ele>19.35</ele>
   </trkpt>
   <trkpt lat="33.2243" lon="-117.39278000000002">
    <ele>18.81</ele>
   </trkpt>
   <trkpt lat="33.224540000000005" lon="-117.39289000000001">
    <ele>18.54</ele>
   </trkpt>
   <trkpt lat="33.22496" lon="-117.39329000000001">
    <ele>16.76</ele>
   </trkpt>
   <trkpt lat="33.225280000000005" lon="-117.39364">
    <ele>15.57</ele>
   </trkpt>
   <trkpt lat="33.225390000000004" lon="-117.39368">
    <ele>15.57</ele>
   </trkpt>
   <trkpt lat="33.2260766666482" lon="-117.3936766667191">
    <ele>15.330000000000002</ele>
   </trkpt>
   <trkpt lat="33.226763333296304" lon="-117.39367333338586">
    <ele>15.340000000000002</ele>
   </trkpt>
   <trkpt lat="33.227450000000005" lon="-117.39367000000001">
    <ele>15.260000000000002</ele>
   </trkpt>
   <trkpt lat="33.22757" lon="-117.39373">
    <ele>15.260000000000002</ele>
   </trkpt>
   <trkpt lat="33.228280000000005" lon="-117.39373">
    <ele>14.8</ele>
   </trkpt>
   <trkpt lat="33.228440000000006" lon="-117.39382">
    <ele>14.51</ele>
   </trkpt>
   <trkpt lat="33.228460000000005" lon="-117.39380000000001">
    <ele>14.51</ele>
   </trkpt>
   <trkpt lat="33.228790000000004" lon="-117.39379000000001">
    <ele>14.33</ele>
   </trkpt>
   <trkpt lat="33.228873337453564" lon="-117.39307333460283">
    <ele>14.41</ele>
   </trkpt>
   <trkpt lat="33.2289566707981" lon="-117.39235666783996">
    <ele>15.72</ele>
   </trkpt>
   <trkpt lat="33.229040000000005" lon="-117.39164000000001">
    <ele>16.130000000000003</ele>
   </trkpt>
   <trkpt lat="33.22943" lon="-117.39149">
    <ele>15.14</ele>
   </trkpt>
   <trkpt lat="33.229850000000006" lon="-117.39122">
    <ele>13.48</ele>
   </trkpt>
   <trkpt lat="33.23051666924529" lon="-117.39065334196458">
    <ele>9.27</ele>
   </trkpt>
   <trkpt lat="33.23118333592158" lon="-117.39008667528988">
    <ele>5.7</ele>
   </trkpt>
   <trkpt lat="33.23185" lon="-117.38952">
    <ele>4.21</ele>
   </trkpt>
   <trkpt lat="33.232400000000005" lon="-117.38913000000001">
    <ele>4.670000000000001</ele>
   </trkpt>
   <trkpt lat="33.23277" lon="-117.38891000000001">
    <ele>4.99</ele>
   </trkpt>
   <trkpt lat="33.233352506450245" lon="-117.38964248537543">
    <ele>4.0</ele>
   </trkpt>
   <trkpt lat="33.23393500860772" lon="-117.39037498050958">
    <ele>5.38</ele>
   </trkpt>
   <trkpt lat="33.23451750647226" lon="-117.39110748540264">
    <ele>5.99</ele>
   </trkpt>
   <trkpt lat="33.2351" lon="-117.39184000000002">
    <ele>6.48</ele>
   </trkpt>
   <trkpt lat="33.23565667073685" lon="-117.39255665749091">
    <ele>6.23</ele>
   </trkpt>
   <trkpt lat="33.23621333736429" lon="-117.39327332410694">
    <ele>5.33</ele>
   </trkpt>
   <trkpt lat="33.23677" lon="-117.39399000000002">
    <ele>4.04</ele>
   </trkpt>
   <trkpt lat="33.23736" lon="-117.39464000000001">
    <ele>5.32</ele>
   </trkpt>
   <trkpt lat="33.23772500051336" lon="-117.39499499852691">
    <ele>5.59</ele>
   </trkpt>
   <trkpt lat="33.23809" lon="-117.39535000000001">
    <ele>5.65</ele>
   </trkpt>
   <trkpt lat="33.23872" lon="-117.39589000000001">
    <ele>5.48</ele>
   </trkpt>
   <trkpt lat="33.23935500094393" lon="-117.39635999663078">
    <ele>5.2</ele>
   </trkpt>
   <trkpt lat="33.239990000000006" lon="-117.39683000000001">
    <ele>5.890000000000001</ele>
   </trkpt>
   <trkpt lat="33.240395000326174" lon="-117.39710499874205">
    <ele>7.24</ele>
   </trkpt>
   <trkpt lat="33.2408" lon="-117.39738000000001">
    <ele>8.71</ele>
   </trkpt>
   <trkpt lat="33.24154375797519" lon="-117.39791371820856">
    <ele>11.74</ele>
   </trkpt>
   <trkpt lat="33.24228751367099" lon="-117.39844744549889">
    <ele>15.430000000000001</ele>
   </trkpt>
   <trkpt lat="33.24303126708727" lon="-117.39898118187138">
    <ele>20.52</ele>
   </trkpt>
   <trkpt lat="33.24377501822395" lon="-117.39951492732648">
    <ele>24.43</ele>
   </trkpt>
   <trkpt lat="33.24451876708092" lon="-117.40004868186455">
    <ele>33.080000000000005</ele>
   </trkpt>
   <trkpt lat="33.24526251365807" lon="-117.40058244548592">
    <ele>37.98</ele>
   </trkpt>
   <trkpt lat="33.246006257955294" lon="-117.40111621819105">
    <ele>41.400000000000006</ele>
   </trkpt>
   <trkpt lat="33.246750000000006" lon="-117.40165">
    <ele>42.53</ele>
   </trkpt>
   <trkpt lat="33.247370000000004" lon="-117.40211000000001">
    <ele>42.67000000000001</ele>
   </trkpt>
   <trkpt lat="33.248000000000005" lon="-117.4025">
    <ele>42.71</ele>
   </trkpt>
   <trkpt lat="33.248180000000005" lon="-117.40259">
    <ele>42.85000000000001</ele>
   </trkpt>
   <trkpt lat="33.24888000155848" lon="-117.40294999135084">
    <ele>43.0</ele>
   </trkpt>
   <trkpt lat="33.24958000207984" lon="-117.40330998846859">
    <ele>43.49</ele>
   </trkpt>
   <trkpt lat="33.25028000156404" lon="-117.40366999135345">
    <ele>43.7</ele>
   </trkpt>
   <trkpt lat="33.250980000000006" lon="-117.40403">
    <ele>44.25000000000001</ele>
   </trkpt>
   <trkpt lat="33.251790000870976" lon="-117.4044749959183">
    <ele>44.35</ele>
   </trkpt>
   <trkpt lat="33.2526" lon="-117.40492">
    <ele>44.78</ele>
   </trkpt>
   <trkpt lat="33.253150000000005" lon="-117.40527000000002">
    <ele>44.9</ele>
   </trkpt>
   <trkpt lat="33.253640000000004" lon="-117.40565000000001">
    <ele>45.1</ele>
   </trkpt>
   <trkpt lat="33.25414" lon="-117.40617">
    <ele>44.53000000000001</ele>
   </trkpt>
   <trkpt lat="33.254340000000006" lon="-117.40641000000001">
    <ele>44.53000000000001</ele>
   </trkpt>
   <trkpt lat="33.25489" lon="-117.40724000000002">
    <ele>43.18</ele>
   </trkpt>
   <trkpt lat="33.255320000000005" lon="-117.40806">
    <ele>42.34</ele>
   </trkpt>
   <trkpt lat="33.25577430382618" lon="-117.40892854432708">
    <ele>41.400000000000006</ele>
   </trkpt>
   <trkpt lat="33.25622860161464" lon="-117.40979709768645">
    <ele>40.13</ele>
   </trkpt>
   <trkpt lat="33.25668289336524" lon="-117.41066566007827">
    <ele>38.760000000000005</ele>
   </trkpt>
   <trkpt lat="33.2571371790778" lon="-117.41153423150263">
    <ele>37.92</ele>
   </trkpt>
   <trkpt lat="33.257591458752145" lon="-117.41240281195968">
    <ele>36.11</ele>
   </trkpt>
   <trkpt lat="33.258045732388126" lon="-117.41327140144958">
    <ele>34.88</ele>
   </trkpt>
   <trkpt lat="33.258500000000005" lon="-117.41414">
    <ele>34.33</ele>
   </trkpt>
   <trkpt lat="33.2586" lon="-117.41441">
    <ele>34.24</ele>
   </trkpt>
   <trkpt lat="33.25867" lon="-117.41469000000001">
    <ele>34.11</ele>
   </trkpt>
   <trkpt lat="33.25869" lon="-117.41486">
    <ele>34.11</ele>
   </trkpt>
   <trkpt lat="33.258680000000005" lon="-117.41517">
    <ele>33.92</ele>
   </trkpt>
   <trkpt lat="33.258570000000006" lon="-117.41566">
    <ele>33.03</ele>
   </trkpt>
   <trkpt lat="33.258410000000005" lon="-117.41600000000001">
    <ele>32.07</ele>
   </trkpt>
   <trkpt lat="33.258090001298584" lon="-117.41657000209074">
    <ele>30.79</ele>
   </trkpt>
   <trkpt lat="33.25777" lon="-117.41714">
    <ele>29.240000000000002</ele>
   </trkpt>
   <trkpt lat="33.25728000327141" lon="-117.41803500489947">
    <ele>28.21</ele>
   </trkpt>
   <trkpt lat="33.25679" lon="-117.41893">
    <ele>27.020000000000003</ele>
   </trkpt>
   <trkpt lat="33.256640000000004" lon="-117.41938">
    <ele>26.150000000000002</ele>
   </trkpt>
   <trkpt lat="33.25658" lon="-117.41991000000002">
    <ele>25.85</ele>
   </trkpt>
   <trkpt lat="33.256600000000006" lon="-117.42023">
    <ele>25.28</ele>
   </trkpt>
   <trkpt lat="33.2567" lon="-117.42073">
    <ele>24.270000000000003</ele>
   </trkpt>
   <trkpt lat="33.256840000000004" lon="-117.42109">
    <ele>24.020000000000003</ele>
   </trkpt>
   <trkpt lat="33.257275013671496" lon="-117.42191664608163">
    <ele>23.14</ele>
   </trkpt>
   <trkpt lat="33.25771002187363" lon="-117.4227433003953">
    <ele>22.740000000000002</ele>
   </trkpt>
   <trkpt lat="33.25814502460624" lon="-117.42356996294114">
    <ele>22.160000000000004</ele>
   </trkpt>
   <trkpt lat="33.25858002186923" lon="-117.42439663371923">
    <ele>21.86</ele>
   </trkpt>
   <trkpt lat="33.2590150136624" lon="-117.42522331272974">
    <ele>21.39</ele>
   </trkpt>
   <trkpt lat="33.25945" lon="-117.42605">
    <ele>20.92</ele>
   </trkpt>
   <trkpt lat="33.2597" lon="-117.42636">
    <ele>20.720000000000002</ele>
   </trkpt>
   <trkpt lat="33.25992" lon="-117.42659">
    <ele>20.84</ele>
   </trkpt>
   <trkpt lat="33.26066801972348" lon="-117.42718326219811">
    <ele>21.26</ele>
   </trkpt>
   <trkpt lat="33.26141603662978" lon="-117.42777653455646">
    <ele>21.88</ele>
   </trkpt>
   <trkpt lat="33.26216405071876" lon="-117.42836981707553">
    <ele>23.12</ele>
   </trkpt>
   <trkpt lat="33.262912061990285" lon="-117.42896310975566">
    <ele>24.950000000000003</ele>
   </trkpt>
   <trkpt lat="33.26366007044423" lon="-117.4295564125973">
    <ele>25.820000000000004</ele>
   </trkpt>
   <trkpt lat="33.264408076080485" lon="-117.4301497256009">
    <ele>26.740000000000002</ele>
   </trkpt>
   <trkpt lat="33.26515607889891" lon="-117.43074304876689">
    <ele>26.01</ele>
   </trkpt>
   <trkpt lat="33.26590407889937" lon="-117.43133638209567">
    <ele>23.51</ele>
   </trkpt>
   <trkpt lat="33.26665207608171" lon="-117.43192972558766">
    <ele>18.3</ele>
   </trkpt>
   <trkpt lat="33.267400070445866" lon="-117.43252307924331">
    <ele>14.89</ele>
   </trkpt>
   <trkpt lat="33.26814806199167" lon="-117.43311644306301">
    <ele>12.020000000000001</ele>
   </trkpt>
   <trkpt lat="33.26889605071899" lon="-117.43370981704726">
    <ele>11.500000000000002</ele>
   </trkpt>
   <trkpt lat="33.26964403662772" lon="-117.43430320119639">
    <ele>11.590000000000002</ele>
   </trkpt>
   <trkpt lat="33.27039201971769" lon="-117.4348965955109">
    <ele>11.340000000000002</ele>
   </trkpt>
   <trkpt lat="33.27114" lon="-117.43549000000002">
    <ele>11.250000000000002</ele>
   </trkpt>
   <trkpt lat="33.271570000000004" lon="-117.4359">
    <ele>11.070000000000002</ele>
   </trkpt>
   <trkpt lat="33.272220000000004" lon="-117.43662">
    <ele>11.770000000000001</ele>
   </trkpt>
   <trkpt lat="33.27269500160739" lon="-117.43726499641257">
    <ele>14.22</ele>
   </trkpt>
   <trkpt lat="33.27317" lon="-117.43791000000002">
    <ele>18.47</ele>
   </trkpt>
   <trkpt lat="33.27351" lon="-117.43823">
    <ele>20.89</ele>
   </trkpt>
   <trkpt lat="33.27382" lon="-117.43846">
    <ele>23.15</ele>
   </trkpt>
   <trkpt lat="33.27431" lon="-117.43872">
    <ele>26.35</ele>
   </trkpt>
   <trkpt lat="33.2747" lon="-117.43886">
    <ele>27.950000000000003</ele>
   </trkpt>
   <trkpt lat="33.27487" lon="-117.4389">
    <ele>28.990000000000002</ele>
   </trkpt>
   <trkpt lat="33.275400000000005" lon="-117.43895">
    <ele>30.330000000000002</ele>
   </trkpt>
   <trkpt lat="33.275850000000005" lon="-117.4389">
    <ele>31.490000000000002</ele>
   </trkpt>
   <trkpt lat="33.27608" lon="-117.43886">
    <ele>31.490000000000002</ele>
   </trkpt>
   <trkpt lat="33.276770000000006" lon="-117.43859">
    <ele>31.84</ele>
   </trkpt>
   <trkpt lat="33.27704" lon="-117.43845">
    <ele>32.260000000000005</ele>
   </trkpt>
   <trkpt lat="33.277240000000006" lon="-117.43828">
    <ele>32.260000000000005</ele>
   </trkpt>
   <trkpt lat="33.27792000158369" lon="-117.43765000491211">
    <ele>33.29</ele>
   </trkpt>
   <trkpt lat="33.278600000000004" lon="-117.43702">
    <ele>34.75</ele>
   </trkpt>
   <trkpt lat="33.279210000000006" lon="-117.43648">
    <ele>36.46000000000001</ele>
   </trkpt>
   <trkpt lat="33.279500000000006" lon="-117.4363">
    <ele>37.08</ele>
   </trkpt>
   <trkpt lat="33.27973" lon="-117.43617">
    <ele>37.44</ele>
   </trkpt>
   <trkpt lat="33.28022" lon="-117.43599">
    <ele>37.71</ele>
   </trkpt>
   <trkpt lat="33.28061" lon="-117.43594000000002">
    <ele>37.540000000000006</ele>
   </trkpt>
   <trkpt lat="33.28117" lon="-117.43594000000002">
    <ele>36.910000000000004</ele>
   </trkpt>
   <trkpt lat="33.28154" lon="-117.436">
    <ele>35.95</ele>
   </trkpt>
   <trkpt lat="33.281980000000004" lon="-117.43617">
    <ele>34.65</ele>
   </trkpt>
   <trkpt lat="33.282230000000006" lon="-117.43631">
    <ele>34.17</ele>
   </trkpt>
   <trkpt lat="33.282943339573144" lon="-117.43686831051676">
    <ele>34.18</ele>
   </trkpt>
   <trkpt lat="33.28365667665044" lon="-117.43742663015959">
    <ele>34.88</ele>
   </trkpt>
   <trkpt lat="33.28437001123174" lon="-117.43798495892885">
    <ele>34.11</ele>
   </trkpt>
   <trkpt lat="33.28508334331698" lon="-117.43854329682496">
    <ele>31.61</ele>
   </trkpt>
   <trkpt lat="33.285796672906024" lon="-117.43910164384822">
    <ele>30.37</ele>
   </trkpt>
   <trkpt lat="33.28651" lon="-117.43966">
    <ele>31.14</ele>
   </trkpt>
   <trkpt lat="33.28710000084069" lon="-117.44013999668829">
    <ele>31.830000000000002</ele>
   </trkpt>
   <trkpt lat="33.287690000000005" lon="-117.44062000000001">
    <ele>31.19</ele>
   </trkpt>
   <trkpt lat="33.28814500053158" lon="-117.44096999820671">
    <ele>30.53</ele>
   </trkpt>
   <trkpt lat="33.2886" lon="-117.44132">
    <ele>30.09</ele>
   </trkpt>
   <trkpt lat="33.28932500130263" lon="-117.44189999514566">
    <ele>29.740000000000002</ele>
   </trkpt>
   <trkpt lat="33.29005" lon="-117.44248">
    <ele>29.910000000000004</ele>
   </trkpt>
   <trkpt lat="33.290510000000005" lon="-117.44293">
    <ele>30.740000000000002</ele>
   </trkpt>
   <trkpt lat="33.29064" lon="-117.44310000000002">
    <ele>30.910000000000004</ele>
   </trkpt>
   <trkpt lat="33.29088" lon="-117.44355000000002">
    <ele>31.6</ele>
   </trkpt>
   <trkpt lat="33.29102" lon="-117.44392">
    <ele>32.720000000000006</ele>
   </trkpt>
   <trkpt lat="33.29113" lon="-117.44430000000001">
    <ele>32.86</ele>
   </trkpt>
   <trkpt lat="33.29128287766561" lon="-117.44522427599443">
    <ele>33.620000000000005</ele>
   </trkpt>
   <trkpt lat="33.29143574849018" lon="-117.44614855522767">
    <ele>34.11</ele>
   </trkpt>
   <trkpt lat="33.29158861247365" lon="-117.44707283769957">
    <ele>34.46</ele>
   </trkpt>
   <trkpt lat="33.29174146961597" lon="-117.44799712341002">
    <ele>34.56</ele>
   </trkpt>
   <trkpt lat="33.291894319917056" lon="-117.44892141235891">
    <ele>33.870000000000005</ele>
   </trkpt>
   <trkpt lat="33.29204716337688" lon="-117.44984570454619">
    <ele>32.78</ele>
   </trkpt>
   <trkpt lat="33.2922" lon="-117.45077">
    <ele>30.21</ele>
   </trkpt>
   <trkpt lat="33.29236" lon="-117.45139">
    <ele>26.1</ele>
   </trkpt>
   <trkpt lat="33.292570000000005" lon="-117.45188">
    <ele>23.180000000000003</ele>
   </trkpt>
   <trkpt lat="33.292730000000006" lon="-117.45212000000001">
    <ele>20.18</ele>
   </trkpt>
   <trkpt lat="33.293040000000005" lon="-117.45251">
    <ele>17.07</ele>
   </trkpt>
   <trkpt lat="33.29321" lon="-117.45269">
    <ele>16.310000000000002</ele>
   </trkpt>
   <trkpt lat="33.2935" lon="-117.45287">
    <ele>15.57</ele>
   </trkpt>
   <trkpt lat="33.29392" lon="-117.45309">
    <ele>14.450000000000001</ele>
   </trkpt>
   <trkpt lat="33.29417" lon="-117.45318">
    <ele>14.600000000000001</ele>
   </trkpt>
   <trkpt lat="33.294470000000004" lon="-117.45322000000002">
    <ele>14.85</ele>
   </trkpt>
   <trkpt lat="33.294974999997414" lon="-117.45331999941271">
    <ele>15.250000000000002</ele>
   </trkpt>
   <trkpt lat="33.295480000000005" lon="-117.45342000000001">
    <ele>15.66</ele>
   </trkpt>
   <trkpt lat="33.295840000000005" lon="-117.45354">
    <ele>15.72</ele>
   </trkpt>
   <trkpt lat="33.296616671089076" lon="-117.45400997907699">
    <ele>16.23</ele>
   </trkpt>
   <trkpt lat="33.297393340409194" lon="-117.45447996652263">
    <ele>16.52</ele>
   </trkpt>
   <trkpt lat="33.29817000796029" lon="-117.45494996233728">
    <ele>17.16</ele>
   </trkpt>
   <trkpt lat="33.29894667374224" lon="-117.4554199665213">
    <ele>17.980000000000004</ele>
   </trkpt>
   <trkpt lat="33.299723337755" lon="-117.45588997907511">
    <ele>19.76</ele>
   </trkpt>
   <trkpt lat="33.3005" lon="-117.45636">
    <ele>21.07</ele>
   </trkpt>
   <trkpt lat="33.30068" lon="-117.45641">
    <ele>21.07</ele>
   </trkpt>
   <trkpt lat="33.30107" lon="-117.45645">
    <ele>22.01</ele>
   </trkpt>
   <trkpt lat="33.30143" lon="-117.45641">
    <ele>22.44</ele>
   </trkpt>
   <trkpt lat="33.301750000000006" lon="-117.45627">
    <ele>22.8</ele>
   </trkpt>
   <trkpt lat="33.30201" lon="-117.45614">
    <ele>23.31</ele>
   </trkpt>
   <trkpt lat="33.30238" lon="-117.45586000000002">
    <ele>23.770000000000003</ele>
   </trkpt>
   <trkpt lat="33.303010001099516" lon="-117.45535000363714">
    <ele>24.17</ele>
   </trkpt>
   <trkpt lat="33.30364" lon="-117.45484">
    <ele>24.880000000000003</ele>
   </trkpt>
   <trkpt lat="33.304140000000004" lon="-117.45435">
    <ele>25.34</ele>
   </trkpt>
   <trkpt lat="33.304570000000005" lon="-117.45381">
    <ele>26.42</ele>
   </trkpt>
   <trkpt lat="33.30472" lon="-117.45359">
    <ele>26.96</ele>
   </trkpt>
   <trkpt lat="33.30501000416236" lon="-117.45287000476321">
    <ele>27.92</ele>
   </trkpt>
   <trkpt lat="33.30530000417261" lon="-117.45215000473783">
    <ele>28.610000000000003</ele>
   </trkpt>
   <trkpt lat="33.30559" lon="-117.45143000000002">
    <ele>28.700000000000003</ele>
   </trkpt>
   <trkpt lat="33.30601" lon="-117.45064">
    <ele>27.53</ele>
   </trkpt>
   <trkpt lat="33.30640333837134" lon="-117.44984667382973">
    <ele>25.730000000000004</ele>
   </trkpt>
   <trkpt lat="33.3067966717016" lon="-117.44905334050269">
    <ele>24.26</ele>
   </trkpt>
   <trkpt lat="33.307190000000006" lon="-117.44826">
    <ele>24.41</ele>
   </trkpt>
   <trkpt lat="33.307430000000004" lon="-117.4479">
    <ele>24.720000000000002</ele>
   </trkpt>
   <trkpt lat="33.307700000000004" lon="-117.44762000000001">
    <ele>25.210000000000004</ele>
   </trkpt>
   <trkpt lat="33.308318338607556" lon="-117.44710668487004">
    <ele>25.43</ele>
   </trkpt>
   <trkpt lat="33.30893667510451" lon="-117.4465933624599">
    <ele>25.95</ele>
   </trkpt>
   <trkpt lat="33.30955500949081" lon="-117.44608003276932">
    <ele>26.28</ele>
   </trkpt>
   <trkpt lat="33.310173341766365" lon="-117.44556669579806">
    <ele>27.78</ele>
   </trkpt>
   <trkpt lat="33.31079167193109" lon="-117.4450533515459">
    <ele>29.910000000000004</ele>
   </trkpt>
   <trkpt lat="33.31141" lon="-117.44454">
    <ele>31.28</ele>
   </trkpt>
   <trkpt lat="33.31192" lon="-117.44423">
    <ele>30.37</ele>
   </trkpt>
   <trkpt lat="33.31262000120814" lon="-117.44395400886916">
    <ele>29.84</ele>
   </trkpt>
   <trkpt lat="33.3133200018061" lon="-117.44367801330633">
    <ele>30.19</ele>
   </trkpt>
   <trkpt lat="33.31402000179386" lon="-117.44340201331137">
    <ele>30.580000000000002</ele>
   </trkpt>
   <trkpt lat="33.31472000117139" lon="-117.44312600888405">
    <ele>31.01</ele>
   </trkpt>
   <trkpt lat="33.31542" lon="-117.44285">
    <ele>31.830000000000002</ele>
   </trkpt>
   <trkpt lat="33.315920000000006" lon="-117.44262">
    <ele>32.07</ele>
   </trkpt>
   <trkpt lat="33.316120000000005" lon="-117.44248">
    <ele>31.990000000000006</ele>
   </trkpt>
   <trkpt lat="33.31629" lon="-117.44227000000001">
    <ele>31.970000000000006</ele>
   </trkpt>
   <trkpt lat="33.3164" lon="-117.44208">
    <ele>31.86</ele>
   </trkpt>
   <trkpt lat="33.31674000443099" lon="-117.44133333923537">
    <ele>32.18</ele>
   </trkpt>
   <trkpt lat="33.31708000439583" lon="-117.44058667264602">
    <ele>32.64</ele>
   </trkpt>
   <trkpt lat="33.317420000000006" lon="-117.43984">
    <ele>33.09</ele>
   </trkpt>
   <trkpt lat="33.31776" lon="-117.43927000000001">
    <ele>33.86</ele>
   </trkpt>
   <trkpt lat="33.317420000000006" lon="-117.43984">
    <ele>33.09</ele>
   </trkpt>
   <trkpt lat="33.31708000450141" lon="-117.44058667241413">
    <ele>32.64</ele>
   </trkpt>
   <trkpt lat="33.316740004536584" lon="-117.44133333900346">
    <ele>32.18</ele>
   </trkpt>
   <trkpt lat="33.3164" lon="-117.44208">
    <ele>31.86</ele>
   </trkpt>
   <trkpt lat="33.31629" lon="-117.44227000000001">
    <ele>31.970000000000006</ele>
   </trkpt>
   <trkpt lat="33.316120000000005" lon="-117.44248">
    <ele>31.990000000000006</ele>
   </trkpt>
   <trkpt lat="33.315920000000006" lon="-117.44262">
    <ele>32.07</ele>
   </trkpt>
   <trkpt lat="33.31542" lon="-117.44285">
    <ele>31.830000000000002</ele>
   </trkpt>
   <trkpt lat="33.31472000123273" lon="-117.44312600885983">
    <ele>31.01</ele>
   </trkpt>
   <trkpt lat="33.31402000185519" lon="-117.44340201328718">
    <ele>30.580000000000002</ele>
   </trkpt>
   <trkpt lat="33.313320001867424" lon="-117.44367801328214">
    <ele>30.19</ele>
   </trkpt>
   <trkpt lat="33.31262000126947" lon="-117.44395400884495">
    <ele>29.85</ele>
   </trkpt>
   <trkpt lat="33.31192" lon="-117.44423">
    <ele>31.05</ele>
   </trkpt>
   <trkpt lat="33.31141" lon="-117.44454">
    <ele>31.28</ele>
   </trkpt>
   <trkpt lat="33.31079167194618" lon="-117.44505335153336">
    <ele>29.910000000000004</ele>
   </trkpt>
   <trkpt lat="33.31017334178145" lon="-117.44556669578552">
    <ele>27.42</ele>
   </trkpt>
   <trkpt lat="33.30955500950589" lon="-117.44608003275678">
    <ele>26.28</ele>
   </trkpt>
   <trkpt lat="33.308936675119604" lon="-117.44659336244735">
    <ele>25.59</ele>
   </trkpt>
   <trkpt lat="33.30831833862265" lon="-117.44710668485752">
    <ele>25.43</ele>
   </trkpt>
   <trkpt lat="33.307700000000004" lon="-117.44762000000001">
    <ele>25.210000000000004</ele>
   </trkpt>
   <trkpt lat="33.307430000000004" lon="-117.4479">
    <ele>24.720000000000002</ele>
   </trkpt>
   <trkpt lat="33.307190000000006" lon="-117.44826">
    <ele>24.41</ele>
   </trkpt>
   <trkpt lat="33.30679667171095" lon="-117.44905334048384">
    <ele>24.26</ele>
   </trkpt>
   <trkpt lat="33.30640333838069" lon="-117.44984667381087">
    <ele>25.730000000000004</ele>
   </trkpt>
   <trkpt lat="33.30601" lon="-117.45064">
    <ele>27.53</ele>
   </trkpt>
   <trkpt lat="33.30559" lon="-117.45143000000002">
    <ele>28.700000000000003</ele>
   </trkpt>
   <trkpt lat="33.30530000414194" lon="-117.45215000481399">
    <ele>27.880000000000003</ele>
   </trkpt>
   <trkpt lat="33.30501000413169" lon="-117.45287000483935">
    <ele>27.92</ele>
   </trkpt>
   <trkpt lat="33.30472" lon="-117.45359">
    <ele>26.96</ele>
   </trkpt>
   <trkpt lat="33.304570000000005" lon="-117.45381">
    <ele>26.42</ele>
   </trkpt>
   <trkpt lat="33.304140000000004" lon="-117.45435">
    <ele>25.34</ele>
   </trkpt>
   <trkpt lat="33.30364" lon="-117.45484">
    <ele>24.880000000000003</ele>
   </trkpt>
   <trkpt lat="33.30301000098369" lon="-117.4553500037309">
    <ele>24.17</ele>
   </trkpt>
   <trkpt lat="33.30238" lon="-117.45586000000002">
    <ele>23.770000000000003</ele>
   </trkpt>
   <trkpt lat="33.30201" lon="-117.45614">
    <ele>23.31</ele>
   </trkpt>
   <trkpt lat="33.30176" lon="-117.45641">
    <ele>22.770000000000003</ele>
   </trkpt>
   <trkpt lat="33.301460000000006" lon="-117.45678000000001">
    <ele>22.67</ele>
   </trkpt>
   <trkpt lat="33.30125" lon="-117.45723000000001">
    <ele>21.890000000000004</ele>
   </trkpt>
   <trkpt lat="33.3012" lon="-117.45745000000001">
    <ele>21.23</ele>
   </trkpt>
   <trkpt lat="33.301170000000006" lon="-117.45768000000001">
    <ele>21.23</ele>
   </trkpt>
   <trkpt lat="33.30118" lon="-117.45807">
    <ele>20.96</ele>
   </trkpt>
   <trkpt lat="33.301230000000004" lon="-117.45830000000001">
    <ele>21.150000000000002</ele>
   </trkpt>
   <trkpt lat="33.301460000000006" lon="-117.45906000000001">
    <ele>24.110000000000003</ele>
   </trkpt>
   <trkpt lat="33.301675001681325" lon="-117.45970499845598">
    <ele>27.750000000000004</ele>
   </trkpt>
   <trkpt lat="33.30189" lon="-117.46035">
    <ele>33.79</ele>
   </trkpt>
   <trkpt lat="33.302" lon="-117.46054000000001">
    <ele>34.72</ele>
   </trkpt>
   <trkpt lat="33.30216" lon="-117.46067000000001">
    <ele>35.59</ele>
   </trkpt>
   <trkpt lat="33.30272000038544" lon="-117.46092999838386">
    <ele>35.6</ele>
   </trkpt>
   <trkpt lat="33.30328" lon="-117.46119000000002">
    <ele>35.22</ele>
   </trkpt>
   <trkpt lat="33.303520000000006" lon="-117.46133">
    <ele>35.2</ele>
   </trkpt>
   <trkpt lat="33.30389000046776" lon="-117.46170999827433">
    <ele>35.5</ele>
   </trkpt>
   <trkpt lat="33.30426" lon="-117.46209">
    <ele>35.31</ele>
   </trkpt>
   <trkpt lat="33.30435" lon="-117.46224000000001">
    <ele>35.09</ele>
   </trkpt>
   <trkpt lat="33.304390000000005" lon="-117.46241">
    <ele>34.77</ele>
   </trkpt>
   <trkpt lat="33.30438" lon="-117.46259">
    <ele>34.480000000000004</ele>
   </trkpt>
   <trkpt lat="33.30431" lon="-117.46273000000001">
    <ele>33.86</ele>
   </trkpt>
   <trkpt lat="33.30415" lon="-117.46285">
    <ele>33.45</ele>
   </trkpt>
   <trkpt lat="33.30393" lon="-117.46287000000001">
    <ele>33.260000000000005</ele>
   </trkpt>
   <trkpt lat="33.303205000306924" lon="-117.46302250379733">
    <ele>30.18</ele>
   </trkpt>
   <trkpt lat="33.30248000042756" lon="-117.46317500505918">
    <ele>25.52</ele>
   </trkpt>
   <trkpt lat="33.301755000361936" lon="-117.46332750378564">
    <ele>20.060000000000002</ele>
   </trkpt>
   <trkpt lat="33.301030000000004" lon="-117.46348">
    <ele>15.490000000000002</ele>
   </trkpt>
   <trkpt lat="33.30024" lon="-117.46344">
    <ele>17.580000000000002</ele>
   </trkpt>
   <trkpt lat="33.300290000000004" lon="-117.46358000000001">
    <ele>17.86</ele>
   </trkpt>
   <trkpt lat="33.30069" lon="-117.46397">
    <ele>18.94</ele>
   </trkpt>
   <trkpt lat="33.30075" lon="-117.46405000000001">
    <ele>19.58</ele>
   </trkpt>
   <trkpt lat="33.301160000615475" lon="-117.4644249982851">
    <ele>20.540000000000003</ele>
   </trkpt>
   <trkpt lat="33.301570000000005" lon="-117.46480000000001">
    <ele>22.12</ele>
   </trkpt>
   <trkpt lat="33.30200000102284" lon="-117.46527999774536">
    <ele>23.770000000000003</ele>
   </trkpt>
   <trkpt lat="33.30243" lon="-117.46576">
    <ele>26.02</ele>
   </trkpt>
   <trkpt lat="33.30301000195472" lon="-117.46645999533571">
    <ele>27.340000000000003</ele>
   </trkpt>
   <trkpt lat="33.30359" lon="-117.46716">
    <ele>28.360000000000003</ele>
   </trkpt>
   <trkpt lat="33.304185001892144" lon="-117.46784999527563">
    <ele>28.720000000000002</ele>
   </trkpt>
   <trkpt lat="33.30478" lon="-117.46854">
    <ele>29.52</ele>
   </trkpt>
   <trkpt lat="33.305316674565454" lon="-117.46916831399145">
    <ele>29.880000000000003</ele>
   </trkpt>
   <trkpt lat="33.30585334596888" lon="-117.46979663571625">
    <ele>30.410000000000004</ele>
   </trkpt>
   <trkpt lat="33.306390014210145" lon="-117.4704249651746">
    <ele>30.810000000000002</ele>
   </trkpt>
   <trkpt lat="33.30692667928917" lon="-117.47105330236674">
    <ele>31.19</ele>
   </trkpt>
   <trkpt lat="33.30746334120584" lon="-117.4716816472929">
    <ele>32.14</ele>
   </trkpt>
   <trkpt lat="33.308" lon="-117.47231000000001">
    <ele>33.78</ele>
   </trkpt>
   <trkpt lat="33.30853400632211" lon="-117.47293798462084">
    <ele>35.22</ele>
   </trkpt>
   <trkpt lat="33.30906800948533" lon="-117.47356597693347">
    <ele>36.37</ele>
   </trkpt>
   <trkpt lat="33.30960200948957" lon="-117.47419397693812">
    <ele>36.96</ele>
   </trkpt>
   <trkpt lat="33.310136006334716" lon="-117.47482198463503">
    <ele>37.64</ele>
   </trkpt>
   <trkpt lat="33.31067" lon="-117.47545000000001">
    <ele>38.160000000000004</ele>
   </trkpt>
   <trkpt lat="33.31120800626995" lon="-117.47607598453907">
    <ele>39.06</ele>
   </trkpt>
   <trkpt lat="33.311746009400984" lon="-117.47670197680368">
    <ele>40.720000000000006</ele>
   </trkpt>
   <trkpt lat="33.312284009393004" lon="-117.47732797679407">
    <ele>41.410000000000004</ele>
   </trkpt>
   <trkpt lat="33.31282200624589" lon="-117.47795398451042">
    <ele>42.14</ele>
   </trkpt>
   <trkpt lat="33.31336" lon="-117.47858000000001">
    <ele>42.54</ele>
   </trkpt>
   <trkpt lat="33.313480000000006" lon="-117.4787">
    <ele>42.64</ele>
   </trkpt>
   <trkpt lat="33.3136" lon="-117.47893">
    <ele>42.65</ele>
   </trkpt>
   <trkpt lat="33.31364" lon="-117.4791">
    <ele>42.60000000000001</ele>
   </trkpt>
   <trkpt lat="33.313750000000006" lon="-117.48">
    <ele>42.34</ele>
   </trkpt>
   <trkpt lat="33.313790000000004" lon="-117.48013">
    <ele>42.34</ele>
   </trkpt>
   <trkpt lat="33.31387" lon="-117.48027">
    <ele>42.31</ele>
   </trkpt>
   <trkpt lat="33.31405" lon="-117.48045">
    <ele>42.34</ele>
   </trkpt>
   <trkpt lat="33.314460000000004" lon="-117.48076">
    <ele>42.63</ele>
   </trkpt>
   <trkpt lat="33.314600000000006" lon="-117.48081">
    <ele>42.59</ele>
   </trkpt>
   <trkpt lat="33.314870000000006" lon="-117.48086">
    <ele>42.150000000000006</ele>
   </trkpt>
   <trkpt lat="33.314980000000006" lon="-117.48086">
    <ele>41.730000000000004</ele>
   </trkpt>
   <trkpt lat="33.31512" lon="-117.48098000000002">
    <ele>41.550000000000004</ele>
   </trkpt>
   <trkpt lat="33.31524" lon="-117.48117">
    <ele>40.75</ele>
   </trkpt>
   <trkpt lat="33.31526" lon="-117.48131000000001">
    <ele>40.75</ele>
   </trkpt>
   <trkpt lat="33.31517500207143" lon="-117.48203000074409">
    <ele>40.06</ele>
   </trkpt>
   <trkpt lat="33.315090000000005" lon="-117.48275000000001">
    <ele>40.019999999999996</ele>
   </trkpt>
   <trkpt lat="33.31519" lon="-117.48292000000001">
    <ele>40.440000000000005</ele>
   </trkpt>
   <trkpt lat="33.315360000000005" lon="-117.48309">
    <ele>41.220000000000006</ele>
   </trkpt>
   <trkpt lat="33.31596499996818" lon="-117.48315499954363">
    <ele>43.28000000000001</ele>
   </trkpt>
   <trkpt lat="33.316570000000006" lon="-117.48322">
    <ele>43.81</ele>
   </trkpt>
   <trkpt lat="33.317420000000006" lon="-117.4834">
    <ele>41.24</ele>
   </trkpt>
   <trkpt lat="33.317975000148515" lon="-117.48358499882586">
    <ele>40.07</ele>
   </trkpt>
   <trkpt lat="33.31853" lon="-117.48377">
    <ele>39.800000000000004</ele>
   </trkpt>
   <trkpt lat="33.31917" lon="-117.48412">
    <ele>39.64</ele>
   </trkpt>
   <trkpt lat="33.319660000000006" lon="-117.48447000000002">
    <ele>38.95</ele>
   </trkpt>
   <trkpt lat="33.32005500044465" lon="-117.48478499861005">
    <ele>38.77</ele>
   </trkpt>
   <trkpt lat="33.32045" lon="-117.4851">
    <ele>38.55</ele>
   </trkpt>
   <trkpt lat="33.32093000075186" lon="-117.48551499776801">
    <ele>38.53</ele>
   </trkpt>
   <trkpt lat="33.32141" lon="-117.48593000000001">
    <ele>38.540000000000006</ele>
   </trkpt>
   <trkpt lat="33.32194500059424" lon="-117.48634499737824">
    <ele>38.24</ele>
   </trkpt>
   <trkpt lat="33.322480000000006" lon="-117.48676">
    <ele>37.96</ele>
   </trkpt>
   <trkpt lat="33.32316000270889" lon="-117.4873399909604">
    <ele>38.03</ele>
   </trkpt>
   <trkpt lat="33.323840002722676" lon="-117.48791999097199">
    <ele>38.95</ele>
   </trkpt>
   <trkpt lat="33.32452" lon="-117.48850000000002">
    <ele>40.040000000000006</ele>
   </trkpt>
   <trkpt lat="33.32519" lon="-117.48918">
    <ele>41.13</ele>
   </trkpt>
   <trkpt lat="33.32582" lon="-117.48989">
    <ele>42.34</ele>
   </trkpt>
   <trkpt lat="33.32634333729357" lon="-117.49059332488082">
    <ele>43.010000000000005</ele>
   </trkpt>
   <trkpt lat="33.32686667062377" lon="-117.49129665820982">
    <ele>43.96000000000001</ele>
   </trkpt>
   <trkpt lat="33.32739" lon="-117.492">
    <ele>45.040000000000006</ele>
   </trkpt>
   <trkpt lat="33.32763" lon="-117.49218">
    <ele>45.68000000000001</ele>
   </trkpt>
   <trkpt lat="33.327920000000006" lon="-117.49255000000001">
    <ele>46.230000000000004</ele>
   </trkpt>
   <trkpt lat="33.327960000000004" lon="-117.49276">
    <ele>46.540000000000006</ele>
   </trkpt>
   <trkpt lat="33.32808" lon="-117.49294">
    <ele>46.540000000000006</ele>
   </trkpt>
   <trkpt lat="33.328648345507176" lon="-117.49371997454251">
    <ele>48.230000000000004</ele>
   </trkpt>
   <trkpt lat="33.32921668613988" lon="-117.49449995926054">
    <ele>49.99000000000001</ele>
   </trkpt>
   <trkpt lat="33.32978502189793" lon="-117.49527995415441">
    <ele>51.49</ele>
   </trkpt>
   <trkpt lat="33.33035335278117" lon="-117.49605995922438">
    <ele>52.94</ele>
   </trkpt>
   <trkpt lat="33.33092167878942" lon="-117.49683997447072">
    <ele>53.75000000000001</ele>
   </trkpt>
   <trkpt lat="33.33149" lon="-117.49762000000001">
    <ele>53.900000000000006</ele>
   </trkpt>
   <trkpt lat="33.332040007035125" lon="-117.49838498551256">
    <ele>53.56</ele>
   </trkpt>
   <trkpt lat="33.332590009381065" lon="-117.49914998068438">
    <ele>52.78000000000001</ele>
   </trkpt>
   <trkpt lat="33.333140007037684" lon="-117.4999149855157">
    <ele>51.410000000000004</ele>
   </trkpt>
   <trkpt lat="33.333690000000004" lon="-117.50068">
    <ele>50.39</ele>
   </trkpt>
   <trkpt lat="33.333890000000004" lon="-117.50095">
    <ele>50.18</ele>
   </trkpt>
   <trkpt lat="33.33406" lon="-117.50104">
    <ele>50.160000000000004</ele>
   </trkpt>
   <trkpt lat="33.334140000000005" lon="-117.50115000000001">
    <ele>50.17</ele>
   </trkpt>
   <trkpt lat="33.33468144194578" lon="-117.50189568648383">
    <ele>48.92</ele>
   </trkpt>
   <trkpt lat="33.33522287943584" lon="-117.50264138223751">
    <ele>48.85</ele>
   </trkpt>
   <trkpt lat="33.33576431247001" lon="-117.5033870872613">
    <ele>49.21</ele>
   </trkpt>
   <trkpt lat="33.33630574104815" lon="-117.5041328015554">
    <ele>49.49</ele>
   </trkpt>
   <trkpt lat="33.33684716517013" lon="-117.50487852512002">
    <ele>49.38000000000001</ele>
   </trkpt>
   <trkpt lat="33.33738858483577" lon="-117.50562425795546">
    <ele>48.93</ele>
   </trkpt>
   <trkpt lat="33.33793" lon="-117.50637">
    <ele>48.75</ele>
   </trkpt>
   <trkpt lat="33.33851000270117" lon="-117.50717499478456">
    <ele>48.43</ele>
   </trkpt>
   <trkpt lat="33.339090000000006" lon="-117.50798">
    <ele>48.18</ele>
   </trkpt>
   <trkpt lat="33.33926" lon="-117.50811000000002">
    <ele>48.18</ele>
   </trkpt>
   <trkpt lat="33.339710000000004" lon="-117.50872000000001">
    <ele>48.18</ele>
   </trkpt>
   <trkpt lat="33.34001500080736" lon="-117.50915499854673">
    <ele>48.34</ele>
   </trkpt>
   <trkpt lat="33.340320000000006" lon="-117.50959">
    <ele>48.5</ele>
   </trkpt>
   <trkpt lat="33.340360000000004" lon="-117.50965000000001">
    <ele>48.96</ele>
   </trkpt>
   <trkpt lat="33.3404" lon="-117.50982">
    <ele>48.96</ele>
   </trkpt>
   <trkpt lat="33.34044" lon="-117.50990000000002">
    <ele>48.96</ele>
   </trkpt>
   <trkpt lat="33.340500000000006" lon="-117.50995">
    <ele>48.96</ele>
   </trkpt>
   <trkpt lat="33.34062" lon="-117.51001000000001">
    <ele>48.96</ele>
   </trkpt>
   <trkpt lat="33.34071" lon="-117.51009">
    <ele>49.18</ele>
   </trkpt>
   <trkpt lat="33.34115500150869" lon="-117.51069999690732">
    <ele>49.470000000000006</ele>
   </trkpt>
   <trkpt lat="33.3416" lon="-117.51131000000001">
    <ele>49.74</ele>
   </trkpt>
   <trkpt lat="33.34172" lon="-117.51162000000001">
    <ele>49.74</ele>
   </trkpt>
   <trkpt lat="33.342060000000004" lon="-117.5121">
    <ele>49.760000000000005</ele>
   </trkpt>
   <trkpt lat="33.342310000000005" lon="-117.51229000000001">
    <ele>49.64</ele>
   </trkpt>
   <trkpt lat="33.34274000135144" lon="-117.51287499708432">
    <ele>49.190000000000005</ele>
   </trkpt>
   <trkpt lat="33.34317" lon="-117.51346000000001">
    <ele>48.870000000000005</ele>
   </trkpt>
   <trkpt lat="33.34331" lon="-117.51381">
    <ele>48.67</ele>
   </trkpt>
   <trkpt lat="33.34339" lon="-117.51393000000002">
    <ele>48.67</ele>
   </trkpt>
   <trkpt lat="33.34369" lon="-117.51416">
    <ele>48.46</ele>
   </trkpt>
   <trkpt lat="33.3441150013828" lon="-117.51476499692774">
    <ele>48.06</ele>
   </trkpt>
   <trkpt lat="33.34454" lon="-117.51537">
    <ele>47.81</ele>
   </trkpt>
   <trkpt lat="33.3446" lon="-117.51546">
    <ele>47.81</ele>
   </trkpt>
   <trkpt lat="33.3447" lon="-117.51574000000001">
    <ele>47.49</ele>
   </trkpt>
   <trkpt lat="33.34492" lon="-117.51609">
    <ele>47.49</ele>
   </trkpt>
   <trkpt lat="33.345000000000006" lon="-117.51618">
    <ele>47.24</ele>
   </trkpt>
   <trkpt lat="33.345200000000006" lon="-117.51631">
    <ele>47.24</ele>
   </trkpt>
   <trkpt lat="33.34547500077203" lon="-117.5167549985598">
    <ele>47.24</ele>
   </trkpt>
   <trkpt lat="33.34575" lon="-117.5172">
    <ele>46.82</ele>
   </trkpt>
   <trkpt lat="33.346188010875906" lon="-117.51802398340578">
    <ele>46.17</ele>
   </trkpt>
   <trkpt lat="33.34662601631031" lon="-117.51884797510166">
    <ele>45.78</ele>
   </trkpt>
   <trkpt lat="33.34706401630309" lon="-117.51967197508766">
    <ele>45.45</ele>
   </trkpt>
   <trkpt lat="33.3475020108541" lon="-117.52049598336399">
    <ele>44.660000000000004</ele>
   </trkpt>
   <trkpt lat="33.34794" lon="-117.52132">
    <ele>44.43000000000001</ele>
   </trkpt>
   <trkpt lat="33.34838500201742" lon="-117.5220199965068">
    <ele>44.49</ele>
   </trkpt>
   <trkpt lat="33.34883" lon="-117.52272">
    <ele>44.620000000000005</ele>
   </trkpt>
   <trkpt lat="33.34922" lon="-117.52329">
    <ele>44.83</ele>
   </trkpt>
   <trkpt lat="33.349320000000006" lon="-117.52353000000001">
    <ele>45.11000000000001</ele>
   </trkpt>
   <trkpt lat="33.34939" lon="-117.52365">
    <ele>45.18000000000001</ele>
   </trkpt>
   <trkpt lat="33.34976" lon="-117.52411000000001">
    <ele>45.37</ele>
   </trkpt>
   <trkpt lat="33.35005" lon="-117.52428">
    <ele>45.44</ele>
   </trkpt>
   <trkpt lat="33.350455000976986" lon="-117.52473999800654">
    <ele>45.76</ele>
   </trkpt>
   <trkpt lat="33.350860000000004" lon="-117.52520000000001">
    <ele>45.910000000000004</ele>
   </trkpt>
   <trkpt lat="33.35096" lon="-117.52535">
    <ele>45.910000000000004</ele>
   </trkpt>
   <trkpt lat="33.35108" lon="-117.52568000000001">
    <ele>46.1</ele>
   </trkpt>
   <trkpt lat="33.35127" lon="-117.52589">
    <ele>46.1</ele>
   </trkpt>
   <trkpt lat="33.351350000000004" lon="-117.52595000000001">
    <ele>46.37</ele>
   </trkpt>
   <trkpt lat="33.35152" lon="-117.52602">
    <ele>46.37</ele>
   </trkpt>
   <trkpt lat="33.351690000000005" lon="-117.52616">
    <ele>46.37</ele>
   </trkpt>
   <trkpt lat="33.352250001522016" lon="-117.52678499593087">
    <ele>46.760000000000005</ele>
   </trkpt>
   <trkpt lat="33.352810000000005" lon="-117.52741">
    <ele>47.38</ele>
   </trkpt>
   <trkpt lat="33.35338" lon="-117.52810000000001">
    <ele>47.74</ele>
   </trkpt>
   <trkpt lat="33.353460000000005" lon="-117.52823000000001">
    <ele>47.74</ele>
   </trkpt>
   <trkpt lat="33.35354" lon="-117.52848000000002">
    <ele>47.830000000000005</ele>
   </trkpt>
   <trkpt lat="33.3536" lon="-117.52858">
    <ele>47.900000000000006</ele>
   </trkpt>
   <trkpt lat="33.35367" lon="-117.52866000000002">
    <ele>47.900000000000006</ele>
   </trkpt>
   <trkpt lat="33.35387" lon="-117.5288">
    <ele>48.11000000000001</ele>
   </trkpt>
   <trkpt lat="33.354270001322696" lon="-117.5293749973543">
    <ele>48.470000000000006</ele>
   </trkpt>
   <trkpt lat="33.354670000000006" lon="-117.52995000000001">
    <ele>48.5</ele>
   </trkpt>
   <trkpt lat="33.354980000000005" lon="-117.53041">
    <ele>48.550000000000004</ele>
   </trkpt>
   <trkpt lat="33.35504" lon="-117.53054000000002">
    <ele>48.63</ele>
   </trkpt>
   <trkpt lat="33.35511" lon="-117.53077">
    <ele>48.620000000000005</ele>
   </trkpt>
   <trkpt lat="33.355520000000006" lon="-117.53135">
    <ele>48.510000000000005</ele>
   </trkpt>
   <trkpt lat="33.355720000000005" lon="-117.53153">
    <ele>48.480000000000004</ele>
   </trkpt>
   <trkpt lat="33.356256671502244" lon="-117.53230665708955">
    <ele>47.82</ele>
   </trkpt>
   <trkpt lat="33.35679333816936" lon="-117.53308332375671">
    <ele>46.86000000000001</ele>
   </trkpt>
   <trkpt lat="33.357330000000005" lon="-117.53386">
    <ele>46.63</ele>
   </trkpt>
   <trkpt lat="33.357380000000006" lon="-117.53395">
    <ele>46.63</ele>
   </trkpt>
   <trkpt lat="33.35747" lon="-117.53427">
    <ele>46.39</ele>
   </trkpt>
   <trkpt lat="33.357670000000006" lon="-117.53454">
    <ele>46.3</ele>
   </trkpt>
   <trkpt lat="33.357980000000005" lon="-117.53478000000001">
    <ele>45.980000000000004</ele>
   </trkpt>
   <trkpt lat="33.35849501594106" lon="-117.53553371877915">
    <ele>45.74</ele>
   </trkpt>
   <trkpt lat="33.35901002732824" lon="-117.53628744647878">
    <ele>45.22</ele>
   </trkpt>
   <trkpt lat="33.35952503416142" lon="-117.53704118309906">
    <ele>44.72</ele>
   </trkpt>
   <trkpt lat="33.360040036440445" lon="-117.53779492864024">
    <ele>44.47</ele>
   </trkpt>
   <trkpt lat="33.360555034165166" lon="-117.53854868310249">
    <ele>44.65</ele>
   </trkpt>
   <trkpt lat="33.36107002733545" lon="-117.539302446486">
    <ele>44.75000000000001</ele>
   </trkpt>
   <trkpt lat="33.36158501595116" lon="-117.54005621879105">
    <ele>44.99</ele>
   </trkpt>
   <trkpt lat="33.362100000000005" lon="-117.54081000000001">
    <ele>45.38</ele>
   </trkpt>
   <trkpt lat="33.362550000000006" lon="-117.54144000000001">
    <ele>45.37</ele>
   </trkpt>
   <trkpt lat="33.363040000000005" lon="-117.54224">
    <ele>45.300000000000004</ele>
   </trkpt>
   <trkpt lat="33.363150000000005" lon="-117.54251000000001">
    <ele>45.21000000000001</ele>
   </trkpt>
   <trkpt lat="33.36339" lon="-117.54268">
    <ele>45.34</ele>
   </trkpt>
   <trkpt lat="33.36372" lon="-117.54313">
    <ele>45.14000000000001</ele>
   </trkpt>
   <trkpt lat="33.36424250729391" lon="-117.54390748603012">
    <ele>44.11</ele>
   </trkpt>
   <trkpt lat="33.36476500974182" lon="-117.5446849813979">
    <ele>42.910000000000004</ele>
   </trkpt>
   <trkpt lat="33.365287507343545" lon="-117.54546248610355">
    <ele>41.660000000000004</ele>
   </trkpt>
   <trkpt lat="33.36581" lon="-117.54624000000001">
    <ele>40.53</ele>
   </trkpt>
   <trkpt lat="33.36589" lon="-117.54653">
    <ele>37.37</ele>
   </trkpt>
   <trkpt lat="33.36621000075414" lon="-117.54699999807848">
    <ele>38.59</ele>
   </trkpt>
   <trkpt lat="33.366530000000004" lon="-117.54747">
    <ele>38.25000000000001</ele>
   </trkpt>
   <trkpt lat="33.36701000244683" lon="-117.54826499547043">
    <ele>37.13</ele>
   </trkpt>
   <trkpt lat="33.367490000000004" lon="-117.54906000000001">
    <ele>36.76</ele>
   </trkpt>
   <trkpt lat="33.367921267902766" lon="-117.54985872228482">
    <ele>36.51</ele>
   </trkpt>
   <trkpt lat="33.3683525306909" lon="-117.55065745248835">
    <ele>36.38</ele>
   </trkpt>
   <trkpt lat="33.36878378836427" lon="-117.55145619061072">
    <ele>36.18</ele>
   </trkpt>
   <trkpt lat="33.36921504092274" lon="-117.55225493665206">
    <ele>35.86</ele>
   </trkpt>
   <trkpt lat="33.369646288366184" lon="-117.55305369061243">
    <ele>34.870000000000005</ele>
   </trkpt>
   <trkpt lat="33.37007753069446" lon="-117.55385245249202">
    <ele>34.14</ele>
   </trkpt>
   <trkpt lat="33.37050876790743" lon="-117.55465122229091">
    <ele>32.910000000000004</ele>
   </trkpt>
   <trkpt lat="33.370940000000004" lon="-117.55545000000001">
    <ele>31.95</ele>
   </trkpt>
   <trkpt lat="33.371310001895864" lon="-117.55613999704144">
    <ele>30.890000000000004</ele>
   </trkpt>
   <trkpt lat="33.371680000000005" lon="-117.55683">
    <ele>29.78</ele>
   </trkpt>
   <trkpt lat="33.37209" lon="-117.55778000000001">
    <ele>28.880000000000003</ele>
   </trkpt>
   <trkpt lat="33.37229" lon="-117.55853">
    <ele>28.57</ele>
   </trkpt>
   <trkpt lat="33.37241" lon="-117.55907">
    <ele>28.64</ele>
   </trkpt>
   <trkpt lat="33.37267" lon="-117.55996">
    <ele>29.560000000000002</ele>
   </trkpt>
   <trkpt lat="33.37286" lon="-117.56045">
    <ele>29.890000000000004</ele>
   </trkpt>
   <trkpt lat="33.37314" lon="-117.56104">
    <ele>30.320000000000004</ele>
   </trkpt>
   <trkpt lat="33.37353" lon="-117.56166">
    <ele>31.12</ele>
   </trkpt>
   <trkpt lat="33.37388000068391" lon="-117.56208999819927">
    <ele>32.150000000000006</ele>
   </trkpt>
   <trkpt lat="33.374230000000004" lon="-117.56252">
    <ele>33.1</ele>
   </trkpt>
   <trkpt lat="33.3748" lon="-117.56305">
    <ele>33.88</ele>
   </trkpt>
   <trkpt lat="33.375450000558324" lon="-117.56344999695946">
    <ele>33.07</ele>
   </trkpt>
   <trkpt lat="33.3761" lon="-117.56385000000002">
    <ele>32.269999999999996</ele>
   </trkpt>
   <trkpt lat="33.376450000000006" lon="-117.56408">
    <ele>31.560000000000006</ele>
   </trkpt>
   <trkpt lat="33.376920000000005" lon="-117.56444">
    <ele>29.490000000000002</ele>
   </trkpt>
   <trkpt lat="33.37747" lon="-117.56498">
    <ele>26.89</ele>
   </trkpt>
   <trkpt lat="33.37778" lon="-117.56538">
    <ele>24.48</ele>
   </trkpt>
   <trkpt lat="33.37814" lon="-117.56592">
    <ele>20.98</ele>
   </trkpt>
   <trkpt lat="33.3785" lon="-117.56659">
    <ele>18.79</ele>
   </trkpt>
   <trkpt lat="33.37877" lon="-117.56723000000001">
    <ele>16.61</ele>
   </trkpt>
   <trkpt lat="33.379070000000006" lon="-117.56806">
    <ele>14.72</ele>
   </trkpt>
   <trkpt lat="33.37943" lon="-117.56893000000001">
    <ele>13.330000000000002</ele>
   </trkpt>
   <trkpt lat="33.37977144702195" lon="-117.56980569366299">
    <ele>13.02</ele>
   </trkpt>
   <trkpt lat="33.38011288789492" lon="-117.5706813942027">
    <ele>12.700000000000001</ele>
   </trkpt>
   <trkpt lat="33.38045432261879" lon="-117.57155710161913">
    <ele>12.370000000000001</ele>
   </trkpt>
   <trkpt lat="33.38079575119341" lon="-117.57243281591235">
    <ele>12.020000000000001</ele>
   </trkpt>
   <trkpt lat="33.381137173618676" lon="-117.57330853708237">
    <ele>11.48</ele>
   </trkpt>
   <trkpt lat="33.38147858989445" lon="-117.57418426512919">
    <ele>10.88</ele>
   </trkpt>
   <trkpt lat="33.381820000000005" lon="-117.57506000000001">
    <ele>10.530000000000001</ele>
   </trkpt>
   <trkpt lat="33.382070003736686" lon="-117.57573999616808">
    <ele>9.98</ele>
   </trkpt>
   <trkpt lat="33.38232000376548" lon="-117.57641999624637">
    <ele>9.44</ele>
   </trkpt>
   <trkpt lat="33.38257" lon="-117.57710000000002">
    <ele>10.09</ele>
   </trkpt>
   <trkpt lat="33.38283000275314" lon="-117.57792999748945">
    <ele>11.770000000000001</ele>
   </trkpt>
   <trkpt lat="33.38309" lon="-117.57876">
    <ele>15.61</ele>
   </trkpt>
   <trkpt lat="33.38322" lon="-117.57926">
    <ele>18.37</ele>
   </trkpt>
   <trkpt lat="33.38338500428099" lon="-117.58029499794762">
    <ele>21.88</ele>
   </trkpt>
   <trkpt lat="33.38355" lon="-117.58133000000001">
    <ele>23.919999999999998</ele>
   </trkpt>
   <trkpt lat="33.383520000000004" lon="-117.58165000000001">
    <ele>23.990000000000002</ele>
   </trkpt>
   <trkpt lat="33.3836" lon="-117.58198000000002">
    <ele>23.82</ele>
   </trkpt>
   <trkpt lat="33.38356" lon="-117.58199">
    <ele>23.82</ele>
   </trkpt>
   <trkpt lat="33.3836" lon="-117.58226">
    <ele>23.73</ele>
   </trkpt>
   <trkpt lat="33.38385" lon="-117.58289">
    <ele>22.910000000000004</ele>
   </trkpt>
   <trkpt lat="33.38398" lon="-117.58330000000001">
    <ele>22.12</ele>
   </trkpt>
   <trkpt lat="33.38423" lon="-117.58378">
    <ele>20.42</ele>
   </trkpt>
   <trkpt lat="33.38438" lon="-117.58388000000001">
    <ele>18.88</ele>
   </trkpt>
   <trkpt lat="33.3845" lon="-117.58404000000002">
    <ele>17.740000000000002</ele>
   </trkpt>
   <trkpt lat="33.38508333840198" lon="-117.58483332271706">
    <ele>11.590000000000002</ele>
   </trkpt>
   <trkpt lat="33.38566667175692" lon="-117.5856266560796">
    <ele>7.2700000000000005</ele>
   </trkpt>
   <trkpt lat="33.386250000000004" lon="-117.58642">
    <ele>4.6000000000000005</ele>
   </trkpt>
   <trkpt lat="33.38672666939094" lon="-117.58700332693107">
    <ele>4.010000000000001</ele>
   </trkpt>
   <trkpt lat="33.38720333605308" lon="-117.58758666025878">
    <ele>5.07</ele>
   </trkpt>
   <trkpt lat="33.38768" lon="-117.58817">
    <ele>6.04</ele>
   </trkpt>
   <trkpt lat="33.38803" lon="-117.58852">
    <ele>6.540000000000001</ele>
   </trkpt>
   <trkpt lat="33.38823" lon="-117.58866">
    <ele>6.69</ele>
   </trkpt>
   <trkpt lat="33.38852" lon="-117.5888">
    <ele>7.150000000000001</ele>
   </trkpt>
   <trkpt lat="33.389210000000006" lon="-117.58924">
    <ele>7.620000000000001</ele>
   </trkpt>
   <trkpt lat="33.38956" lon="-117.58942">
    <ele>8.09</ele>
   </trkpt>
   <trkpt lat="33.39011500072335" lon="-117.58985999714875">
    <ele>9.07</ele>
   </trkpt>
   <trkpt lat="33.39067" lon="-117.59030000000001">
    <ele>10.780000000000001</ele>
   </trkpt>
   <trkpt lat="33.39143" lon="-117.59081">
    <ele>12.690000000000001</ele>
   </trkpt>
   <trkpt lat="33.39182" lon="-117.59105000000001">
    <ele>13.770000000000001</ele>
   </trkpt>
   <trkpt lat="33.39250333523017" lon="-117.59153665901259">
    <ele>18.14</ele>
   </trkpt>
   <trkpt lat="33.393186668560844" lon="-117.59202332567725">
    <ele>21.830000000000002</ele>
   </trkpt>
   <trkpt lat="33.39387" lon="-117.59251">
    <ele>24.540000000000003</ele>
   </trkpt>
   <trkpt lat="33.39415" lon="-117.59273">
    <ele>25.69</ele>
   </trkpt>
   <trkpt lat="33.39443" lon="-117.59305">
    <ele>27.900000000000002</ele>
   </trkpt>
   <trkpt lat="33.394960000000005" lon="-117.59382000000001">
    <ele>33.57</ele>
   </trkpt>
   <trkpt lat="33.3952" lon="-117.59334000000001">
    <ele>34.730000000000004</ele>
   </trkpt>
   <trkpt lat="33.395430000919184" lon="-117.5928500013898">
    <ele>35.51</ele>
   </trkpt>
   <trkpt lat="33.39566" lon="-117.59236000000001">
    <ele>35.65</ele>
   </trkpt>
   <trkpt lat="33.39584" lon="-117.59211">
    <ele>36.39000000000001</ele>
   </trkpt>
   <trkpt lat="33.39609" lon="-117.59182000000001">
    <ele>36.61</ele>
   </trkpt>
   <trkpt lat="33.396330000000006" lon="-117.59165000000002">
    <ele>36.78</ele>
   </trkpt>
   <trkpt lat="33.39659" lon="-117.59152">
    <ele>37.1</ele>
   </trkpt>
   <trkpt lat="33.39687" lon="-117.59143">
    <ele>38.09</ele>
   </trkpt>
   <trkpt lat="33.397590000212595" lon="-117.59132500084537">
    <ele>41.71</ele>
   </trkpt>
   <trkpt lat="33.39831" lon="-117.59122">
    <ele>45.46</ele>
   </trkpt>
   <trkpt lat="33.39887999992273" lon="-117.59111000074583">
    <ele>47.82</ele>
   </trkpt>
   <trkpt lat="33.39945" lon="-117.59100000000001">
    <ele>49.07</ele>
   </trkpt>
   <trkpt lat="33.40001" lon="-117.59085">
    <ele>51.160000000000004</ele>
   </trkpt>
   <trkpt lat="33.40065666710353" lon="-117.59061333686053">
    <ele>51.86</ele>
   </trkpt>
   <trkpt lat="33.40130333375782" lon="-117.59037667019848">
    <ele>53.83</ele>
   </trkpt>
   <trkpt lat="33.40195" lon="-117.59014">
    <ele>55.13</ele>
   </trkpt>
   <trkpt lat="33.40242" lon="-117.58996">
    <ele>56.07</ele>
   </trkpt>
   <trkpt lat="33.40305" lon="-117.5896">
    <ele>57.260000000000005</ele>
   </trkpt>
   <trkpt lat="33.403600000000004" lon="-117.58919000000002">
    <ele>56.95</ele>
   </trkpt>
   <trkpt lat="33.4042" lon="-117.58866">
    <ele>54.3</ele>
   </trkpt>
   <trkpt lat="33.40471666882514" lon="-117.5881366729302">
    <ele>52.52</ele>
   </trkpt>
   <trkpt lat="33.405233335453374" lon="-117.58761333963588">
    <ele>49.99000000000001</ele>
   </trkpt>
   <trkpt lat="33.405750000000005" lon="-117.58709">
    <ele>46.17</ele>
   </trkpt>
   <trkpt lat="33.40619500038805" lon="-117.58677000165547">
    <ele>41.21</ele>
   </trkpt>
   <trkpt lat="33.40664" lon="-117.58645000000001">
    <ele>37.17</ele>
   </trkpt>
   <trkpt lat="33.40737778496574" lon="-117.58597669882886">
    <ele>35.96000000000001</ele>
   </trkpt>
   <trkpt lat="33.408115568134434" lon="-117.58550338961811">
    <ele>37.4</ele>
   </trkpt>
   <trkpt lat="33.408853349506025" lon="-117.58503007236745">
    <ele>36.9</ele>
   </trkpt>
   <trkpt lat="33.4095911290804" lon="-117.58455674707649">
    <ele>37.98</ele>
   </trkpt>
   <trkpt lat="33.4103289068575" lon="-117.5840834137449">
    <ele>40.910000000000004</ele>
   </trkpt>
   <trkpt lat="33.41106668283724" lon="-117.58361007237234">
    <ele>41.31</ele>
   </trkpt>
   <trkpt lat="33.411804457019535" lon="-117.58313672295847">
    <ele>42.5</ele>
   </trkpt>
   <trkpt lat="33.41254222940431" lon="-117.58266336550297">
    <ele>46.34</ele>
   </trkpt>
   <trkpt lat="33.41328" lon="-117.58219000000001">
    <ele>49.290000000000006</ele>
   </trkpt>
   <trkpt lat="33.41407" lon="-117.58172">
    <ele>49.28</ele>
   </trkpt>
   <trkpt lat="33.414848336766255" lon="-117.58130668518608">
    <ele>46.62</ele>
   </trkpt>
   <trkpt lat="33.41562667216198" lon="-117.5808933629635">
    <ele>43.5</ele>
   </trkpt>
   <trkpt lat="33.41640500618707" lon="-117.58048003333188">
    <ele>39.85</ele>
   </trkpt>
   <trkpt lat="33.417183338841504" lon="-117.58006669629097">
    <ele>35.61</ele>
   </trkpt>
   <trkpt lat="33.4179616701252" lon="-117.57965335184038">
    <ele>32.019999999999996</ele>
   </trkpt>
   <trkpt lat="33.41874" lon="-117.57924000000001">
    <ele>35.2</ele>
   </trkpt>
   <trkpt lat="33.419290000000004" lon="-117.57894">
    <ele>42.580000000000005</ele>
   </trkpt>
   <trkpt lat="33.41966" lon="-117.57868">
    <ele>44.71000000000001</ele>
   </trkpt>
   <trkpt lat="33.41993" lon="-117.57845">
    <ele>44.79</ele>
   </trkpt>
   <trkpt lat="33.42025" lon="-117.57806000000001">
    <ele>43.300000000000004</ele>
   </trkpt>
   <trkpt lat="33.420862507277164" lon="-117.57728251645236">
    <ele>44.53000000000001</ele>
   </trkpt>
   <trkpt lat="33.421475009704224" lon="-117.57650502193516">
    <ele>49.040000000000006</ele>
   </trkpt>
   <trkpt lat="33.42208750728101" lon="-117.57572751644805">
    <ele>45.77</ele>
   </trkpt>
   <trkpt lat="33.422700000000006" lon="-117.57495000000002">
    <ele>45.01</ele>
   </trkpt>
   <trkpt lat="33.423120001025815" lon="-117.57444000248873">
    <ele>44.89000000000001</ele>
   </trkpt>
   <trkpt lat="33.42354" lon="-117.57393">
    <ele>42.45</ele>
   </trkpt>
   <trkpt lat="33.424132507441136" lon="-117.57314251615458">
    <ele>36.51</ele>
   </trkpt>
   <trkpt lat="33.42472500990635" lon="-117.57235502155996">
    <ele>31.61</ele>
   </trkpt>
   <trkpt lat="33.425317507395484" lon="-117.57156751621582">
    <ele>29.470000000000002</ele>
   </trkpt>
   <trkpt lat="33.42591" lon="-117.57078000000001">
    <ele>30.19</ele>
   </trkpt>
   <trkpt lat="33.426374999997826" lon="-117.5708349997037">
    <ele>29.95</ele>
   </trkpt>
   <trkpt lat="33.426840000000006" lon="-117.57089">
    <ele>30.27</ele>
   </trkpt>
   <trkpt lat="33.4271" lon="-117.57084">
    <ele>30.430000000000003</ele>
   </trkpt>
   <trkpt lat="33.42723" lon="-117.57079000000002">
    <ele>30.76</ele>
   </trkpt>
   <trkpt lat="33.42728" lon="-117.57071">
    <ele>30.76</ele>
   </trkpt>
   <trkpt lat="33.427400000000006" lon="-117.57045000000001">
    <ele>31.05</ele>
   </trkpt>
   <trkpt lat="33.427420000000005" lon="-117.57021">
    <ele>30.92</ele>
   </trkpt>
   <trkpt lat="33.42727" lon="-117.56958000000002">
    <ele>30.680000000000003</ele>
   </trkpt>
   <trkpt lat="33.427260000000004" lon="-117.56904000000002">
    <ele>32.28</ele>
   </trkpt>
   <trkpt lat="33.427530000000004" lon="-117.56869">
    <ele>35.34</ele>
   </trkpt>
   <trkpt lat="33.427580000000006" lon="-117.5686">
    <ele>37.08</ele>
   </trkpt>
   <trkpt lat="33.42761" lon="-117.56848000000001">
    <ele>37.08</ele>
   </trkpt>
   <trkpt lat="33.427620000000005" lon="-117.56830000000001">
    <ele>40.019999999999996</ele>
   </trkpt>
   <trkpt lat="33.427580000000006" lon="-117.56816">
    <ele>40.410000000000004</ele>
   </trkpt>
   <trkpt lat="33.42748" lon="-117.56802">
    <ele>41.660000000000004</ele>
   </trkpt>
   <trkpt lat="33.42738" lon="-117.56793">
    <ele>42.18</ele>
   </trkpt>
   <trkpt lat="33.42723" lon="-117.56788000000002">
    <ele>42.4</ele>
   </trkpt>
   <trkpt lat="33.42683" lon="-117.56789">
    <ele>41.620000000000005</ele>
   </trkpt>
   <trkpt lat="33.426500000000004" lon="-117.56788000000002">
    <ele>41.870000000000005</ele>
   </trkpt>
   <trkpt lat="33.42615" lon="-117.5678">
    <ele>43.34</ele>
   </trkpt>
   <trkpt lat="33.42568" lon="-117.56754000000001">
    <ele>44.26</ele>
   </trkpt>
   <trkpt lat="33.424980000000005" lon="-117.56709000000001">
    <ele>44.31</ele>
   </trkpt>
   <trkpt lat="33.42439" lon="-117.56659">
    <ele>45.95</ele>
   </trkpt>
   <trkpt lat="33.42418" lon="-117.56628">
    <ele>48.080000000000005</ele>
   </trkpt>
   <trkpt lat="33.42399" lon="-117.56596">
    <ele>48.080000000000005</ele>
   </trkpt>
   <trkpt lat="33.42383" lon="-117.56542">
    <ele>50.32</ele>
   </trkpt>
   <trkpt lat="33.423770000000005" lon="-117.56498">
    <ele>51.63</ele>
   </trkpt>
   <trkpt lat="33.42378" lon="-117.56449">
    <ele>52.660000000000004</ele>
   </trkpt>
   <trkpt lat="33.423902251052105" lon="-117.56354223290337">
    <ele>53.99</ele>
   </trkpt>
   <trkpt lat="33.424024494896685" lon="-117.56259446313753">
    <ele>54.910000000000004</ele>
   </trkpt>
   <trkpt lat="33.42414673153369" lon="-117.56164669070264">
    <ele>56.690000000000005</ele>
   </trkpt>
   <trkpt lat="33.424268960963055" lon="-117.56069891559885">
    <ele>57.13</ele>
   </trkpt>
   <trkpt lat="33.42439118318472" lon="-117.5597511378263">
    <ele>57.45000000000001</ele>
   </trkpt>
   <trkpt lat="33.42451339819865" lon="-117.5588033573851">
    <ele>58.010000000000005</ele>
   </trkpt>
   <trkpt lat="33.42463560600477" lon="-117.55785557427542">
    <ele>58.800000000000004</ele>
   </trkpt>
   <trkpt lat="33.42475780660304" lon="-117.55690778849737">
    <ele>58.78</ele>
   </trkpt>
   <trkpt lat="33.42488" lon="-117.55596000000001">
    <ele>59.04</ele>
   </trkpt>
   <trkpt lat="33.425000000000004" lon="-117.5549">
    <ele>61.65</ele>
   </trkpt>
   <trkpt lat="33.42502" lon="-117.55417000000001">
    <ele>62.54</ele>
   </trkpt>
   <trkpt lat="33.424960000000006" lon="-117.55339000000001">
    <ele>61.52</ele>
   </trkpt>
   <trkpt lat="33.42485" lon="-117.55275">
    <ele>58.14</ele>
   </trkpt>
   <trkpt lat="33.42457000391346" lon="-117.55176499689675">
    <ele>56.2</ele>
   </trkpt>
   <trkpt lat="33.424290000000006" lon="-117.55078">
    <ele>56.720000000000006</ele>
   </trkpt>
   <trkpt lat="33.42421" lon="-117.55031000000001">
    <ele>57.370000000000005</ele>
   </trkpt>
   <trkpt lat="33.42393667447089" lon="-117.54932332709487">
    <ele>56.870000000000005</ele>
   </trkpt>
   <trkpt lat="33.423663341130435" lon="-117.54833666040264">
    <ele>55.86000000000001</ele>
   </trkpt>
   <trkpt lat="33.423390000000005" lon="-117.54735000000001">
    <ele>54.580000000000005</ele>
   </trkpt>
   <trkpt lat="33.42313201461308" lon="-117.54639598868953">
    <ele>50.07</ele>
   </trkpt>
   <trkpt lat="33.4228740219235" lon="-117.54544198304899">
    <ele>49.61</ele>
   </trkpt>
   <trkpt lat="33.422616021931354" lon="-117.54448798307841">
    <ele>48.38</ele>
   </trkpt>
   <trkpt lat="33.42235801463678" lon="-117.54353398877791">
    <ele>46.18000000000001</ele>
   </trkpt>
   <trkpt lat="33.4221" lon="-117.54258000000002">
    <ele>47.510000000000005</ele>
   </trkpt>
   <trkpt lat="33.42187500799291" lon="-117.54176499365907">
    <ele>47.16</ele>
   </trkpt>
   <trkpt lat="33.421650010656286" lon="-117.54094999154223">
    <ele>46.36000000000001</ele>
   </trkpt>
   <trkpt lat="33.42142500799022" lon="-117.54013499364954">
    <ele>46.25000000000001</ele>
   </trkpt>
   <trkpt lat="33.421200000000006" lon="-117.53932">
    <ele>46.84</ele>
   </trkpt>
   <trkpt lat="33.420930000000006" lon="-117.53874">
    <ele>46.86000000000001</ele>
   </trkpt>
   <trkpt lat="33.42065" lon="-117.53835000000001">
    <ele>46.160000000000004</ele>
   </trkpt>
   <trkpt lat="33.42015333544792" lon="-117.53782999399353">
    <ele>45.900000000000006</ele>
   </trkpt>
   <trkpt lat="33.4196566687263" lon="-117.53730999393606">
    <ele>46.62</ele>
   </trkpt>
   <trkpt lat="33.419160000000005" lon="-117.53679000000001">
    <ele>47.09</ele>
   </trkpt>
   <trkpt lat="33.41872" lon="-117.53637">
    <ele>50.02</ele>
   </trkpt>
   <trkpt lat="33.418380000000006" lon="-117.53585000000001">
    <ele>54.39000000000001</ele>
   </trkpt>
   <trkpt lat="33.418220000000005" lon="-117.53556">
    <ele>56.660000000000004</ele>
   </trkpt>
   <trkpt lat="33.417995001097346" lon="-117.53504499874194">
    <ele>62.88</ele>
   </trkpt>
   <trkpt lat="33.417770000000004" lon="-117.53453">
    <ele>68.73</ele>
   </trkpt>
   <trkpt lat="33.41743" lon="-117.53392000000001">
    <ele>78.27000000000001</ele>
   </trkpt>
   <trkpt lat="33.41704" lon="-117.53341">
    <ele>85.58</ele>
   </trkpt>
   <trkpt lat="33.41649" lon="-117.53290000000001">
    <ele>93.43</ele>
   </trkpt>
   <trkpt lat="33.41595000088816" lon="-117.53245999735485">
    <ele>104.38000000000001</ele>
   </trkpt>
   <trkpt lat="33.41541" lon="-117.53202">
    <ele>112.97000000000001</ele>
   </trkpt>
   <trkpt lat="33.41501" lon="-117.53172">
    <ele>118.84000000000002</ele>
   </trkpt>
   <trkpt lat="33.414750000000005" lon="-117.53158">
    <ele>121.4</ele>
   </trkpt>
   <trkpt lat="33.414390000000004" lon="-117.53145">
    <ele>125.10000000000001</ele>
   </trkpt>
   <trkpt lat="33.41418" lon="-117.53141000000001">
    <ele>126.60000000000001</ele>
   </trkpt>
   <trkpt lat="33.41384" lon="-117.53138000000001">
    <ele>128.02</ele>
   </trkpt>
   <trkpt lat="33.41336499989315" lon="-117.53139000005696">
    <ele>128.91</ele>
   </trkpt>
   <trkpt lat="33.412890000000004" lon="-117.5314">
    <ele>128.52</ele>
   </trkpt>
   <trkpt lat="33.41213666668922" lon="-117.53130999843371">
    <ele>126.99000000000002</ele>
   </trkpt>
   <trkpt lat="33.41138333331345" lon="-117.53121999842867">
    <ele>125.30000000000003</ele>
   </trkpt>
   <trkpt lat="33.410630000000005" lon="-117.53113">
    <ele>125.04</ele>
   </trkpt>
   <trkpt lat="33.409884999966216" lon="-117.53104999930747">
    <ele>124.30000000000001</ele>
   </trkpt>
   <trkpt lat="33.40914" lon="-117.53097000000001">
    <ele>120.54</ele>
   </trkpt>
   <trkpt lat="33.40865" lon="-117.5309">
    <ele>118.02000000000001</ele>
   </trkpt>
   <trkpt lat="33.408280000000005" lon="-117.53078000000001">
    <ele>114.2</ele>
   </trkpt>
   <trkpt lat="33.4078" lon="-117.53051">
    <ele>110.60000000000001</ele>
   </trkpt>
   <trkpt lat="33.407520000000005" lon="-117.53032">
    <ele>108.53000000000002</ele>
   </trkpt>
   <trkpt lat="33.40695000224411" lon="-117.52979332643953">
    <ele>105.8</ele>
   </trkpt>
   <trkpt lat="33.40638000226311" lon="-117.52926665979051">
    <ele>103.14</ele>
   </trkpt>
   <trkpt lat="33.40581" lon="-117.52874000000001">
    <ele>98.9</ele>
   </trkpt>
   <trkpt lat="33.40532" lon="-117.5284">
    <ele>92.56</ele>
   </trkpt>
   <trkpt lat="33.405080000000005" lon="-117.52826">
    <ele>90.16</ele>
   </trkpt>
   <trkpt lat="33.404740000000004" lon="-117.52813">
    <ele>87.26</ele>
   </trkpt>
   <trkpt lat="33.40447" lon="-117.52809">
    <ele>83.82000000000001</ele>
   </trkpt>
   <trkpt lat="33.403960000000005" lon="-117.52809">
    <ele>79.58000000000001</ele>
   </trkpt>
   <trkpt lat="33.40346499982806" lon="-117.52810500009068">
    <ele>76.38</ele>
   </trkpt>
   <trkpt lat="33.40297" lon="-117.52812000000002">
    <ele>72.78000000000002</ele>
   </trkpt>
   <trkpt lat="33.402210000000004" lon="-117.52819000000001">
    <ele>70.62</ele>
   </trkpt>
   <trkpt lat="33.401680000000006" lon="-117.52835">
    <ele>71.12</ele>
   </trkpt>
   <trkpt lat="33.4014" lon="-117.52844">
    <ele>71.21000000000001</ele>
   </trkpt>
   <trkpt lat="33.40095" lon="-117.52868000000001">
    <ele>71.2</ele>
   </trkpt>
   <trkpt lat="33.40046000046686" lon="-117.52901000184065">
    <ele>70.48</ele>
   </trkpt>
   <trkpt lat="33.39997" lon="-117.52934">
    <ele>68.94</ele>
   </trkpt>
   <trkpt lat="33.399660000000004" lon="-117.52948">
    <ele>68.54</ele>
   </trkpt>
   <trkpt lat="33.399330000000006" lon="-117.52960000000002">
    <ele>68.55</ele>
   </trkpt>
   <trkpt lat="33.399080000000005" lon="-117.52967000000001">
    <ele>68.84000000000002</ele>
   </trkpt>
   <trkpt lat="33.39882" lon="-117.5297">
    <ele>68.64</ele>
   </trkpt>
   <trkpt lat="33.39866" lon="-117.5297">
    <ele>68.16000000000001</ele>
   </trkpt>
   <trkpt lat="33.39844" lon="-117.52962000000001">
    <ele>66.60000000000001</ele>
   </trkpt>
   <trkpt lat="33.398030000000006" lon="-117.52938">
    <ele>64.34</ele>
   </trkpt>
   <trkpt lat="33.39761500053619" lon="-117.52900999822164">
    <ele>61.34</ele>
   </trkpt>
   <trkpt lat="33.397200000000005" lon="-117.52864000000001">
    <ele>55.85</ele>
   </trkpt>
   <trkpt lat="33.3971" lon="-117.52850000000001">
    <ele>55.67</ele>
   </trkpt>
   <trkpt lat="33.397054309364734" lon="-117.52750856828476">
    <ele>55.78</ele>
   </trkpt>
   <trkpt lat="33.39700861084572" lon="-117.52651713761207">
    <ele>55.17</ele>
   </trkpt>
   <trkpt lat="33.39696290444295" lon="-117.52552570798218">
    <ele>53.77</ele>
   </trkpt>
   <trkpt lat="33.3969171901565" lon="-117.52453427939528">
    <ele>53.4</ele>
   </trkpt>
   <trkpt lat="33.396871467986365" lon="-117.5235428518515">
    <ele>53.00000000000001</ele>
   </trkpt>
   <trkpt lat="33.39682573793256" lon="-117.52255142535101">
    <ele>54.44</ele>
   </trkpt>
   <trkpt lat="33.39678" lon="-117.52156000000001">
    <ele>56.49</ele>
   </trkpt>
   <trkpt lat="33.39672" lon="-117.52061">
    <ele>57.540000000000006</ele>
   </trkpt>
   <trkpt lat="33.396620000000006" lon="-117.51997000000001">
    <ele>56.830000000000005</ele>
   </trkpt>
   <trkpt lat="33.396570000000004" lon="-117.51976">
    <ele>56.720000000000006</ele>
   </trkpt>
   <trkpt lat="33.39634" lon="-117.519">
    <ele>57.43</ele>
   </trkpt>
   <trkpt lat="33.39616" lon="-117.51857000000001">
    <ele>57.43</ele>
   </trkpt>
   <trkpt lat="33.39572430589042" lon="-117.51765425816895">
    <ele>58.72</ele>
   </trkpt>
   <trkpt lat="33.39528860505508" lon="-117.51673852551966">
    <ele>59.660000000000004</ele>
   </trkpt>
   <trkpt lat="33.39485289749417" lon="-117.51582280205206">
    <ele>58.75</ele>
   </trkpt>
   <trkpt lat="33.39441718320786" lon="-117.51490708776608">
    <ele>62.53</ele>
   </trkpt>
   <trkpt lat="33.39398146219634" lon="-117.51399138266157">
    <ele>64.46000000000001</ele>
   </trkpt>
   <trkpt lat="33.39354573445978" lon="-117.51307568673845">
    <ele>64.5</ele>
   </trkpt>
   <trkpt lat="33.39311" lon="-117.51216000000001">
    <ele>63.84</ele>
   </trkpt>
   <trkpt lat="33.39281000171474" lon="-117.5114999976515">
    <ele>63.71</ele>
   </trkpt>
   <trkpt lat="33.39251" lon="-117.51084000000002">
    <ele>62.870000000000005</ele>
   </trkpt>
   <trkpt lat="33.39214000713608" lon="-117.51006999017412">
    <ele>61.33</ele>
   </trkpt>
   <trkpt lat="33.39177000951702" lon="-117.50929998690364">
    <ele>60.72</ele>
   </trkpt>
   <trkpt lat="33.3914000071429" lon="-117.50852999018855">
    <ele>61.06</ele>
   </trkpt>
   <trkpt lat="33.39103" lon="-117.50776">
    <ele>62.7</ele>
   </trkpt>
   <trkpt lat="33.39062502638046" lon="-117.50690496414497">
    <ele>69.53</ele>
   </trkpt>
   <trkpt lat="33.390220046897795" lon="-117.50604993625706">
    <ele>71.23</ele>
   </trkpt>
   <trkpt lat="33.38981506155212" lon="-117.50519491633612">
    <ele>68.02000000000001</ele>
   </trkpt>
   <trkpt lat="33.389410070343594" lon="-117.50433990438215">
    <ele>67.28</ele>
   </trkpt>
   <trkpt lat="33.38900507327236" lon="-117.50348490039498">
    <ele>69.85000000000001</ele>
   </trkpt>
   <trkpt lat="33.38860007033856" lon="-117.5026299043746">
    <ele>75.71</ele>
   </trkpt>
   <trkpt lat="33.38819506154235" lon="-117.50177491632093">
    <ele>79.4</ele>
   </trkpt>
   <trkpt lat="33.387790046883865" lon="-117.50091993623381">
    <ele>85.33</ele>
   </trkpt>
   <trkpt lat="33.38738502636324" lon="-117.50006496411325">
    <ele>86.89</ele>
   </trkpt>
   <trkpt lat="33.38698" lon="-117.49921">
    <ele>85.68</ele>
   </trkpt>
   <trkpt lat="33.386648589998124" lon="-117.49833140847421">
    <ele>84.13000000000001</ele>
   </trkpt>
   <trkpt lat="33.38631717380597" lon="-117.49745282364691">
    <ele>85.15</ele>
   </trkpt>
   <trkpt lat="33.38598575142365" lon="-117.49657424551809">
    <ele>89.2</ele>
   </trkpt>
   <trkpt lat="33.38565432285129" lon="-117.49569567408774">
    <ele>97.76</ele>
   </trkpt>
   <trkpt lat="33.38532288808902" lon="-117.49481710935585">
    <ele>103.32000000000001</ele>
   </trkpt>
   <trkpt lat="33.384991447136954" lon="-117.4939385513224">
    <ele>104.3</ele>
   </trkpt>
   <trkpt lat="33.384660000000004" lon="-117.49306000000001">
    <ele>107.05</ele>
   </trkpt>
   <trkpt lat="33.38434500301494" lon="-117.49219499690705">
    <ele>106.21000000000001</ele>
   </trkpt>
   <trkpt lat="33.38403" lon="-117.49133">
    <ele>105.05</ele>
   </trkpt>
   <trkpt lat="33.38382" lon="-117.49066">
    <ele>104.95000000000002</ele>
   </trkpt>
   <trkpt lat="33.38357401386785" lon="-117.4897299894623">
    <ele>104.98</ele>
   </trkpt>
   <trkpt lat="33.38332802079995" lon="-117.4887999841869">
    <ele>107.4</ele>
   </trkpt>
   <trkpt lat="33.383082020796415" lon="-117.48786998417383">
    <ele>107.54</ele>
   </trkpt>
   <trkpt lat="33.382836013857336" lon="-117.48693998942322">
    <ele>106.37</ele>
   </trkpt>
   <trkpt lat="33.38259" lon="-117.48601000000001">
    <ele>105.37</ele>
   </trkpt>
   <trkpt lat="33.382380000000005" lon="-117.48537">
    <ele>103.05</ele>
   </trkpt>
   <trkpt lat="33.38219" lon="-117.48506">
    <ele>103.02000000000001</ele>
   </trkpt>
   <trkpt lat="33.3819" lon="-117.48472000000001">
    <ele>104.12</ele>
   </trkpt>
   <trkpt lat="33.38140500097206" lon="-117.48421999712312">
    <ele>105.48</ele>
   </trkpt>
   <trkpt lat="33.38091" lon="-117.48372">
    <ele>105.02</ele>
   </trkpt>
   <trkpt lat="33.38053500048648" lon="-117.4833299981899">
    <ele>105.8</ele>
   </trkpt>
   <trkpt lat="33.380160000000004" lon="-117.48294000000001">
    <ele>108.59</ele>
   </trkpt>
   <trkpt lat="33.3797" lon="-117.48251">
    <ele>111.18</ele>
   </trkpt>
   <trkpt lat="33.37914500128848" lon="-117.48192999623546">
    <ele>110.48</ele>
   </trkpt>
   <trkpt lat="33.37859" lon="-117.48135">
    <ele>109.01</ele>
   </trkpt>
   <trkpt lat="33.37822500056186" lon="-117.48098999853073">
    <ele>107.04</ele>
   </trkpt>
   <trkpt lat="33.377860000000005" lon="-117.48063">
    <ele>107.83000000000001</ele>
   </trkpt>
   <trkpt lat="33.37756" lon="-117.48022">
    <ele>110.14000000000001</ele>
   </trkpt>
   <trkpt lat="33.37735" lon="-117.47978">
    <ele>111.24000000000001</ele>
   </trkpt>
   <trkpt lat="33.377280000000006" lon="-117.47945000000001">
    <ele>111.91000000000001</ele>
   </trkpt>
   <trkpt lat="33.3771275083327" lon="-117.47861749560465">
    <ele>112.64</ele>
   </trkpt>
   <trkpt lat="33.37697501110826" lon="-117.47778499412881">
    <ele>114.37</ele>
   </trkpt>
   <trkpt lat="33.37682250832676" lon="-117.47695249557249">
    <ele>115.55000000000001</ele>
   </trkpt>
   <trkpt lat="33.376670000000004" lon="-117.47612000000001">
    <ele>116.46000000000001</ele>
   </trkpt>
   <trkpt lat="33.37649001991993" lon="-117.47520998870213">
    <ele>116.53</ele>
   </trkpt>
   <trkpt lat="33.37631003319988" lon="-117.4742999811707">
    <ele>116.73000000000002</ele>
   </trkpt>
   <trkpt lat="33.37613003983995" lon="-117.47338997740586">
    <ele>117.30000000000001</ele>
   </trkpt>
   <trkpt lat="33.375950039840205" lon="-117.47247997740766">
    <ele>117.95000000000002</ele>
   </trkpt>
   <trkpt lat="33.375770033200695" lon="-117.4715699811762">
    <ele>118.88000000000001</ele>
   </trkpt>
   <trkpt lat="33.37559001992152" lon="-117.47065998871159">
    <ele>119.66000000000001</ele>
   </trkpt>
   <trkpt lat="33.37541" lon="-117.46975">
    <ele>121.03000000000002</ele>
   </trkpt>
   <trkpt lat="33.37539" lon="-117.46935">
    <ele>121.3</ele>
   </trkpt>
   <trkpt lat="33.37541" lon="-117.46894">
    <ele>121.63000000000001</ele>
   </trkpt>
   <trkpt lat="33.37556" lon="-117.46827">
    <ele>121.9</ele>
   </trkpt>
   <trkpt lat="33.37585000317294" lon="-117.46738000297559">
    <ele>122.11000000000001</ele>
   </trkpt>
   <trkpt lat="33.37614" lon="-117.46649000000001">
    <ele>123.56000000000002</ele>
   </trkpt>
   <trkpt lat="33.376432510286506" lon="-117.46556500934636">
    <ele>125.38000000000001</ele>
   </trkpt>
   <trkpt lat="33.376725013712594" lon="-117.46464001247078">
    <ele>126.58</ele>
   </trkpt>
   <trkpt lat="33.37701751027813" lon="-117.46371500937323">
    <ele>128.92000000000002</ele>
   </trkpt>
   <trkpt lat="33.37731" lon="-117.46279000000001">
    <ele>130.73000000000002</ele>
   </trkpt>
   <trkpt lat="33.37747" lon="-117.46236">
    <ele>132.41</ele>
   </trkpt>
   <trkpt lat="33.37770377279553" lon="-117.46145876695516">
    <ele>133.91</ele>
   </trkpt>
   <trkpt lat="33.37793753907838" lon="-117.46055752906523">
    <ele>134.77</ele>
   </trkpt>
   <trkpt lat="33.37817129884849" lon="-117.45965628633029">
    <ele>135.44</ele>
   </trkpt>
   <trkpt lat="33.37840505210575" lon="-117.45875503875041">
    <ele>136.4</ele>
   </trkpt>
   <trkpt lat="33.37863879885008" lon="-117.45785378632564">
    <ele>138.86</ele>
   </trkpt>
   <trkpt lat="33.378872539081364" lon="-117.45695252905607">
    <ele>141.42000000000002</ele>
   </trkpt>
   <trkpt lat="33.37910627279954" lon="-117.45605126694174">
    <ele>142.51</ele>
   </trkpt>
   <trkpt lat="33.379340000000006" lon="-117.45515">
    <ele>144.61</ele>
   </trkpt>
   <trkpt lat="33.37952" lon="-117.45472000000001">
    <ele>148.05</ele>
   </trkpt>
   <trkpt lat="33.37959" lon="-117.45448">
    <ele>149.44000000000003</ele>
   </trkpt>
   <trkpt lat="33.37968500180574" lon="-117.45381000068969">
    <ele>151.74</ele>
   </trkpt>
   <trkpt lat="33.379780000000004" lon="-117.45314">
    <ele>151.87</ele>
   </trkpt>
   <trkpt lat="33.37979" lon="-117.45283">
    <ele>151.3</ele>
   </trkpt>
   <trkpt lat="33.37977" lon="-117.45248000000001">
    <ele>150.92</ele>
   </trkpt>
   <trkpt lat="33.37963201533997" lon="-117.4515019937976">
    <ele>151.19000000000003</ele>
   </trkpt>
   <trkpt lat="33.37949402301027" lon="-117.450523990699">
    <ele>155.09</ele>
   </trkpt>
   <trkpt lat="33.37935602301096" lon="-117.44954599070431">
    <ele>157.03</ele>
   </trkpt>
   <trkpt lat="33.37921801534213" lon="-117.44856799381368">
    <ele>157.17</ele>
   </trkpt>
   <trkpt lat="33.37908" lon="-117.44759">
    <ele>156.65</ele>
   </trkpt>
   <trkpt lat="33.37905" lon="-117.44687">
    <ele>157.13000000000002</ele>
   </trkpt>
   <trkpt lat="33.37908" lon="-117.44639000000001">
    <ele>157.58</ele>
   </trkpt>
   <trkpt lat="33.37906333749169" lon="-117.44566999979247">
    <ele>159.95000000000002</ele>
   </trkpt>
   <trkpt lat="33.379046670826604" lon="-117.44494999986091">
    <ele>161.95000000000002</ele>
   </trkpt>
   <trkpt lat="33.37903" lon="-117.44423">
    <ele>164.05</ele>
   </trkpt>
   <trkpt lat="33.378980003254505" lon="-117.44332999960893">
    <ele>163.99</ele>
   </trkpt>
   <trkpt lat="33.378930000000004" lon="-117.44243000000002">
    <ele>166.63</ele>
   </trkpt>
   <trkpt lat="33.37891500134747" lon="-117.44184999985231">
    <ele>168.44</ele>
   </trkpt>
   <trkpt lat="33.3789" lon="-117.44127">
    <ele>168.9</ele>
   </trkpt>
   <trkpt lat="33.3788850046347" lon="-117.44019499992507">
    <ele>173.53</ele>
   </trkpt>
   <trkpt lat="33.378870000000006" lon="-117.43912">
    <ele>177.54</ele>
   </trkpt>
   <trkpt lat="33.37881" lon="-117.43868">
    <ele>180.07</ele>
   </trkpt>
   <trkpt lat="33.378710000000005" lon="-117.43836">
    <ele>182.63000000000002</ele>
   </trkpt>
   <trkpt lat="33.37847" lon="-117.43783">
    <ele>187.60000000000002</ele>
   </trkpt>
   <trkpt lat="33.37829" lon="-117.43752">
    <ele>190.77</ele>
   </trkpt>
   <trkpt lat="33.377950000000006" lon="-117.43715">
    <ele>194.23000000000002</ele>
   </trkpt>
   <trkpt lat="33.37729000118848" lon="-117.43659499574909">
    <ele>203.67000000000002</ele>
   </trkpt>
   <trkpt lat="33.376630000000006" lon="-117.43604">
    <ele>210.07</ele>
   </trkpt>
   <trkpt lat="33.376380000000005" lon="-117.43577">
    <ele>213.29</ele>
   </trkpt>
   <trkpt lat="33.37593666914093" lon="-117.43520999424015">
    <ele>218.3</ele>
   </trkpt>
   <trkpt lat="33.37549333576733" lon="-117.43464999418939">
    <ele>220.67</ele>
   </trkpt>
   <trkpt lat="33.37505" lon="-117.43409000000001">
    <ele>220.83</ele>
   </trkpt>
   <trkpt lat="33.37469" lon="-117.4338">
    <ele>219.65</ele>
   </trkpt>
   <trkpt lat="33.37435" lon="-117.43361000000002">
    <ele>217.38000000000002</ele>
   </trkpt>
   <trkpt lat="33.3738" lon="-117.43338000000001">
    <ele>213.70000000000002</ele>
   </trkpt>
   <trkpt lat="33.373110000000004" lon="-117.43313">
    <ele>209.06000000000003</ele>
   </trkpt>
   <trkpt lat="33.37272" lon="-117.43294000000002">
    <ele>207.06000000000003</ele>
   </trkpt>
   <trkpt lat="33.37213333461247" lon="-117.43253999460201">
    <ele>204.78</ele>
   </trkpt>
   <trkpt lat="33.371546667942084" lon="-117.43213999459954">
    <ele>203.06</ele>
   </trkpt>
   <trkpt lat="33.370960000000004" lon="-117.43174">
    <ele>200.06</ele>
   </trkpt>
   <trkpt lat="33.37050000083165" lon="-117.4313349980117">
    <ele>197.62</ele>
   </trkpt>
   <trkpt lat="33.37004" lon="-117.43093">
    <ele>195.56</ele>
   </trkpt>
   <trkpt lat="33.36944600830025" lon="-117.43020998032101">
    <ele>191.95000000000002</ele>
   </trkpt>
   <trkpt lat="33.36885201244416" lon="-117.42948997047442">
    <ele>190.35000000000002</ele>
   </trkpt>
   <trkpt lat="33.368258012431866" lon="-117.42876997046002">
    <ele>193.33</ele>
   </trkpt>
   <trkpt lat="33.36766400826355" lon="-117.42804998027748">
    <ele>195.09</ele>
   </trkpt>
   <trkpt lat="33.367070000000005" lon="-117.42733000000001">
    <ele>197.72</ele>
   </trkpt>
   <trkpt lat="33.36663000114963" lon="-117.42680499739839">
    <ele>200.4</ele>
   </trkpt>
   <trkpt lat="33.36619" lon="-117.42628">
    <ele>201.78</ele>
   </trkpt>
   <trkpt lat="33.36603" lon="-117.42614">
    <ele>202.37</ele>
   </trkpt>
   <trkpt lat="33.36582" lon="-117.42602000000001">
    <ele>202.40000000000003</ele>
   </trkpt>
   <trkpt lat="33.36562" lon="-117.42596">
    <ele>202.02</ele>
   </trkpt>
   <trkpt lat="33.36502" lon="-117.42596">
    <ele>200.59</ele>
   </trkpt>
   <trkpt lat="33.36478" lon="-117.42593000000001">
    <ele>199.92000000000002</ele>
   </trkpt>
   <trkpt lat="33.364254999892864" lon="-117.4258099992383">
    <ele>197.53</ele>
   </trkpt>
   <trkpt lat="33.363730000000004" lon="-117.42569">
    <ele>195.17000000000002</ele>
   </trkpt>
   <trkpt lat="33.36329" lon="-117.42565">
    <ele>190.76000000000002</ele>
   </trkpt>
   <trkpt lat="33.363" lon="-117.42557000000001">
    <ele>190.12</ele>
   </trkpt>
   <trkpt lat="33.36271" lon="-117.42542">
    <ele>187.71</ele>
   </trkpt>
   <trkpt lat="33.36242" lon="-117.42511">
    <ele>183.26</ele>
   </trkpt>
   <trkpt lat="33.36193333590853" lon="-117.42454332699629">
    <ele>178.04</ele>
   </trkpt>
   <trkpt lat="33.361446669242895" lon="-117.42397666033088">
    <ele>172.26000000000002</ele>
   </trkpt>
   <trkpt lat="33.360960000000006" lon="-117.42341">
    <ele>164.83</ele>
   </trkpt>
   <trkpt lat="33.36037" lon="-117.42274">
    <ele>156.62</ele>
   </trkpt>
   <trkpt lat="33.35996" lon="-117.42216">
    <ele>151.84</ele>
   </trkpt>
   <trkpt lat="33.35968500147955" lon="-117.42155499811571">
    <ele>145.22</ele>
   </trkpt>
   <trkpt lat="33.359410000000004" lon="-117.42095">
    <ele>137.45000000000002</ele>
   </trkpt>
   <trkpt lat="33.359140000000004" lon="-117.42028">
    <ele>131.95000000000002</ele>
   </trkpt>
   <trkpt lat="33.35906" lon="-117.41984000000001">
    <ele>128.56</ele>
   </trkpt>
   <trkpt lat="33.35905" lon="-117.41948000000001">
    <ele>126.06</ele>
   </trkpt>
   <trkpt lat="33.35909" lon="-117.41888000000002">
    <ele>121.19</ele>
   </trkpt>
   <trkpt lat="33.35915" lon="-117.41862">
    <ele>118.93</ele>
   </trkpt>
   <trkpt lat="33.35931" lon="-117.41839000000002">
    <ele>116.9</ele>
   </trkpt>
   <trkpt lat="33.359950000000005" lon="-117.41769000000001">
    <ele>109.37</ele>
   </trkpt>
   <trkpt lat="33.360130000000005" lon="-117.41746">
    <ele>108.55000000000001</ele>
   </trkpt>
   <trkpt lat="33.36046500219028" lon="-117.41672000285872">
    <ele>106.21000000000001</ele>
   </trkpt>
   <trkpt lat="33.360800000000005" lon="-117.41598">
    <ele>103.84</ele>
   </trkpt>
   <trkpt lat="33.36088" lon="-117.41566">
    <ele>102.57000000000001</ele>
   </trkpt>
   <trkpt lat="33.3609" lon="-117.41544">
    <ele>102.57000000000001</ele>
   </trkpt>
   <trkpt lat="33.3609" lon="-117.41522">
    <ele>101.94</ele>
   </trkpt>
   <trkpt lat="33.36085" lon="-117.41495">
    <ele>101.63000000000001</ele>
   </trkpt>
   <trkpt lat="33.36077" lon="-117.41468">
    <ele>101.06</ele>
   </trkpt>
   <trkpt lat="33.36057" lon="-117.41432">
    <ele>100.81</ele>
   </trkpt>
   <trkpt lat="33.36007000112606" lon="-117.41378499690357">
    <ele>100.14</ele>
   </trkpt>
   <trkpt lat="33.359570000000005" lon="-117.41325">
    <ele>98.69000000000001</ele>
   </trkpt>
   <trkpt lat="33.359100000000005" lon="-117.41289">
    <ele>97.4</ele>
   </trkpt>
   <trkpt lat="33.35868" lon="-117.41271">
    <ele>96.72000000000001</ele>
   </trkpt>
   <trkpt lat="33.358360000000005" lon="-117.41262">
    <ele>96.33000000000001</ele>
   </trkpt>
   <trkpt lat="33.35792" lon="-117.41239000000002">
    <ele>95.11000000000001</ele>
   </trkpt>
   <trkpt lat="33.35741" lon="-117.41192000000001">
    <ele>95.80000000000001</ele>
   </trkpt>
   <trkpt lat="33.356815001149016" lon="-117.41134999595664">
    <ele>100.48000000000002</ele>
   </trkpt>
   <trkpt lat="33.35622" lon="-117.41078">
    <ele>102.81000000000002</ele>
   </trkpt>
   <trkpt lat="33.3558" lon="-117.41043">
    <ele>104.4</ele>
   </trkpt>
   <trkpt lat="33.355160000000005" lon="-117.41002">
    <ele>103.56000000000002</ele>
   </trkpt>
   <trkpt lat="33.3545" lon="-117.40966000000002">
    <ele>103.52000000000001</ele>
   </trkpt>
   <trkpt lat="33.35373600245748" lon="-117.40926798623508">
    <ele>101.13000000000001</ele>
   </trkpt>
   <trkpt lat="33.35297200368322" lon="-117.40887597935138">
    <ele>98.93</ele>
   </trkpt>
   <trkpt lat="33.352208003677255" lon="-117.4084839793487">
    <ele>96.75</ele>
   </trkpt>
   <trkpt lat="33.35144400243968" lon="-117.40809198622661">
    <ele>93.93</ele>
   </trkpt>
   <trkpt lat="33.350680000000004" lon="-117.4077">
    <ele>91.69000000000001</ele>
   </trkpt>
   <trkpt lat="33.3504" lon="-117.40752">
    <ele>90.41</ele>
   </trkpt>
   <trkpt lat="33.350030000000004" lon="-117.40716">
    <ele>86.69</ele>
   </trkpt>
   <trkpt lat="33.349790000000006" lon="-117.40689">
    <ele>84.04</ele>
   </trkpt>
   <trkpt lat="33.349360001588764" lon="-117.40626999700741">
    <ele>80.25</ele>
   </trkpt>
   <trkpt lat="33.34893" lon="-117.40565000000001">
    <ele>74.75000000000001</ele>
   </trkpt>
   <trkpt lat="33.34843000144545" lon="-117.40503999644108">
    <ele>71.9</ele>
   </trkpt>
   <trkpt lat="33.347930000000005" lon="-117.40443">
    <ele>71.9</ele>
   </trkpt>
   <trkpt lat="33.34753000168737" lon="-117.4037799970045">
    <ele>73.27</ele>
   </trkpt>
   <trkpt lat="33.34713" lon="-117.40313">
    <ele>74.36000000000001</ele>
   </trkpt>
   <trkpt lat="33.3468900010996" lon="-117.40259999848155">
    <ele>76.51</ele>
   </trkpt>
   <trkpt lat="33.346650000000004" lon="-117.40207000000001">
    <ele>78.79</ele>
   </trkpt>
   <trkpt lat="33.34633" lon="-117.40138">
    <ele>82.16000000000001</ele>
   </trkpt>
   <trkpt lat="33.34604" lon="-117.40067">
    <ele>84.15</ele>
   </trkpt>
   <trkpt lat="33.346030000000006" lon="-117.40066000000002">
    <ele>84.15</ele>
   </trkpt>
   <trkpt lat="33.34573803309749" lon="-117.39970197108151">
    <ele>87.61</ele>
   </trkpt>
   <trkpt lat="33.34544605883923" lon="-117.39874394858784">
    <ele>92.05000000000001</ele>
   </trkpt>
   <trkpt lat="33.345154077225324" lon="-117.39778593251906">
    <ele>98.7</ele>
   </trkpt>
   <trkpt lat="33.34486208825593" lon="-117.39682792287523">
    <ele>106.36000000000001</ele>
   </trkpt>
   <trkpt lat="33.34457009193116" lon="-117.39586991965643">
    <ele>114.54</ele>
   </trkpt>
   <trkpt lat="33.34427808825115" lon="-117.39491192286262">
    <ele>121.39000000000001</ele>
   </trkpt>
   <trkpt lat="33.34398607721603" lon="-117.39395393249393">
    <ele>130.26999999999998</ele>
   </trkpt>
   <trkpt lat="33.34369405882594" lon="-117.39299594855038">
    <ele>139.16</ele>
   </trkpt>
   <trkpt lat="33.343402033081" lon="-117.39203797103198">
    <ele>144.24</ele>
   </trkpt>
   <trkpt lat="33.34311" lon="-117.39108000000002">
    <ele>146.13</ele>
   </trkpt>
   <trkpt lat="33.34288" lon="-117.3905">
    <ele>143.66</ele>
   </trkpt>
   <trkpt lat="33.342480002477" lon="-117.38971499640954">
    <ele>138.8</ele>
   </trkpt>
   <trkpt lat="33.34208" lon="-117.38893000000002">
    <ele>135.71</ele>
   </trkpt>
   <trkpt lat="33.34196" lon="-117.38862">
    <ele>135.44</ele>
   </trkpt>
   <trkpt lat="33.341860000000004" lon="-117.38823000000001">
    <ele>133.89000000000001</ele>
   </trkpt>
   <trkpt lat="33.341776674515856" lon="-117.3872399980424">
    <ele>127.38000000000002</ele>
   </trkpt>
   <trkpt lat="33.341693341177205" lon="-117.3862499979794">
    <ele>123.49000000000001</ele>
   </trkpt>
   <trkpt lat="33.34161" lon="-117.38526000000002">
    <ele>124.21000000000001</ele>
   </trkpt>
   <trkpt lat="33.34161" lon="-117.38483000000001">
    <ele>123.88</ele>
   </trkpt>
   <trkpt lat="33.341640000000005" lon="-117.38459">
    <ele>123.55000000000001</ele>
   </trkpt>
   <trkpt lat="33.34176" lon="-117.38400000000001">
    <ele>121.81000000000002</ele>
   </trkpt>
   <trkpt lat="33.34195000160642" lon="-117.3833750012281">
    <ele>120.19</ele>
   </trkpt>
   <trkpt lat="33.34214" lon="-117.38275000000002">
    <ele>119.77000000000001</ele>
   </trkpt>
   <trkpt lat="33.34227" lon="-117.38243000000001">
    <ele>119.79</ele>
   </trkpt>
   <trkpt lat="33.342490000000005" lon="-117.38204">
    <ele>119.74000000000001</ele>
   </trkpt>
   <trkpt lat="33.34293500542437" lon="-117.3813675103283">
    <ele>119.31000000000002</ele>
   </trkpt>
   <trkpt lat="33.343380007224376" lon="-117.38069501378354">
    <ele>119.51</ele>
   </trkpt>
   <trkpt lat="33.34382500539992" lon="-117.38002251036554">
    <ele>119.77000000000001</ele>
   </trkpt>
   <trkpt lat="33.34427" lon="-117.37935000000002">
    <ele>120.72</ele>
   </trkpt>
   <trkpt lat="33.344570000000004" lon="-117.37870000000001">
    <ele>121.76</ele>
   </trkpt>
   <trkpt lat="33.344730000000006" lon="-117.37828">
    <ele>122.73</ele>
   </trkpt>
   <trkpt lat="33.34487" lon="-117.37775">
    <ele>125.96000000000001</ele>
   </trkpt>
   <trkpt lat="33.34505000352616" lon="-117.37681000201933">
    <ele>130.96</ele>
   </trkpt>
   <trkpt lat="33.34523" lon="-117.37587">
    <ele>137.64000000000001</ele>
   </trkpt>
   <trkpt lat="33.34532" lon="-117.37559">
    <ele>138.5</ele>
   </trkpt>
   <trkpt lat="33.3455" lon="-117.3752">
    <ele>139.0</ele>
   </trkpt>
   <trkpt lat="33.345760000000006" lon="-117.37483">
    <ele>140.41</ele>
   </trkpt>
   <trkpt lat="33.346243335522374" lon="-117.37431000574952">
    <ele>141.70000000000002</ele>
   </trkpt>
   <trkpt lat="33.34672666887765" lon="-117.373790005726">
    <ele>142.91</ele>
   </trkpt>
   <trkpt lat="33.347210000000004" lon="-117.37327">
    <ele>143.81000000000003</ele>
   </trkpt>
   <trkpt lat="33.34736" lon="-117.37309">
    <ele>144.51</ele>
   </trkpt>
   <trkpt lat="33.34769" lon="-117.37256000000001">
    <ele>145.13</ele>
   </trkpt>
   <trkpt lat="33.34787" lon="-117.37223000000002">
    <ele>144.71</ele>
   </trkpt>
   <trkpt lat="33.34823500283588" lon="-117.37138500360152">
    <ele>144.05</ele>
   </trkpt>
   <trkpt lat="33.348600000000005" lon="-117.37054">
    <ele>147.08</ele>
   </trkpt>
   <trkpt lat="33.34897201263851" lon="-117.36965201518099">
    <ele>149.86</ele>
   </trkpt>
   <trkpt lat="33.34934401895713" lon="-117.36876402277335">
    <ele>151.15</ele>
   </trkpt>
   <trkpt lat="33.34971601895573" lon="-117.3678760227771">
    <ele>151.72000000000003</ele>
   </trkpt>
   <trkpt lat="33.35008801263416" lon="-117.36698801519213">
    <ele>150.18</ele>
   </trkpt>
   <trkpt lat="33.350460000000005" lon="-117.3661">
    <ele>145.98</ele>
   </trkpt>
   <trkpt lat="33.35058" lon="-117.36571">
    <ele>142.37000000000003</ele>
   </trkpt>
   <trkpt lat="33.35061" lon="-117.36539">
    <ele>140.54</ele>
   </trkpt>
   <trkpt lat="33.35058" lon="-117.36494">
    <ele>137.97</ele>
   </trkpt>
   <trkpt lat="33.35049" lon="-117.36463">
    <ele>137.43000000000004</ele>
   </trkpt>
   <trkpt lat="33.35020000654551" lon="-117.36389249264626">
    <ele>135.24</ele>
   </trkpt>
   <trkpt lat="33.349910008731555" lon="-117.36315499020587">
    <ele>133.23000000000002</ele>
   </trkpt>
   <trkpt lat="33.34962000655822" lon="-117.3624174926788">
    <ele>129.48000000000002</ele>
   </trkpt>
   <trkpt lat="33.34933" lon="-117.36168">
    <ele>127.69</ele>
   </trkpt>
   <trkpt lat="33.3491" lon="-117.36127">
    <ele>127.28</ele>
   </trkpt>
   <trkpt lat="33.348890000000004" lon="-117.36095">
    <ele>126.98</ele>
   </trkpt>
   <trkpt lat="33.348368006372546" lon="-117.360319984904">
    <ele>126.11</ele>
   </trkpt>
   <trkpt lat="33.34784600956392" lon="-117.35968997736244">
    <ele>124.49</ele>
   </trkpt>
   <trkpt lat="33.34732400957423" lon="-117.35905997737522">
    <ele>123.75000000000001</ele>
   </trkpt>
   <trkpt lat="33.34680200640358" lon="-117.35842998494205">
    <ele>125.09</ele>
   </trkpt>
   <trkpt lat="33.34628" lon="-117.35780000000001">
    <ele>125.32000000000001</ele>
   </trkpt>
   <trkpt lat="33.34606" lon="-117.35756">
    <ele>124.80000000000001</ele>
   </trkpt>
   <trkpt lat="33.34593" lon="-117.35746">
    <ele>124.62</ele>
   </trkpt>
   <trkpt lat="33.345690000000005" lon="-117.35730000000001">
    <ele>123.95</ele>
   </trkpt>
   <trkpt lat="33.345204999907075" lon="-117.35717999929435">
    <ele>121.24000000000001</ele>
   </trkpt>
   <trkpt lat="33.34472" lon="-117.35706">
    <ele>116.85000000000001</ele>
   </trkpt>
   <trkpt lat="33.34428500011947" lon="-117.35689999920693">
    <ele>115.46000000000001</ele>
   </trkpt>
   <trkpt lat="33.34385" lon="-117.35674000000002">
    <ele>112.17</ele>
   </trkpt>
   <trkpt lat="33.34308000162159" lon="-117.3563724902506">
    <ele>106.67000000000002</ele>
   </trkpt>
   <trkpt lat="33.34231000216078" lon="-117.3560049870004">
    <ele>102.17</ele>
   </trkpt>
   <trkpt lat="33.341540001617616" lon="-117.35563749024905">
    <ele>96.75</ele>
   </trkpt>
   <trkpt lat="33.340770000000006" lon="-117.35527">
    <ele>89.3</ele>
   </trkpt>
   <trkpt lat="33.34056" lon="-117.35522">
    <ele>87.11</ele>
   </trkpt>
   <trkpt lat="33.340210000000006" lon="-117.35518">
    <ele>84.64</ele>
   </trkpt>
   <trkpt lat="33.339513333314216" lon="-117.35522333402871">
    <ele>83.60000000000001</ele>
   </trkpt>
   <trkpt lat="33.338816666613404" lon="-117.35526666736415">
    <ele>88.77</ele>
   </trkpt>
   <trkpt lat="33.33812" lon="-117.35531">
    <ele>89.83</ele>
   </trkpt>
   <trkpt lat="33.337281667026204" lon="-117.35544500649749">
    <ele>85.73</ele>
   </trkpt>
   <trkpt lat="33.33644333390633" lon="-117.35558001039617">
    <ele>81.61</ele>
   </trkpt>
   <trkpt lat="33.33560500064041" lon="-117.35571501169615">
    <ele>78.30000000000001</ele>
   </trkpt>
   <trkpt lat="33.334766667228465" lon="-117.35585001039763">
    <ele>73.74</ele>
   </trkpt>
   <trkpt lat="33.33392833367047" lon="-117.35598500650065">
    <ele>67.04</ele>
   </trkpt>
   <trkpt lat="33.333090000000006" lon="-117.35612">
    <ele>58.190000000000005</ele>
   </trkpt>
   <trkpt lat="33.332820000000005" lon="-117.35612">
    <ele>54.650000000000006</ele>
   </trkpt>
   <trkpt lat="33.33258" lon="-117.35607">
    <ele>53.540000000000006</ele>
   </trkpt>
   <trkpt lat="33.33202666768206" lon="-117.35570332863456">
    <ele>49.660000000000004</ele>
   </trkpt>
   <trkpt lat="33.33147333428683" lon="-117.35533666192693">
    <ele>51.2</ele>
   </trkpt>
   <trkpt lat="33.330920000000006" lon="-117.35497000000001">
    <ele>55.540000000000006</ele>
   </trkpt>
   <trkpt lat="33.330175001022035" lon="-117.35449499601361">
    <ele>54.910000000000004</ele>
   </trkpt>
   <trkpt lat="33.32943" lon="-117.35402">
    <ele>51.45</ele>
   </trkpt>
   <trkpt lat="33.32918" lon="-117.35392000000002">
    <ele>50.42000000000001</ele>
   </trkpt>
   <trkpt lat="33.3286" lon="-117.35373000000001">
    <ele>48.370000000000005</ele>
   </trkpt>
   <trkpt lat="33.327830000569364" lon="-117.35356165922936">
    <ele>45.36000000000001</ele>
   </trkpt>
   <trkpt lat="33.32706000091168" lon="-117.35339332143396">
    <ele>43.730000000000004</ele>
   </trkpt>
   <trkpt lat="33.32629000102695" lon="-117.3532249866137">
    <ele>40.800000000000004</ele>
   </trkpt>
   <trkpt lat="33.32552000091519" lon="-117.35305665476842">
    <ele>39.89</ele>
   </trkpt>
   <trkpt lat="33.32475000057641" lon="-117.35288832589802">
    <ele>38.38</ele>
   </trkpt>
   <trkpt lat="33.323980000000006" lon="-117.35272">
    <ele>38.160000000000004</ele>
   </trkpt>
   <trkpt lat="33.323690000000006" lon="-117.35254">
    <ele>38.34</ele>
   </trkpt>
   <trkpt lat="33.3235" lon="-117.35239000000001">
    <ele>38.34</ele>
   </trkpt>
   <trkpt lat="33.32323" lon="-117.35210000000001">
    <ele>38.3</ele>
   </trkpt>
   <trkpt lat="33.323" lon="-117.35182">
    <ele>37.95</ele>
   </trkpt>
   <trkpt lat="33.32275" lon="-117.35155">
    <ele>37.44</ele>
   </trkpt>
   <trkpt lat="33.32249" lon="-117.35133">
    <ele>36.33</ele>
   </trkpt>
   <trkpt lat="33.322100000000006" lon="-117.35115">
    <ele>35.93</ele>
   </trkpt>
   <trkpt lat="33.32137400042533" lon="-117.35098799460324">
    <ele>34.46</ele>
   </trkpt>
   <trkpt lat="33.32064800064039" lon="-117.35082599190554">
    <ele>33.63</ele>
   </trkpt>
   <trkpt lat="33.319922000645185" lon="-117.35066399190674">
    <ele>31.69</ele>
   </trkpt>
   <trkpt lat="33.319196000439746" lon="-117.35050199460673">
    <ele>30.71</ele>
   </trkpt>
   <trkpt lat="33.318470000000005" lon="-117.35034">
    <ele>30.080000000000002</ele>
   </trkpt>
   <trkpt lat="33.31804" lon="-117.35021">
    <ele>29.87</ele>
   </trkpt>
   <trkpt lat="33.31759" lon="-117.34998000000002">
    <ele>29.48</ele>
   </trkpt>
   <trkpt lat="33.3168966709354" lon="-117.34951831497357">
    <ele>28.630000000000003</ele>
   </trkpt>
   <trkpt lat="33.316203340163256" lon="-117.34905663729144">
    <ele>27.94</ele>
   </trkpt>
   <trkpt lat="33.31551000768366" lon="-117.34859496695337">
    <ele>28.020000000000003</ele>
   </trkpt>
   <trkpt lat="33.31481667349667" lon="-117.34813330395907">
    <ele>28.600000000000005</ele>
   </trkpt>
   <trkpt lat="33.31412333760236" lon="-117.34767164830821">
    <ele>29.78</ele>
   </trkpt>
   <trkpt lat="33.313430000000004" lon="-117.34721">
    <ele>30.160000000000004</ele>
   </trkpt>
   <trkpt lat="33.31269750649077" lon="-117.34672872169548">
    <ele>30.02</ele>
   </trkpt>
   <trkpt lat="33.311965011126134" lon="-117.34624745147813">
    <ele>29.95</ele>
   </trkpt>
   <trkpt lat="33.311232513906155" lon="-117.34576618934766">
    <ele>29.86</ele>
   </trkpt>
   <trkpt lat="33.310500014830914" lon="-117.34528493530371">
    <ele>30.04</ele>
   </trkpt>
   <trkpt lat="33.3097675139005" lon="-117.34480368934594">
    <ele>29.110000000000003</ele>
   </trkpt>
   <trkpt lat="33.309035011115" lon="-117.34432245147399">
    <ele>26.770000000000003</ele>
   </trkpt>
   <trkpt lat="33.30830250647449" lon="-117.34384122168754">
    <ele>24.470000000000002</ele>
   </trkpt>
   <trkpt lat="33.307570000000005" lon="-117.34336">
    <ele>22.45</ele>
   </trkpt>
   <trkpt lat="33.307210000000005" lon="-117.34309">
    <ele>22.21</ele>
   </trkpt>
   <trkpt lat="33.307050000000004" lon="-117.34291">
    <ele>22.45</ele>
   </trkpt>
   <trkpt lat="33.306810000000006" lon="-117.34255">
    <ele>23.090000000000003</ele>
   </trkpt>
   <trkpt lat="33.306630000000006" lon="-117.34198">
    <ele>24.41</ele>
   </trkpt>
   <trkpt lat="33.30615000030629" lon="-117.34224500144484">
    <ele>23.930000000000003</ele>
   </trkpt>
   <trkpt lat="33.30567" lon="-117.34251">
    <ele>23.83</ele>
   </trkpt>
   <trkpt lat="33.305060000000005" lon="-117.34288000000001">
    <ele>23.680000000000003</ele>
   </trkpt>
   <trkpt lat="33.30432857926911" lon="-117.34345145733006">
    <ele>23.41</ele>
   </trkpt>
   <trkpt lat="33.30359715592268" lon="-117.34402290507468">
    <ele>23.090000000000003</ele>
   </trkpt>
   <trkpt lat="33.30286572996081" lon="-117.34459434323426">
    <ele>23.07</ele>
   </trkpt>
   <trkpt lat="33.302134301383624" lon="-117.34516577180923">
    <ele>22.62</ele>
   </trkpt>
   <trkpt lat="33.30140287019124" lon="-117.34573719079994">
    <ele>22.12</ele>
   </trkpt>
   <trkpt lat="33.300671436383766" lon="-117.34630860020681">
    <ele>21.730000000000004</ele>
   </trkpt>
   <trkpt lat="33.29994" lon="-117.34688000000001">
    <ele>21.59</ele>
   </trkpt>
   <trkpt lat="33.29939" lon="-117.34743">
    <ele>21.400000000000002</ele>
   </trkpt>
   <trkpt lat="33.298840000000006" lon="-117.34811">
    <ele>21.01</ele>
   </trkpt>
   <trkpt lat="33.298550000000006" lon="-117.34856">
    <ele>20.900000000000002</ele>
   </trkpt>
   <trkpt lat="33.29828000134769" lon="-117.34912500160361">
    <ele>20.91</ele>
   </trkpt>
   <trkpt lat="33.298010000000005" lon="-117.34969000000001">
    <ele>20.830000000000002</ele>
   </trkpt>
   <trkpt lat="33.297577798308055" lon="-117.35060918654055">
    <ele>20.41</ele>
   </trkpt>
   <trkpt lat="33.297145589849656" lon="-117.35152836397268">
    <ele>20.42</ele>
   </trkpt>
   <trkpt lat="33.29671337462499" lon="-117.35244753229648">
    <ele>20.76</ele>
   </trkpt>
   <trkpt lat="33.29628115263422" lon="-117.35336669151206">
    <ele>20.77</ele>
   </trkpt>
   <trkpt lat="33.29584892387753" lon="-117.35428584161953">
    <ele>20.880000000000003</ele>
   </trkpt>
   <trkpt lat="33.295416688355104" lon="-117.35520498261894">
    <ele>20.57</ele>
   </trkpt>
   <trkpt lat="33.29498444606712" lon="-117.35612411451044">
    <ele>20.3</ele>
   </trkpt>
   <trkpt lat="33.29455219701375" lon="-117.35704323729414">
    <ele>19.84</ele>
   </trkpt>
   <trkpt lat="33.29411994119517" lon="-117.35796235097007">
    <ele>19.37</ele>
   </trkpt>
   <trkpt lat="33.29368767861156" lon="-117.35888145553835">
    <ele>19.080000000000002</ele>
   </trkpt>
   <trkpt lat="33.29325540926311" lon="-117.35980055099911">
    <ele>19.03</ele>
   </trkpt>
   <trkpt lat="33.292823133149994" lon="-117.36071963735242">
    <ele>18.79</ele>
   </trkpt>
   <trkpt lat="33.292390850272376" lon="-117.36163871459839">
    <ele>18.7</ele>
   </trkpt>
   <trkpt lat="33.29195856063044" lon="-117.36255778273711">
    <ele>18.860000000000003</ele>
   </trkpt>
   <trkpt lat="33.29152626422438" lon="-117.3634768417687">
    <ele>18.590000000000003</ele>
   </trkpt>
   <trkpt lat="33.291093961054365" lon="-117.36439589169318">
    <ele>18.45</ele>
   </trkpt>
   <trkpt lat="33.290661651120566" lon="-117.36531493251074">
    <ele>18.250000000000004</ele>
   </trkpt>
   <trkpt lat="33.29022933442315" lon="-117.36623396422145">
    <ele>18.14</ele>
   </trkpt>
   <trkpt lat="33.289797010962346" lon="-117.3671529868254">
    <ele>17.900000000000002</ele>
   </trkpt>
   <trkpt lat="33.28936468073827" lon="-117.36807200032268">
    <ele>17.650000000000002</ele>
   </trkpt>
   <trkpt lat="33.288932343751135" lon="-117.36899100471338">
    <ele>17.34</ele>
   </trkpt>
   <trkpt lat="33.288500000000006" lon="-117.36991">
    <ele>17.310000000000002</ele>
   </trkpt>
   <trkpt lat="33.288250000000005" lon="-117.37035000000002">
    <ele>17.2</ele>
   </trkpt>
   <trkpt lat="33.28799" lon="-117.37067">
    <ele>17.16</ele>
   </trkpt>
   <trkpt lat="33.287620000000004" lon="-117.37107">
    <ele>17.05</ele>
   </trkpt>
   <trkpt lat="33.28727" lon="-117.37138000000002">
    <ele>17.310000000000002</ele>
   </trkpt>
   <trkpt lat="33.28679" lon="-117.3717">
    <ele>17.7</ele>
   </trkpt>
   <trkpt lat="33.286350000000006" lon="-117.37188">
    <ele>18.46</ele>
   </trkpt>
   <trkpt lat="33.2862" lon="-117.37197">
    <ele>18.660000000000004</ele>
   </trkpt>
   <trkpt lat="33.28596" lon="-117.37203000000001">
    <ele>18.72</ele>
   </trkpt>
   <trkpt lat="33.28528" lon="-117.37213000000001">
    <ele>19.040000000000003</ele>
   </trkpt>
   <trkpt lat="33.28445000011352" lon="-117.37222666850077">
    <ele>17.17</ele>
   </trkpt>
   <trkpt lat="33.283620000152204" lon="-117.37232333516289">
    <ele>15.76</ele>
   </trkpt>
   <trkpt lat="33.282790000000006" lon="-117.37242">
    <ele>15.18</ele>
   </trkpt>
   <trkpt lat="33.2821" lon="-117.37237">
    <ele>15.44</ele>
   </trkpt>
   <trkpt lat="33.28121750004105" lon="-117.37232499863599">
    <ele>15.73</ele>
   </trkpt>
   <trkpt lat="33.28033500006589" lon="-117.37227999818191">
    <ele>16.130000000000003</ele>
   </trkpt>
   <trkpt lat="33.2794525000745" lon="-117.37223499863775">
    <ele>16.55</ele>
   </trkpt>
   <trkpt lat="33.27857" lon="-117.37219">
    <ele>16.470000000000002</ele>
   </trkpt>
   <trkpt lat="33.27807" lon="-117.37225000000001">
    <ele>15.98</ele>
   </trkpt>
   <trkpt lat="33.277610000074716" lon="-117.37238000068301">
    <ele>16.12</ele>
   </trkpt>
   <trkpt lat="33.277150000000006" lon="-117.37251">
    <ele>16.290000000000003</ele>
   </trkpt>
   <trkpt lat="33.276810000000005" lon="-117.37256000000001">
    <ele>16.25</ele>
   </trkpt>
   <trkpt lat="33.27647" lon="-117.37255">
    <ele>16.14</ele>
   </trkpt>
   <trkpt lat="33.27617" lon="-117.37247">
    <ele>15.98</ele>
   </trkpt>
   <trkpt lat="33.27531800408767" lon="-117.37213297040206">
    <ele>14.72</ele>
   </trkpt>
   <trkpt lat="33.27446600726598" lon="-117.37179594738198">
    <ele>13.48</ele>
   </trkpt>
   <trkpt lat="33.27361400953497" lon="-117.37145893093941">
    <ele>12.24</ele>
   </trkpt>
   <trkpt lat="33.272762010894674" lon="-117.37112192107409">
    <ele>11.160000000000002</ele>
   </trkpt>
   <trkpt lat="33.27191001134516" lon="-117.37078491778558">
    <ele>10.34</ele>
   </trkpt>
   <trkpt lat="33.27105801088647" lon="-117.37044792107366">
    <ele>9.950000000000001</ele>
   </trkpt>
   <trkpt lat="33.27020600951865" lon="-117.3701109309379">
    <ele>10.06</ele>
   </trkpt>
   <trkpt lat="33.269354007241745" lon="-117.36977394737802">
    <ele>10.07</ele>
   </trkpt>
   <trkpt lat="33.268502004055804" lon="-117.36943697039368">
    <ele>9.950000000000001</ele>
   </trkpt>
   <trkpt lat="33.26765" lon="-117.3691">
    <ele>10.06</ele>
   </trkpt>
   <trkpt lat="33.26724" lon="-117.36897">
    <ele>10.17</ele>
   </trkpt>
   <trkpt lat="33.26663" lon="-117.36888">
    <ele>10.010000000000002</ele>
   </trkpt>
   <trkpt lat="33.26637" lon="-117.36888">
    <ele>9.83</ele>
   </trkpt>
   <trkpt lat="33.26588999993992" lon="-117.36890500014067">
    <ele>9.690000000000001</ele>
   </trkpt>
   <trkpt lat="33.26541" lon="-117.36893">
    <ele>9.690000000000001</ele>
   </trkpt>
   <trkpt lat="33.26465" lon="-117.36906">
    <ele>9.61</ele>
   </trkpt>
   <trkpt lat="33.26380666744952" lon="-117.36921556756883">
    <ele>9.44</ele>
   </trkpt>
   <trkpt lat="33.262963334705326" lon="-117.36937113213361">
    <ele>9.32</ele>
   </trkpt>
   <trkpt lat="33.26212000176742" lon="-117.36952669369451">
    <ele>9.15</ele>
   </trkpt>
   <trkpt lat="33.26127666863582" lon="-117.36968225225164">
    <ele>8.94</ele>
   </trkpt>
   <trkpt lat="33.26043333531053" lon="-117.36983780780521">
    <ele>8.870000000000001</ele>
   </trkpt>
   <trkpt lat="33.25959000179157" lon="-117.36999336035531">
    <ele>8.77</ele>
   </trkpt>
   <trkpt lat="33.258746668078956" lon="-117.37014890990216">
    <ele>8.76</ele>
   </trkpt>
   <trkpt lat="33.25790333417267" lon="-117.37030445644587">
    <ele>8.520000000000001</ele>
   </trkpt>
   <trkpt lat="33.25706" lon="-117.37046000000001">
    <ele>8.32</ele>
   </trkpt>
   <trkpt lat="33.25627" lon="-117.37069000000001">
    <ele>8.200000000000001</ele>
   </trkpt>
   <trkpt lat="33.255500000000005" lon="-117.37107">
    <ele>8.24</ele>
   </trkpt>
   <trkpt lat="33.255100000000006" lon="-117.3713">
    <ele>8.24</ele>
   </trkpt>
   <trkpt lat="33.2546" lon="-117.37165000000002">
    <ele>8.110000000000001</ele>
   </trkpt>
   <trkpt lat="33.25417" lon="-117.37201">
    <ele>8.17</ele>
   </trkpt>
   <trkpt lat="33.25357" lon="-117.3726">
    <ele>8.120000000000001</ele>
   </trkpt>
   <trkpt lat="33.253220000000006" lon="-117.37304">
    <ele>8.06</ele>
   </trkpt>
   <trkpt lat="33.252622871538776" lon="-117.37381431745861">
    <ele>7.9700000000000015</ele>
   </trkpt>
   <trkpt lat="33.252025738279166" lon="-117.37458862433455">
    <ele>7.94</ele>
   </trkpt>
   <trkpt lat="33.251428600221345" lon="-117.37536292062815">
    <ele>7.83</ele>
   </trkpt>
   <trkpt lat="33.25083145736549" lon="-117.37613720633969">
    <ele>7.8500000000000005</ele>
   </trkpt>
   <trkpt lat="33.25023430971179" lon="-117.37691148146949">
    <ele>7.82</ele>
   </trkpt>
   <trkpt lat="33.249637157260416" lon="-117.37768574601786">
    <ele>8.650000000000002</ele>
   </trkpt>
   <trkpt lat="33.24904" lon="-117.37846">
    <ele>10.46</ele>
   </trkpt>
   <trkpt lat="33.24882" lon="-117.37868">
    <ele>10.83</ele>
   </trkpt>
   <trkpt lat="33.24859" lon="-117.37886">
    <ele>11.070000000000002</ele>
   </trkpt>
   <trkpt lat="33.2483" lon="-117.37905">
    <ele>11.1</ele>
   </trkpt>
   <trkpt lat="33.248000000000005" lon="-117.37918">
    <ele>10.990000000000002</ele>
   </trkpt>
   <trkpt lat="33.24723500053004" lon="-117.37939250558323">
    <ele>10.040000000000001</ele>
   </trkpt>
   <trkpt lat="33.24647000069869" lon="-117.37960500744643">
    <ele>9.760000000000002</ele>
   </trkpt>
   <trkpt lat="33.24570500050601" lon="-117.37981750558973">
    <ele>9.370000000000001</ele>
   </trkpt>
   <trkpt lat="33.24494" lon="-117.38003">
    <ele>9.09</ele>
   </trkpt>
   <trkpt lat="33.244580000000006" lon="-117.38007">
    <ele>8.49</ele>
   </trkpt>
   <trkpt lat="33.244110000000006" lon="-117.38007">
    <ele>7.36</ele>
   </trkpt>
   <trkpt lat="33.24362" lon="-117.38002000000002">
    <ele>6.69</ele>
   </trkpt>
   <trkpt lat="33.24281499994325" lon="-117.3799799996285">
    <ele>6.300000000000001</ele>
   </trkpt>
   <trkpt lat="33.24201" lon="-117.37994">
    <ele>6.280000000000001</ele>
   </trkpt>
   <trkpt lat="33.24183" lon="-117.37997000000001">
    <ele>6.390000000000001</ele>
   </trkpt>
   <trkpt lat="33.24148" lon="-117.38008">
    <ele>6.3500000000000005</ele>
   </trkpt>
   <trkpt lat="33.241150000000005" lon="-117.38025">
    <ele>6.38</ele>
   </trkpt>
   <trkpt lat="33.24042666830971" lon="-117.38070334083594">
    <ele>6.7</ele>
   </trkpt>
   <trkpt lat="33.239703334974955" lon="-117.38115667417003">
    <ele>6.55</ele>
   </trkpt>
   <trkpt lat="33.238980000000005" lon="-117.38161000000001">
    <ele>6.1000000000000005</ele>
   </trkpt>
   <trkpt lat="33.23865" lon="-117.38192000000001">
    <ele>6.0</ele>
   </trkpt>
   <trkpt lat="33.23819" lon="-117.38258">
    <ele>6.050000000000001</ele>
   </trkpt>
   <trkpt lat="33.2378600032811" lon="-117.383220004824">
    <ele>6.38</ele>
   </trkpt>
   <trkpt lat="33.2375300032848" lon="-117.38386000481674">
    <ele>6.5200000000000005</ele>
   </trkpt>
   <trkpt lat="33.2372" lon="-117.3845">
    <ele>6.61</ele>
   </trkpt>
   <trkpt lat="33.23678667079681" lon="-117.38521667340676">
    <ele>6.710000000000001</ele>
   </trkpt>
   <trkpt lat="33.23637333748404" lon="-117.38593334003768">
    <ele>6.46</ele>
   </trkpt>
   <trkpt lat="33.235960000000006" lon="-117.38665">
    <ele>6.78</ele>
   </trkpt>
   <trkpt lat="33.23566" lon="-117.3871">
    <ele>6.7700000000000005</ele>
   </trkpt>
   <trkpt lat="33.23534" lon="-117.38743000000001">
    <ele>6.7</ele>
   </trkpt>
   <trkpt lat="33.235170000000004" lon="-117.38759">
    <ele>6.790000000000001</ele>
   </trkpt>
   <trkpt lat="33.23498" lon="-117.38769">
    <ele>6.82</ele>
   </trkpt>
   <trkpt lat="33.2342433346114" lon="-117.38809667354347">
    <ele>5.91</ele>
   </trkpt>
   <trkpt lat="33.2335066678996" lon="-117.38850334023496">
    <ele>5.24</ele>
   </trkpt>
   <trkpt lat="33.23277" lon="-117.38891000000001">
    <ele>4.99</ele>
   </trkpt>
   <trkpt lat="33.232400000000005" lon="-117.38913000000001">
    <ele>4.670000000000001</ele>
   </trkpt>
   <trkpt lat="33.23185" lon="-117.38952">
    <ele>4.21</ele>
   </trkpt>
   <trkpt lat="33.23118333589283" lon="-117.39008667531431">
    <ele>6.25</ele>
   </trkpt>
   <trkpt lat="33.23051666921654" lon="-117.39065334198901">
    <ele>10.350000000000001</ele>
   </trkpt>
   <trkpt lat="33.229850000000006" lon="-117.39122">
    <ele>13.48</ele>
   </trkpt>
   <trkpt lat="33.22943" lon="-117.39149">
    <ele>15.61</ele>
   </trkpt>
   <trkpt lat="33.229040000000005" lon="-117.39164000000001">
    <ele>16.53</ele>
   </trkpt>
   <trkpt lat="33.22895667076453" lon="-117.39235666812857">
    <ele>15.22</ele>
   </trkpt>
   <trkpt lat="33.22887333742" lon="-117.39307333489145">
    <ele>14.23</ele>
   </trkpt>
   <trkpt lat="33.228790000000004" lon="-117.39379000000001">
    <ele>14.31</ele>
   </trkpt>
   <trkpt lat="33.228460000000005" lon="-117.39380000000001">
    <ele>14.640000000000002</ele>
   </trkpt>
   <trkpt lat="33.228440000000006" lon="-117.39382">
    <ele>14.640000000000002</ele>
   </trkpt>
   <trkpt lat="33.228280000000005" lon="-117.39373">
    <ele>14.870000000000001</ele>
   </trkpt>
   <trkpt lat="33.22757" lon="-117.39373">
    <ele>15.260000000000002</ele>
   </trkpt>
   <trkpt lat="33.227450000000005" lon="-117.39367000000001">
    <ele>15.330000000000002</ele>
   </trkpt>
   <trkpt lat="33.22676333335198" lon="-117.39367333338558">
    <ele>15.340000000000002</ele>
   </trkpt>
   <trkpt lat="33.22607666670388" lon="-117.39367666671882">
    <ele>15.200000000000001</ele>
   </trkpt>
   <trkpt lat="33.225390000000004" lon="-117.39368">
    <ele>15.57</ele>
   </trkpt>
   <trkpt lat="33.225280000000005" lon="-117.39364">
    <ele>15.790000000000001</ele>
   </trkpt>
   <trkpt lat="33.22496" lon="-117.39329000000001">
    <ele>17.09</ele>
   </trkpt>
   <trkpt lat="33.224540000000005" lon="-117.39289000000001">
    <ele>18.54</ele>
   </trkpt>
   <trkpt lat="33.2243" lon="-117.39278000000002">
    <ele>19.12</ele>
   </trkpt>
   <trkpt lat="33.224000000000004" lon="-117.39256">
    <ele>19.35</ele>
   </trkpt>
   <trkpt lat="33.223290000000006" lon="-117.39198">
    <ele>22.56</ele>
   </trkpt>
   <trkpt lat="33.223040000000005" lon="-117.39164000000001">
    <ele>23.720000000000002</ele>
   </trkpt>
   <trkpt lat="33.222820000000006" lon="-117.39166000000002">
    <ele>23.91</ele>
   </trkpt>
   <trkpt lat="33.222100000000005" lon="-117.39153">
    <ele>24.400000000000002</ele>
   </trkpt>
   <trkpt lat="33.22146" lon="-117.39122">
    <ele>24.16</ele>
   </trkpt>
   <trkpt lat="33.22070500191446" lon="-117.3908199896416">
    <ele>24.19</ele>
   </trkpt>
   <trkpt lat="33.219950002548984" lon="-117.39041998618711">
    <ele>24.34</ele>
   </trkpt>
   <trkpt lat="33.219195001903636" lon="-117.39001998963623">
    <ele>24.44</ele>
   </trkpt>
   <trkpt lat="33.21844" lon="-117.38962000000001">
    <ele>25.23</ele>
   </trkpt>
   <trkpt lat="33.217650000000006" lon="-117.38938">
    <ele>25.77</ele>
   </trkpt>
   <trkpt lat="33.217240000000004" lon="-117.38913000000001">
    <ele>25.77</ele>
   </trkpt>
   <trkpt lat="33.21703" lon="-117.38913000000001">
    <ele>25.27</ele>
   </trkpt>
   <trkpt lat="33.21694" lon="-117.38916">
    <ele>25.27</ele>
   </trkpt>
   <trkpt lat="33.21685" lon="-117.38925">
    <ele>24.51</ele>
   </trkpt>
   <trkpt lat="33.21667" lon="-117.38957">
    <ele>24.03</ele>
   </trkpt>
   <trkpt lat="33.216550000000005" lon="-117.38969000000002">
    <ele>24.080000000000002</ele>
   </trkpt>
   <trkpt lat="33.21643" lon="-117.38971000000001">
    <ele>24.26</ele>
   </trkpt>
   <trkpt lat="33.216260000000005" lon="-117.38971000000001">
    <ele>24.67</ele>
   </trkpt>
   <trkpt lat="33.21607" lon="-117.38965">
    <ele>25.720000000000002</ele>
   </trkpt>
   <trkpt lat="33.21567" lon="-117.38938">
    <ele>27.57</ele>
   </trkpt>
   <trkpt lat="33.21562" lon="-117.38968000000001">
    <ele>27.49</ele>
   </trkpt>
   <trkpt lat="33.215610000000005" lon="-117.38997">
    <ele>27.020000000000003</ele>
   </trkpt>
   <trkpt lat="33.21564" lon="-117.39023">
    <ele>26.87</ele>
   </trkpt>
   <trkpt lat="33.21573" lon="-117.39055">
    <ele>26.520000000000003</ele>
   </trkpt>
   <trkpt lat="33.215830000000004" lon="-117.39077">
    <ele>26.520000000000003</ele>
   </trkpt>
   <trkpt lat="33.21595" lon="-117.39095">
    <ele>26.46</ele>
   </trkpt>
   <trkpt lat="33.21640500144002" lon="-117.39153499704982">
    <ele>26.88</ele>
   </trkpt>
   <trkpt lat="33.216860000000004" lon="-117.39212">
    <ele>26.96</ele>
   </trkpt>
   <trkpt lat="33.2171" lon="-117.39239">
    <ele>26.09</ele>
   </trkpt>
   <trkpt lat="33.21746" lon="-117.39274">
    <ele>25.0</ele>
   </trkpt>
   <trkpt lat="33.217800000000004" lon="-117.39296000000002">
    <ele>23.75</ele>
   </trkpt>
   <trkpt lat="33.218090000000004" lon="-117.3931">
    <ele>21.79</ele>
   </trkpt>
   <trkpt lat="33.21842" lon="-117.39323">
    <ele>20.52</ele>
   </trkpt>
   <trkpt lat="33.21892500020753" lon="-117.39331999951175">
    <ele>19.12</ele>
   </trkpt>
   <trkpt lat="33.21943" lon="-117.39341">
    <ele>18.54</ele>
   </trkpt>
   <trkpt lat="33.22017000008825" lon="-117.3935066650332">
    <ele>18.44</ele>
   </trkpt>
   <trkpt lat="33.22091000010177" lon="-117.3936033317016">
    <ele>18.96</ele>
   </trkpt>
   <trkpt lat="33.221650000000004" lon="-117.39370000000001">
    <ele>19.669999999999998</ele>
   </trkpt>
   <trkpt lat="33.221540000000005" lon="-117.39435">
    <ele>19.73</ele>
   </trkpt>
   <trkpt lat="33.221140000000005" lon="-117.39445">
    <ele>20.380000000000003</ele>
   </trkpt>
   <trkpt lat="33.22081" lon="-117.39408000000002">
    <ele>20.09</ele>
   </trkpt>
   <trkpt lat="33.220650000000006" lon="-117.39395">
    <ele>20.03</ele>
   </trkpt>
   <trkpt lat="33.22052" lon="-117.39391">
    <ele>19.880000000000003</ele>
   </trkpt>
   <trkpt lat="33.22021" lon="-117.39386">
    <ele>19.83</ele>
   </trkpt>
   <trkpt lat="33.21951500016677" lon="-117.39377499934167">
    <ele>20.490000000000002</ele>
   </trkpt>
   <trkpt lat="33.21882" lon="-117.39369">
    <ele>20.26</ele>
   </trkpt>
   <trkpt lat="33.218610000000005" lon="-117.39368">
    <ele>19.58</ele>
   </trkpt>
   <trkpt lat="33.21808499997707" lon="-117.39356999932502">
    <ele>19.31</ele>
   </trkpt>
   <trkpt lat="33.217560000000006" lon="-117.39346">
    <ele>19.020000000000003</ele>
   </trkpt>
   <trkpt lat="33.21743" lon="-117.39341">
    <ele>18.8</ele>
   </trkpt>
   <trkpt lat="33.2169" lon="-117.39313000000001">
    <ele>18.320000000000004</ele>
   </trkpt>
   <trkpt lat="33.21627" lon="-117.39269000000002">
    <ele>17.86</ele>
   </trkpt>
   <trkpt lat="33.21591500110663" lon="-117.39218499807457">
    <ele>16.41</ele>
   </trkpt>
   <trkpt lat="33.21556" lon="-117.39168000000001">
    <ele>15.88</ele>
   </trkpt>
   <trkpt lat="33.21538" lon="-117.39158">
    <ele>15.88</ele>
   </trkpt>
   <trkpt lat="33.21517" lon="-117.39152000000001">
    <ele>15.690000000000003</ele>
   </trkpt>
   <trkpt lat="33.214480000242446" lon="-117.39133999861016">
    <ele>15.99</ele>
   </trkpt>
   <trkpt lat="33.21379" lon="-117.39116000000001">
    <ele>16.43</ele>
   </trkpt>
   <trkpt lat="33.213120000349384" lon="-117.39100499887194">
    <ele>16.220000000000002</ele>
   </trkpt>
   <trkpt lat="33.212450000000004" lon="-117.39085000000001">
    <ele>15.96</ele>
   </trkpt>
   <trkpt lat="33.21162000030292" lon="-117.39064666280318">
    <ele>15.46</ele>
   </trkpt>
   <trkpt lat="33.21079000027516" lon="-117.3904433294631">
    <ele>14.010000000000002</ele>
   </trkpt>
   <trkpt lat="33.20996" lon="-117.39024">
    <ele>14.49</ele>
   </trkpt>
   <trkpt lat="33.20975" lon="-117.39020000000001">
    <ele>14.83</ele>
   </trkpt>
   <trkpt lat="33.209500000000006" lon="-117.39025000000001">
    <ele>14.950000000000001</ele>
   </trkpt>
   <trkpt lat="33.20899" lon="-117.39064">
    <ele>15.39</ele>
   </trkpt>
   <trkpt lat="33.208800000000004" lon="-117.39068">
    <ele>15.61</ele>
   </trkpt>
   <trkpt lat="33.20833500007488" lon="-117.39056499939453">
    <ele>16.200000000000003</ele>
   </trkpt>
   <trkpt lat="33.20787" lon="-117.39045000000002">
    <ele>15.4</ele>
   </trkpt>
   <trkpt lat="33.207240000000006" lon="-117.39025000000001">
    <ele>7.08</ele>
   </trkpt>
   <trkpt lat="33.207150000000006" lon="-117.39015">
    <ele>6.2</ele>
   </trkpt>
   <trkpt lat="33.20691" lon="-117.38972000000001">
    <ele>3.97</ele>
   </trkpt>
   <trkpt lat="33.20669" lon="-117.38939">
    <ele>3.17</ele>
   </trkpt>
   <trkpt lat="33.2066" lon="-117.38931000000001">
    <ele>3.17</ele>
   </trkpt>
   <trkpt lat="33.20649" lon="-117.38926000000001">
    <ele>3.0700000000000003</ele>
   </trkpt>
   <trkpt lat="33.205690000000004" lon="-117.38904000000001">
    <ele>3.17</ele>
   </trkpt>
   <trkpt lat="33.20505" lon="-117.38889">
    <ele>2.9200000000000004</ele>
   </trkpt>
   <trkpt lat="33.204890000000006" lon="-117.38894">
    <ele>2.9600000000000004</ele>
   </trkpt>
   <trkpt lat="33.204820000000005" lon="-117.38903">
    <ele>2.83</ele>
   </trkpt>
   <trkpt lat="33.20428667240475" lon="-117.3898800104205">
    <ele>5.55</ele>
   </trkpt>
   <trkpt lat="33.203753339031365" lon="-117.39073001048413">
    <ele>3.8000000000000003</ele>
   </trkpt>
   <trkpt lat="33.20322" lon="-117.39158">
    <ele>4.24</ele>
   </trkpt>
   <trkpt lat="33.20369666861814" lon="-117.39207666123596">
    <ele>4.410000000000001</ele>
   </trkpt>
   <trkpt lat="33.20417333526358" lon="-117.39257332788043">
    <ele>4.57</ele>
   </trkpt>
   <trkpt lat="33.20465" lon="-117.39307000000001">
    <ele>4.61</ele>
   </trkpt>
  </trkseg>
 </trk>
</gpx>
